Release Period,State,Measure ID,Bottom-box Percentage,Middle-box Percentage,Top-box Percentage,Measure,Type,State Name,Region,Start Date,End Date,Response Rate (%)
07_2015,AK,H_CLEAN_HSP,8,22,70,Cleanliness of Hospital Environment,Individual Item,Alaska,Pacific,2013-10-01,2014-09-30,25.125
07_2015,AK,H_COMP_1,9,17,74,Communication with Nurses,Composite Measure,Alaska,Pacific,2013-10-01,2014-09-30,25.125
07_2015,AK,H_COMP_2,10,15,75,Communication with Doctors,Composite Measure,Alaska,Pacific,2013-10-01,2014-09-30,25.125
07_2015,AK,H_COMP_3,11,21,68,Responsiveness of Hospital Staff,Composite Measure,Alaska,Pacific,2013-10-01,2014-09-30,25.125
07_2015,AK,H_COMP_5,19,17,64,Communication about Medicines,Composite Measure,Alaska,Pacific,2013-10-01,2014-09-30,25.125
07_2015,AK,H_COMP_6,15,0,85,Discharge Information,Composite Measure,Alaska,Pacific,2013-10-01,2014-09-30,25.125
07_2015,AK,H_COMP_7,8,43,49,Care Transition,Composite Measure,Alaska,Pacific,2013-10-01,2014-09-30,25.125
07_2015,AK,H_HSP_RATING,13,22,65,Overall Hospital Rating,Global Item,Alaska,Pacific,2013-10-01,2014-09-30,25.125
07_2015,AK,H_QUIET_HSP,8,34,58,Quietness of Hospital Environment,Individual Item,Alaska,Pacific,2013-10-01,2014-09-30,25.125
07_2015,AK,H_RECMND,7,23,70,Willingness to Recommend the Hospital,Global Item,Alaska,Pacific,2013-10-01,2014-09-30,25.125
07_2015,AL,H_CLEAN_HSP,10,18,72,Cleanliness of Hospital Environment,Individual Item,Alabama,East South Central,2013-10-01,2014-09-30,30.0
07_2015,AL,H_COMP_1,5,14,81,Communication with Nurses,Composite Measure,Alabama,East South Central,2013-10-01,2014-09-30,30.0
07_2015,AL,H_COMP_2,3,11,86,Communication with Doctors,Composite Measure,Alabama,East South Central,2013-10-01,2014-09-30,30.0
07_2015,AL,H_COMP_3,10,21,69,Responsiveness of Hospital Staff,Composite Measure,Alabama,East South Central,2013-10-01,2014-09-30,30.0
07_2015,AL,H_COMP_5,17,16,67,Communication about Medicines,Composite Measure,Alabama,East South Central,2013-10-01,2014-09-30,30.0
07_2015,AL,H_COMP_6,15,0,85,Discharge Information,Composite Measure,Alabama,East South Central,2013-10-01,2014-09-30,30.0
07_2015,AL,H_COMP_7,6,41,53,Care Transition,Composite Measure,Alabama,East South Central,2013-10-01,2014-09-30,30.0
07_2015,AL,H_HSP_RATING,7,20,73,Overall Hospital Rating,Global Item,Alabama,East South Central,2013-10-01,2014-09-30,30.0
07_2015,AL,H_QUIET_HSP,6,23,71,Quietness of Hospital Environment,Individual Item,Alabama,East South Central,2013-10-01,2014-09-30,30.0
07_2015,AL,H_RECMND,5,24,71,Willingness to Recommend the Hospital,Global Item,Alabama,East South Central,2013-10-01,2014-09-30,30.0
07_2015,AR,H_CLEAN_HSP,8,18,74,Cleanliness of Hospital Environment,Individual Item,Arkansas,West South Central,2013-10-01,2014-09-30,28.77777777777778
07_2015,AR,H_COMP_1,5,15,80,Communication with Nurses,Composite Measure,Arkansas,West South Central,2013-10-01,2014-09-30,28.77777777777778
07_2015,AR,H_COMP_2,4,12,84,Communication with Doctors,Composite Measure,Arkansas,West South Central,2013-10-01,2014-09-30,28.77777777777778
07_2015,AR,H_COMP_3,9,22,69,Responsiveness of Hospital Staff,Composite Measure,Arkansas,West South Central,2013-10-01,2014-09-30,28.77777777777778
07_2015,AR,H_COMP_5,18,17,65,Communication about Medicines,Composite Measure,Arkansas,West South Central,2013-10-01,2014-09-30,28.77777777777778
07_2015,AR,H_COMP_6,17,0,83,Discharge Information,Composite Measure,Arkansas,West South Central,2013-10-01,2014-09-30,28.77777777777778
07_2015,AR,H_COMP_7,6,44,50,Care Transition,Composite Measure,Arkansas,West South Central,2013-10-01,2014-09-30,28.77777777777778
07_2015,AR,H_HSP_RATING,8,22,70,Overall Hospital Rating,Global Item,Arkansas,West South Central,2013-10-01,2014-09-30,28.77777777777778
07_2015,AR,H_QUIET_HSP,7,26,67,Quietness of Hospital Environment,Individual Item,Arkansas,West South Central,2013-10-01,2014-09-30,28.77777777777778
07_2015,AR,H_RECMND,5,27,68,Willingness to Recommend the Hospital,Global Item,Arkansas,West South Central,2013-10-01,2014-09-30,28.77777777777778
07_2015,AZ,H_CLEAN_HSP,10,20,70,Cleanliness of Hospital Environment,Individual Item,Arizona,Mountain,2013-10-01,2014-09-30,31.642857142857142
07_2015,AZ,H_COMP_1,5,18,77,Communication with Nurses,Composite Measure,Arizona,Mountain,2013-10-01,2014-09-30,31.642857142857142
07_2015,AZ,H_COMP_2,5,17,78,Communication with Doctors,Composite Measure,Arizona,Mountain,2013-10-01,2014-09-30,31.642857142857142
07_2015,AZ,H_COMP_3,9,25,66,Responsiveness of Hospital Staff,Composite Measure,Arizona,Mountain,2013-10-01,2014-09-30,31.642857142857142
07_2015,AZ,H_COMP_5,18,18,64,Communication about Medicines,Composite Measure,Arizona,Mountain,2013-10-01,2014-09-30,31.642857142857142
07_2015,AZ,H_COMP_6,13,0,87,Discharge Information,Composite Measure,Arizona,Mountain,2013-10-01,2014-09-30,31.642857142857142
07_2015,AZ,H_COMP_7,6,44,50,Care Transition,Composite Measure,Arizona,Mountain,2013-10-01,2014-09-30,31.642857142857142
07_2015,AZ,H_HSP_RATING,8,22,70,Overall Hospital Rating,Global Item,Arizona,Mountain,2013-10-01,2014-09-30,31.642857142857142
07_2015,AZ,H_QUIET_HSP,11,31,58,Quietness of Hospital Environment,Individual Item,Arizona,Mountain,2013-10-01,2014-09-30,31.642857142857142
07_2015,AZ,H_RECMND,6,24,70,Willingness to Recommend the Hospital,Global Item,Arizona,Mountain,2013-10-01,2014-09-30,31.642857142857142
07_2015,CA,H_CLEAN_HSP,10,20,70,Cleanliness of Hospital Environment,Individual Item,California,Pacific,2013-10-01,2014-09-30,27.083870967741934
07_2015,CA,H_COMP_1,6,19,75,Communication with Nurses,Composite Measure,California,Pacific,2013-10-01,2014-09-30,27.083870967741934
07_2015,CA,H_COMP_2,6,16,78,Communication with Doctors,Composite Measure,California,Pacific,2013-10-01,2014-09-30,27.083870967741934
07_2015,CA,H_COMP_3,12,26,62,Responsiveness of Hospital Staff,Composite Measure,California,Pacific,2013-10-01,2014-09-30,27.083870967741934
07_2015,CA,H_COMP_5,20,18,62,Communication about Medicines,Composite Measure,California,Pacific,2013-10-01,2014-09-30,27.083870967741934
07_2015,CA,H_COMP_6,16,0,84,Discharge Information,Composite Measure,California,Pacific,2013-10-01,2014-09-30,27.083870967741934
07_2015,CA,H_COMP_7,7,44,49,Care Transition,Composite Measure,California,Pacific,2013-10-01,2014-09-30,27.083870967741934
07_2015,CA,H_HSP_RATING,9,23,68,Overall Hospital Rating,Global Item,California,Pacific,2013-10-01,2014-09-30,27.083870967741934
07_2015,CA,H_QUIET_HSP,16,32,52,Quietness of Hospital Environment,Individual Item,California,Pacific,2013-10-01,2014-09-30,27.083870967741934
07_2015,CA,H_RECMND,6,24,70,Willingness to Recommend the Hospital,Global Item,California,Pacific,2013-10-01,2014-09-30,27.083870967741934
07_2015,CO,H_CLEAN_HSP,7,18,75,Cleanliness of Hospital Environment,Individual Item,Colorado,Mountain,2013-10-01,2014-09-30,31.596774193548388
07_2015,CO,H_COMP_1,4,17,79,Communication with Nurses,Composite Measure,Colorado,Mountain,2013-10-01,2014-09-30,31.596774193548388
07_2015,CO,H_COMP_2,4,15,81,Communication with Doctors,Composite Measure,Colorado,Mountain,2013-10-01,2014-09-30,31.596774193548388
07_2015,CO,H_COMP_3,7,24,69,Responsiveness of Hospital Staff,Composite Measure,Colorado,Mountain,2013-10-01,2014-09-30,31.596774193548388
07_2015,CO,H_COMP_5,16,17,67,Communication about Medicines,Composite Measure,Colorado,Mountain,2013-10-01,2014-09-30,31.596774193548388
07_2015,CO,H_COMP_6,12,0,88,Discharge Information,Composite Measure,Colorado,Mountain,2013-10-01,2014-09-30,31.596774193548388
07_2015,CO,H_COMP_7,5,40,55,Care Transition,Composite Measure,Colorado,Mountain,2013-10-01,2014-09-30,31.596774193548388
07_2015,CO,H_HSP_RATING,6,20,74,Overall Hospital Rating,Global Item,Colorado,Mountain,2013-10-01,2014-09-30,31.596774193548388
07_2015,CO,H_QUIET_HSP,8,29,63,Quietness of Hospital Environment,Individual Item,Colorado,Mountain,2013-10-01,2014-09-30,31.596774193548388
07_2015,CO,H_RECMND,4,22,74,Willingness to Recommend the Hospital,Global Item,Colorado,Mountain,2013-10-01,2014-09-30,31.596774193548388
07_2015,CT,H_CLEAN_HSP,8,20,72,Cleanliness of Hospital Environment,Individual Item,Connecticut,New England,2013-10-01,2014-09-30,28.96551724137931
07_2015,CT,H_COMP_1,4,17,79,Communication with Nurses,Composite Measure,Connecticut,New England,2013-10-01,2014-09-30,28.96551724137931
07_2015,CT,H_COMP_2,5,15,80,Communication with Doctors,Composite Measure,Connecticut,New England,2013-10-01,2014-09-30,28.96551724137931
07_2015,CT,H_COMP_3,10,25,65,Responsiveness of Hospital Staff,Composite Measure,Connecticut,New England,2013-10-01,2014-09-30,28.96551724137931
07_2015,CT,H_COMP_5,19,18,63,Communication about Medicines,Composite Measure,Connecticut,New England,2013-10-01,2014-09-30,28.96551724137931
07_2015,CT,H_COMP_6,14,0,86,Discharge Information,Composite Measure,Connecticut,New England,2013-10-01,2014-09-30,28.96551724137931
07_2015,CT,H_COMP_7,5,45,50,Care Transition,Composite Measure,Connecticut,New England,2013-10-01,2014-09-30,28.96551724137931
07_2015,CT,H_HSP_RATING,8,24,68,Overall Hospital Rating,Global Item,Connecticut,New England,2013-10-01,2014-09-30,28.96551724137931
07_2015,CT,H_QUIET_HSP,15,33,52,Quietness of Hospital Environment,Individual Item,Connecticut,New England,2013-10-01,2014-09-30,28.96551724137931
07_2015,CT,H_RECMND,5,24,71,Willingness to Recommend the Hospital,Global Item,Connecticut,New England,2013-10-01,2014-09-30,28.96551724137931
07_2015,DC,H_CLEAN_HSP,16,21,63,Cleanliness of Hospital Environment,Individual Item,District of Columbia,South Atlantic,2013-10-01,2014-09-30,24.571428571428573
07_2015,DC,H_COMP_1,10,20,70,Communication with Nurses,Composite Measure,District of Columbia,South Atlantic,2013-10-01,2014-09-30,24.571428571428573
07_2015,DC,H_COMP_2,7,16,77,Communication with Doctors,Composite Measure,District of Columbia,South Atlantic,2013-10-01,2014-09-30,24.571428571428573
07_2015,DC,H_COMP_3,19,27,54,Responsiveness of Hospital Staff,Composite Measure,District of Columbia,South Atlantic,2013-10-01,2014-09-30,24.571428571428573
07_2015,DC,H_COMP_5,25,18,57,Communication about Medicines,Composite Measure,District of Columbia,South Atlantic,2013-10-01,2014-09-30,24.571428571428573
07_2015,DC,H_COMP_6,21,0,79,Discharge Information,Composite Measure,District of Columbia,South Atlantic,2013-10-01,2014-09-30,24.571428571428573
07_2015,DC,H_COMP_7,9,49,42,Care Transition,Composite Measure,District of Columbia,South Atlantic,2013-10-01,2014-09-30,24.571428571428573
07_2015,DC,H_HSP_RATING,14,28,58,Overall Hospital Rating,Global Item,District of Columbia,South Atlantic,2013-10-01,2014-09-30,24.571428571428573
07_2015,DC,H_QUIET_HSP,16,30,54,Quietness of Hospital Environment,Individual Item,District of Columbia,South Atlantic,2013-10-01,2014-09-30,24.571428571428573
07_2015,DC,H_RECMND,10,29,61,Willingness to Recommend the Hospital,Global Item,District of Columbia,South Atlantic,2013-10-01,2014-09-30,24.571428571428573
07_2015,DE,H_CLEAN_HSP,10,20,70,Cleanliness of Hospital Environment,Individual Item,Delaware,South Atlantic,2013-10-01,2014-09-30,26.333333333333332
07_2015,DE,H_COMP_1,4,17,79,Communication with Nurses,Composite Measure,Delaware,South Atlantic,2013-10-01,2014-09-30,26.333333333333332
07_2015,DE,H_COMP_2,5,17,78,Communication with Doctors,Composite Measure,Delaware,South Atlantic,2013-10-01,2014-09-30,26.333333333333332
07_2015,DE,H_COMP_3,9,24,67,Responsiveness of Hospital Staff,Composite Measure,Delaware,South Atlantic,2013-10-01,2014-09-30,26.333333333333332
07_2015,DE,H_COMP_5,20,17,63,Communication about Medicines,Composite Measure,Delaware,South Atlantic,2013-10-01,2014-09-30,26.333333333333332
07_2015,DE,H_COMP_6,14,0,86,Discharge Information,Composite Measure,Delaware,South Atlantic,2013-10-01,2014-09-30,26.333333333333332
07_2015,DE,H_COMP_7,5,45,50,Care Transition,Composite Measure,Delaware,South Atlantic,2013-10-01,2014-09-30,26.333333333333332
07_2015,DE,H_HSP_RATING,9,25,66,Overall Hospital Rating,Global Item,Delaware,South Atlantic,2013-10-01,2014-09-30,26.333333333333332
07_2015,DE,H_QUIET_HSP,14,32,54,Quietness of Hospital Environment,Individual Item,Delaware,South Atlantic,2013-10-01,2014-09-30,26.333333333333332
07_2015,DE,H_RECMND,5,28,67,Willingness to Recommend the Hospital,Global Item,Delaware,South Atlantic,2013-10-01,2014-09-30,26.333333333333332
07_2015,FL,H_CLEAN_HSP,11,19,70,Cleanliness of Hospital Environment,Individual Item,Florida,South Atlantic,2013-10-01,2014-09-30,28.190751445086704
07_2015,FL,H_COMP_1,6,18,76,Communication with Nurses,Composite Measure,Florida,South Atlantic,2013-10-01,2014-09-30,28.190751445086704
07_2015,FL,H_COMP_2,6,16,78,Communication with Doctors,Composite Measure,Florida,South Atlantic,2013-10-01,2014-09-30,28.190751445086704
07_2015,FL,H_COMP_3,12,26,62,Responsiveness of Hospital Staff,Composite Measure,Florida,South Atlantic,2013-10-01,2014-09-30,28.190751445086704
07_2015,FL,H_COMP_5,22,17,61,Communication about Medicines,Composite Measure,Florida,South Atlantic,2013-10-01,2014-09-30,28.190751445086704
07_2015,FL,H_COMP_6,16,0,84,Discharge Information,Composite Measure,Florida,South Atlantic,2013-10-01,2014-09-30,28.190751445086704
07_2015,FL,H_COMP_7,7,44,49,Care Transition,Composite Measure,Florida,South Atlantic,2013-10-01,2014-09-30,28.190751445086704
07_2015,FL,H_HSP_RATING,10,23,67,Overall Hospital Rating,Global Item,Florida,South Atlantic,2013-10-01,2014-09-30,28.190751445086704
07_2015,FL,H_QUIET_HSP,12,29,59,Quietness of Hospital Environment,Individual Item,Florida,South Atlantic,2013-10-01,2014-09-30,28.190751445086704
07_2015,FL,H_RECMND,7,24,69,Willingness to Recommend the Hospital,Global Item,Florida,South Atlantic,2013-10-01,2014-09-30,28.190751445086704
07_2015,GA,H_CLEAN_HSP,10,18,72,Cleanliness of Hospital Environment,Individual Item,Georgia,South Atlantic,2013-10-01,2014-09-30,25.423728813559322
07_2015,GA,H_COMP_1,5,16,79,Communication with Nurses,Composite Measure,Georgia,South Atlantic,2013-10-01,2014-09-30,25.423728813559322
07_2015,GA,H_COMP_2,4,13,83,Communication with Doctors,Composite Measure,Georgia,South Atlantic,2013-10-01,2014-09-30,25.423728813559322
07_2015,GA,H_COMP_3,11,23,66,Responsiveness of Hospital Staff,Composite Measure,Georgia,South Atlantic,2013-10-01,2014-09-30,25.423728813559322
07_2015,GA,H_COMP_5,20,16,64,Communication about Medicines,Composite Measure,Georgia,South Atlantic,2013-10-01,2014-09-30,25.423728813559322
07_2015,GA,H_COMP_6,16,0,84,Discharge Information,Composite Measure,Georgia,South Atlantic,2013-10-01,2014-09-30,25.423728813559322
07_2015,GA,H_COMP_7,6,44,50,Care Transition,Composite Measure,Georgia,South Atlantic,2013-10-01,2014-09-30,25.423728813559322
07_2015,GA,H_HSP_RATING,9,22,69,Overall Hospital Rating,Global Item,Georgia,South Atlantic,2013-10-01,2014-09-30,25.423728813559322
07_2015,GA,H_QUIET_HSP,7,26,67,Quietness of Hospital Environment,Individual Item,Georgia,South Atlantic,2013-10-01,2014-09-30,25.423728813559322
07_2015,GA,H_RECMND,6,25,69,Willingness to Recommend the Hospital,Global Item,Georgia,South Atlantic,2013-10-01,2014-09-30,25.423728813559322
07_2015,HI,H_CLEAN_HSP,6,19,75,Cleanliness of Hospital Environment,Individual Item,Hawaii,Pacific,2013-10-01,2014-09-30,29.692307692307693
07_2015,HI,H_COMP_1,4,17,79,Communication with Nurses,Composite Measure,Hawaii,Pacific,2013-10-01,2014-09-30,29.692307692307693
07_2015,HI,H_COMP_2,4,15,81,Communication with Doctors,Composite Measure,Hawaii,Pacific,2013-10-01,2014-09-30,29.692307692307693
07_2015,HI,H_COMP_3,9,23,68,Responsiveness of Hospital Staff,Composite Measure,Hawaii,Pacific,2013-10-01,2014-09-30,29.692307692307693
07_2015,HI,H_COMP_5,16,18,66,Communication about Medicines,Composite Measure,Hawaii,Pacific,2013-10-01,2014-09-30,29.692307692307693
07_2015,HI,H_COMP_6,15,0,85,Discharge Information,Composite Measure,Hawaii,Pacific,2013-10-01,2014-09-30,29.692307692307693
07_2015,HI,H_COMP_7,4,43,53,Care Transition,Composite Measure,Hawaii,Pacific,2013-10-01,2014-09-30,29.692307692307693
07_2015,HI,H_HSP_RATING,8,21,71,Overall Hospital Rating,Global Item,Hawaii,Pacific,2013-10-01,2014-09-30,29.692307692307693
07_2015,HI,H_QUIET_HSP,11,31,58,Quietness of Hospital Environment,Individual Item,Hawaii,Pacific,2013-10-01,2014-09-30,29.692307692307693
07_2015,HI,H_RECMND,4,24,72,Willingness to Recommend the Hospital,Global Item,Hawaii,Pacific,2013-10-01,2014-09-30,29.692307692307693
07_2015,IA,H_CLEAN_HSP,5,15,80,Cleanliness of Hospital Environment,Individual Item,Iowa,West North Central,2013-10-01,2014-09-30,37.31395348837209
07_2015,IA,H_COMP_1,2,16,82,Communication with Nurses,Composite Measure,Iowa,West North Central,2013-10-01,2014-09-30,37.31395348837209
07_2015,IA,H_COMP_2,3,13,84,Communication with Doctors,Composite Measure,Iowa,West North Central,2013-10-01,2014-09-30,37.31395348837209
07_2015,IA,H_COMP_3,5,24,71,Responsiveness of Hospital Staff,Composite Measure,Iowa,West North Central,2013-10-01,2014-09-30,37.31395348837209
07_2015,IA,H_COMP_5,14,19,67,Communication about Medicines,Composite Measure,Iowa,West North Central,2013-10-01,2014-09-30,37.31395348837209
07_2015,IA,H_COMP_6,12,0,88,Discharge Information,Composite Measure,Iowa,West North Central,2013-10-01,2014-09-30,37.31395348837209
07_2015,IA,H_COMP_7,3,41,56,Care Transition,Composite Measure,Iowa,West North Central,2013-10-01,2014-09-30,37.31395348837209
07_2015,IA,H_HSP_RATING,5,19,76,Overall Hospital Rating,Global Item,Iowa,West North Central,2013-10-01,2014-09-30,37.31395348837209
07_2015,IA,H_QUIET_HSP,6,29,65,Quietness of Hospital Environment,Individual Item,Iowa,West North Central,2013-10-01,2014-09-30,37.31395348837209
07_2015,IA,H_RECMND,3,22,75,Willingness to Recommend the Hospital,Global Item,Iowa,West North Central,2013-10-01,2014-09-30,37.31395348837209
07_2015,ID,H_CLEAN_HSP,6,15,79,Cleanliness of Hospital Environment,Individual Item,Idaho,Mountain,2013-10-01,2014-09-30,36.970588235294116
07_2015,ID,H_COMP_1,3,16,81,Communication with Nurses,Composite Measure,Idaho,Mountain,2013-10-01,2014-09-30,36.970588235294116
07_2015,ID,H_COMP_2,3,13,84,Communication with Doctors,Composite Measure,Idaho,Mountain,2013-10-01,2014-09-30,36.970588235294116
07_2015,ID,H_COMP_3,6,21,73,Responsiveness of Hospital Staff,Composite Measure,Idaho,Mountain,2013-10-01,2014-09-30,36.970588235294116
07_2015,ID,H_COMP_5,15,17,68,Communication about Medicines,Composite Measure,Idaho,Mountain,2013-10-01,2014-09-30,36.970588235294116
07_2015,ID,H_COMP_6,12,0,88,Discharge Information,Composite Measure,Idaho,Mountain,2013-10-01,2014-09-30,36.970588235294116
07_2015,ID,H_COMP_7,5,39,56,Care Transition,Composite Measure,Idaho,Mountain,2013-10-01,2014-09-30,36.970588235294116
07_2015,ID,H_HSP_RATING,6,20,74,Overall Hospital Rating,Global Item,Idaho,Mountain,2013-10-01,2014-09-30,36.970588235294116
07_2015,ID,H_QUIET_HSP,8,28,64,Quietness of Hospital Environment,Individual Item,Idaho,Mountain,2013-10-01,2014-09-30,36.970588235294116
07_2015,ID,H_RECMND,3,22,75,Willingness to Recommend the Hospital,Global Item,Idaho,Mountain,2013-10-01,2014-09-30,36.970588235294116
07_2015,IL,H_CLEAN_HSP,8,18,74,Cleanliness of Hospital Environment,Individual Item,Illinois,East North Central,2013-10-01,2014-09-30,30.167701863354036
07_2015,IL,H_COMP_1,4,16,80,Communication with Nurses,Composite Measure,Illinois,East North Central,2013-10-01,2014-09-30,30.167701863354036
07_2015,IL,H_COMP_2,4,14,82,Communication with Doctors,Composite Measure,Illinois,East North Central,2013-10-01,2014-09-30,30.167701863354036
07_2015,IL,H_COMP_3,9,23,68,Responsiveness of Hospital Staff,Composite Measure,Illinois,East North Central,2013-10-01,2014-09-30,30.167701863354036
07_2015,IL,H_COMP_5,18,18,64,Communication about Medicines,Composite Measure,Illinois,East North Central,2013-10-01,2014-09-30,30.167701863354036
07_2015,IL,H_COMP_6,14,0,86,Discharge Information,Composite Measure,Illinois,East North Central,2013-10-01,2014-09-30,30.167701863354036
07_2015,IL,H_COMP_7,5,43,52,Care Transition,Composite Measure,Illinois,East North Central,2013-10-01,2014-09-30,30.167701863354036
07_2015,IL,H_HSP_RATING,8,21,71,Overall Hospital Rating,Global Item,Illinois,East North Central,2013-10-01,2014-09-30,30.167701863354036
07_2015,IL,H_QUIET_HSP,9,30,61,Quietness of Hospital Environment,Individual Item,Illinois,East North Central,2013-10-01,2014-09-30,30.167701863354036
07_2015,IL,H_RECMND,5,25,70,Willingness to Recommend the Hospital,Global Item,Illinois,East North Central,2013-10-01,2014-09-30,30.167701863354036
07_2015,IN,H_CLEAN_HSP,7,17,76,Cleanliness of Hospital Environment,Individual Item,Indiana,East North Central,2013-10-01,2014-09-30,32.26890756302521
07_2015,IN,H_COMP_1,3,15,82,Communication with Nurses,Composite Measure,Indiana,East North Central,2013-10-01,2014-09-30,32.26890756302521
07_2015,IN,H_COMP_2,3,14,83,Communication with Doctors,Composite Measure,Indiana,East North Central,2013-10-01,2014-09-30,32.26890756302521
07_2015,IN,H_COMP_3,6,23,71,Responsiveness of Hospital Staff,Composite Measure,Indiana,East North Central,2013-10-01,2014-09-30,32.26890756302521
07_2015,IN,H_COMP_5,16,18,66,Communication about Medicines,Composite Measure,Indiana,East North Central,2013-10-01,2014-09-30,32.26890756302521
07_2015,IN,H_COMP_6,12,0,88,Discharge Information,Composite Measure,Indiana,East North Central,2013-10-01,2014-09-30,32.26890756302521
07_2015,IN,H_COMP_7,4,42,54,Care Transition,Composite Measure,Indiana,East North Central,2013-10-01,2014-09-30,32.26890756302521
07_2015,IN,H_HSP_RATING,6,19,75,Overall Hospital Rating,Global Item,Indiana,East North Central,2013-10-01,2014-09-30,32.26890756302521
07_2015,IN,H_QUIET_HSP,8,30,62,Quietness of Hospital Environment,Individual Item,Indiana,East North Central,2013-10-01,2014-09-30,32.26890756302521
07_2015,IN,H_RECMND,4,23,73,Willingness to Recommend the Hospital,Global Item,Indiana,East North Central,2013-10-01,2014-09-30,32.26890756302521
07_2015,KS,H_CLEAN_HSP,7,17,76,Cleanliness of Hospital Environment,Individual Item,Kansas,West North Central,2013-10-01,2014-09-30,36.12359550561798
07_2015,KS,H_COMP_1,3,16,81,Communication with Nurses,Composite Measure,Kansas,West North Central,2013-10-01,2014-09-30,36.12359550561798
07_2015,KS,H_COMP_2,3,11,86,Communication with Doctors,Composite Measure,Kansas,West North Central,2013-10-01,2014-09-30,36.12359550561798
07_2015,KS,H_COMP_3,6,22,72,Responsiveness of Hospital Staff,Composite Measure,Kansas,West North Central,2013-10-01,2014-09-30,36.12359550561798
07_2015,KS,H_COMP_5,15,17,68,Communication about Medicines,Composite Measure,Kansas,West North Central,2013-10-01,2014-09-30,36.12359550561798
07_2015,KS,H_COMP_6,13,0,87,Discharge Information,Composite Measure,Kansas,West North Central,2013-10-01,2014-09-30,36.12359550561798
07_2015,KS,H_COMP_7,4,40,56,Care Transition,Composite Measure,Kansas,West North Central,2013-10-01,2014-09-30,36.12359550561798
07_2015,KS,H_HSP_RATING,5,18,77,Overall Hospital Rating,Global Item,Kansas,West North Central,2013-10-01,2014-09-30,36.12359550561798
07_2015,KS,H_QUIET_HSP,6,27,67,Quietness of Hospital Environment,Individual Item,Kansas,West North Central,2013-10-01,2014-09-30,36.12359550561798
07_2015,KS,H_RECMND,3,21,76,Willingness to Recommend the Hospital,Global Item,Kansas,West North Central,2013-10-01,2014-09-30,36.12359550561798
07_2015,KY,H_CLEAN_HSP,8,16,76,Cleanliness of Hospital Environment,Individual Item,Kentucky,East South Central,2013-10-01,2014-09-30,29.693181818181817
07_2015,KY,H_COMP_1,4,15,81,Communication with Nurses,Composite Measure,Kentucky,East South Central,2013-10-01,2014-09-30,29.693181818181817
07_2015,KY,H_COMP_2,3,12,85,Communication with Doctors,Composite Measure,Kentucky,East South Central,2013-10-01,2014-09-30,29.693181818181817
07_2015,KY,H_COMP_3,8,23,69,Responsiveness of Hospital Staff,Composite Measure,Kentucky,East South Central,2013-10-01,2014-09-30,29.693181818181817
07_2015,KY,H_COMP_5,17,16,67,Communication about Medicines,Composite Measure,Kentucky,East South Central,2013-10-01,2014-09-30,29.693181818181817
07_2015,KY,H_COMP_6,13,0,87,Discharge Information,Composite Measure,Kentucky,East South Central,2013-10-01,2014-09-30,29.693181818181817
07_2015,KY,H_COMP_7,5,42,53,Care Transition,Composite Measure,Kentucky,East South Central,2013-10-01,2014-09-30,29.693181818181817
07_2015,KY,H_HSP_RATING,7,21,72,Overall Hospital Rating,Global Item,Kentucky,East South Central,2013-10-01,2014-09-30,29.693181818181817
07_2015,KY,H_QUIET_HSP,7,27,66,Quietness of Hospital Environment,Individual Item,Kentucky,East South Central,2013-10-01,2014-09-30,29.693181818181817
07_2015,KY,H_RECMND,5,24,71,Willingness to Recommend the Hospital,Global Item,Kentucky,East South Central,2013-10-01,2014-09-30,29.693181818181817
07_2015,LA,H_CLEAN_HSP,9,16,75,Cleanliness of Hospital Environment,Individual Item,Louisiana,West South Central,2013-10-01,2014-09-30,28.83653846153846
07_2015,LA,H_COMP_1,4,12,84,Communication with Nurses,Composite Measure,Louisiana,West South Central,2013-10-01,2014-09-30,28.83653846153846
07_2015,LA,H_COMP_2,3,10,87,Communication with Doctors,Composite Measure,Louisiana,West South Central,2013-10-01,2014-09-30,28.83653846153846
07_2015,LA,H_COMP_3,9,18,73,Responsiveness of Hospital Staff,Composite Measure,Louisiana,West South Central,2013-10-01,2014-09-30,28.83653846153846
07_2015,LA,H_COMP_5,16,15,69,Communication about Medicines,Composite Measure,Louisiana,West South Central,2013-10-01,2014-09-30,28.83653846153846
07_2015,LA,H_COMP_6,14,0,86,Discharge Information,Composite Measure,Louisiana,West South Central,2013-10-01,2014-09-30,28.83653846153846
07_2015,LA,H_COMP_7,5,37,58,Care Transition,Composite Measure,Louisiana,West South Central,2013-10-01,2014-09-30,28.83653846153846
07_2015,LA,H_HSP_RATING,6,18,76,Overall Hospital Rating,Global Item,Louisiana,West South Central,2013-10-01,2014-09-30,28.83653846153846
07_2015,LA,H_QUIET_HSP,6,21,73,Quietness of Hospital Environment,Individual Item,Louisiana,West South Central,2013-10-01,2014-09-30,28.83653846153846
07_2015,LA,H_RECMND,4,21,75,Willingness to Recommend the Hospital,Global Item,Louisiana,West South Central,2013-10-01,2014-09-30,28.83653846153846
07_2015,MA,H_CLEAN_HSP,8,19,73,Cleanliness of Hospital Environment,Individual Item,Massachusetts,New England,2013-10-01,2014-09-30,30.066666666666666
07_2015,MA,H_COMP_1,5,15,80,Communication with Nurses,Composite Measure,Massachusetts,New England,2013-10-01,2014-09-30,30.066666666666666
07_2015,MA,H_COMP_2,5,15,80,Communication with Doctors,Composite Measure,Massachusetts,New England,2013-10-01,2014-09-30,30.066666666666666
07_2015,MA,H_COMP_3,10,24,66,Responsiveness of Hospital Staff,Composite Measure,Massachusetts,New England,2013-10-01,2014-09-30,30.066666666666666
07_2015,MA,H_COMP_5,18,18,64,Communication about Medicines,Composite Measure,Massachusetts,New England,2013-10-01,2014-09-30,30.066666666666666
07_2015,MA,H_COMP_6,12,0,88,Discharge Information,Composite Measure,Massachusetts,New England,2013-10-01,2014-09-30,30.066666666666666
07_2015,MA,H_COMP_7,4,44,52,Care Transition,Composite Measure,Massachusetts,New England,2013-10-01,2014-09-30,30.066666666666666
07_2015,MA,H_HSP_RATING,8,22,70,Overall Hospital Rating,Global Item,Massachusetts,New England,2013-10-01,2014-09-30,30.066666666666666
07_2015,MA,H_QUIET_HSP,15,33,52,Quietness of Hospital Environment,Individual Item,Massachusetts,New England,2013-10-01,2014-09-30,30.066666666666666
07_2015,MA,H_RECMND,4,22,74,Willingness to Recommend the Hospital,Global Item,Massachusetts,New England,2013-10-01,2014-09-30,30.066666666666666
07_2015,MD,H_CLEAN_HSP,13,21,66,Cleanliness of Hospital Environment,Individual Item,Maryland,South Atlantic,2013-10-01,2014-09-30,28.34090909090909
07_2015,MD,H_COMP_1,6,18,76,Communication with Nurses,Composite Measure,Maryland,South Atlantic,2013-10-01,2014-09-30,28.34090909090909
07_2015,MD,H_COMP_2,5,17,78,Communication with Doctors,Composite Measure,Maryland,South Atlantic,2013-10-01,2014-09-30,28.34090909090909
07_2015,MD,H_COMP_3,13,27,60,Responsiveness of Hospital Staff,Composite Measure,Maryland,South Atlantic,2013-10-01,2014-09-30,28.34090909090909
07_2015,MD,H_COMP_5,22,18,60,Communication about Medicines,Composite Measure,Maryland,South Atlantic,2013-10-01,2014-09-30,28.34090909090909
07_2015,MD,H_COMP_6,14,0,86,Discharge Information,Composite Measure,Maryland,South Atlantic,2013-10-01,2014-09-30,28.34090909090909
07_2015,MD,H_COMP_7,7,45,48,Care Transition,Composite Measure,Maryland,South Atlantic,2013-10-01,2014-09-30,28.34090909090909
07_2015,MD,H_HSP_RATING,10,25,65,Overall Hospital Rating,Global Item,Maryland,South Atlantic,2013-10-01,2014-09-30,28.34090909090909
07_2015,MD,H_QUIET_HSP,12,31,57,Quietness of Hospital Environment,Individual Item,Maryland,South Atlantic,2013-10-01,2014-09-30,28.34090909090909
07_2015,MD,H_RECMND,6,27,67,Willingness to Recommend the Hospital,Global Item,Maryland,South Atlantic,2013-10-01,2014-09-30,28.34090909090909
07_2015,ME,H_CLEAN_HSP,5,14,81,Cleanliness of Hospital Environment,Individual Item,Maine,New England,2013-10-01,2014-09-30,29.939393939393938
07_2015,ME,H_COMP_1,3,14,83,Communication with Nurses,Composite Measure,Maine,New England,2013-10-01,2014-09-30,29.939393939393938
07_2015,ME,H_COMP_2,4,12,84,Communication with Doctors,Composite Measure,Maine,New England,2013-10-01,2014-09-30,29.939393939393938
07_2015,ME,H_COMP_3,6,22,72,Responsiveness of Hospital Staff,Composite Measure,Maine,New England,2013-10-01,2014-09-30,29.939393939393938
07_2015,ME,H_COMP_5,14,17,69,Communication about Medicines,Composite Measure,Maine,New England,2013-10-01,2014-09-30,29.939393939393938
07_2015,ME,H_COMP_6,11,0,89,Discharge Information,Composite Measure,Maine,New England,2013-10-01,2014-09-30,29.939393939393938
07_2015,ME,H_COMP_7,4,38,58,Care Transition,Composite Measure,Maine,New England,2013-10-01,2014-09-30,29.939393939393938
07_2015,ME,H_HSP_RATING,6,19,75,Overall Hospital Rating,Global Item,Maine,New England,2013-10-01,2014-09-30,29.939393939393938
07_2015,ME,H_QUIET_HSP,9,31,60,Quietness of Hospital Environment,Individual Item,Maine,New England,2013-10-01,2014-09-30,29.939393939393938
07_2015,ME,H_RECMND,4,20,76,Willingness to Recommend the Hospital,Global Item,Maine,New England,2013-10-01,2014-09-30,29.939393939393938
07_2015,MI,H_CLEAN_HSP,8,19,73,Cleanliness of Hospital Environment,Individual Item,Michigan,East North Central,2013-10-01,2014-09-30,34.396694214876035
07_2015,MI,H_COMP_1,4,16,80,Communication with Nurses,Composite Measure,Michigan,East North Central,2013-10-01,2014-09-30,34.396694214876035
07_2015,MI,H_COMP_2,4,15,81,Communication with Doctors,Composite Measure,Michigan,East North Central,2013-10-01,2014-09-30,34.396694214876035
07_2015,MI,H_COMP_3,7,23,70,Responsiveness of Hospital Staff,Composite Measure,Michigan,East North Central,2013-10-01,2014-09-30,34.396694214876035
07_2015,MI,H_COMP_5,18,18,64,Communication about Medicines,Composite Measure,Michigan,East North Central,2013-10-01,2014-09-30,34.396694214876035
07_2015,MI,H_COMP_6,12,0,88,Discharge Information,Composite Measure,Michigan,East North Central,2013-10-01,2014-09-30,34.396694214876035
07_2015,MI,H_COMP_7,5,43,52,Care Transition,Composite Measure,Michigan,East North Central,2013-10-01,2014-09-30,34.396694214876035
07_2015,MI,H_HSP_RATING,7,21,72,Overall Hospital Rating,Global Item,Michigan,East North Central,2013-10-01,2014-09-30,34.396694214876035
07_2015,MI,H_QUIET_HSP,9,31,60,Quietness of Hospital Environment,Individual Item,Michigan,East North Central,2013-10-01,2014-09-30,34.396694214876035
07_2015,MI,H_RECMND,5,24,71,Willingness to Recommend the Hospital,Global Item,Michigan,East North Central,2013-10-01,2014-09-30,34.396694214876035
07_2015,MN,H_CLEAN_HSP,5,17,78,Cleanliness of Hospital Environment,Individual Item,Minnesota,West North Central,2013-10-01,2014-09-30,36.68181818181818
07_2015,MN,H_COMP_1,2,17,81,Communication with Nurses,Composite Measure,Minnesota,West North Central,2013-10-01,2014-09-30,36.68181818181818
07_2015,MN,H_COMP_2,3,13,84,Communication with Doctors,Composite Measure,Minnesota,West North Central,2013-10-01,2014-09-30,36.68181818181818
07_2015,MN,H_COMP_3,5,22,73,Responsiveness of Hospital Staff,Composite Measure,Minnesota,West North Central,2013-10-01,2014-09-30,36.68181818181818
07_2015,MN,H_COMP_5,14,20,66,Communication about Medicines,Composite Measure,Minnesota,West North Central,2013-10-01,2014-09-30,36.68181818181818
07_2015,MN,H_COMP_6,12,0,88,Discharge Information,Composite Measure,Minnesota,West North Central,2013-10-01,2014-09-30,36.68181818181818
07_2015,MN,H_COMP_7,4,41,55,Care Transition,Composite Measure,Minnesota,West North Central,2013-10-01,2014-09-30,36.68181818181818
07_2015,MN,H_HSP_RATING,6,20,74,Overall Hospital Rating,Global Item,Minnesota,West North Central,2013-10-01,2014-09-30,36.68181818181818
07_2015,MN,H_QUIET_HSP,6,28,66,Quietness of Hospital Environment,Individual Item,Minnesota,West North Central,2013-10-01,2014-09-30,36.68181818181818
07_2015,MN,H_RECMND,3,23,74,Willingness to Recommend the Hospital,Global Item,Minnesota,West North Central,2013-10-01,2014-09-30,36.68181818181818
07_2015,MO,H_CLEAN_HSP,9,18,73,Cleanliness of Hospital Environment,Individual Item,Missouri,West North Central,2013-10-01,2014-09-30,32.54347826086956
07_2015,MO,H_COMP_1,4,17,79,Communication with Nurses,Composite Measure,Missouri,West North Central,2013-10-01,2014-09-30,32.54347826086956
07_2015,MO,H_COMP_2,4,14,82,Communication with Doctors,Composite Measure,Missouri,West North Central,2013-10-01,2014-09-30,32.54347826086956
07_2015,MO,H_COMP_3,8,25,67,Responsiveness of Hospital Staff,Composite Measure,Missouri,West North Central,2013-10-01,2014-09-30,32.54347826086956
07_2015,MO,H_COMP_5,17,18,65,Communication about Medicines,Composite Measure,Missouri,West North Central,2013-10-01,2014-09-30,32.54347826086956
07_2015,MO,H_COMP_6,13,0,87,Discharge Information,Composite Measure,Missouri,West North Central,2013-10-01,2014-09-30,32.54347826086956
07_2015,MO,H_COMP_7,5,42,53,Care Transition,Composite Measure,Missouri,West North Central,2013-10-01,2014-09-30,32.54347826086956
07_2015,MO,H_HSP_RATING,7,22,71,Overall Hospital Rating,Global Item,Missouri,West North Central,2013-10-01,2014-09-30,32.54347826086956
07_2015,MO,H_QUIET_HSP,8,30,62,Quietness of Hospital Environment,Individual Item,Missouri,West North Central,2013-10-01,2014-09-30,32.54347826086956
07_2015,MO,H_RECMND,5,24,71,Willingness to Recommend the Hospital,Global Item,Missouri,West North Central,2013-10-01,2014-09-30,32.54347826086956
07_2015,MS,H_CLEAN_HSP,9,17,74,Cleanliness of Hospital Environment,Individual Item,Mississippi,East South Central,2013-10-01,2014-09-30,25.7625
07_2015,MS,H_COMP_1,5,14,81,Communication with Nurses,Composite Measure,Mississippi,East South Central,2013-10-01,2014-09-30,25.7625
07_2015,MS,H_COMP_2,3,10,87,Communication with Doctors,Composite Measure,Mississippi,East South Central,2013-10-01,2014-09-30,25.7625
07_2015,MS,H_COMP_3,11,20,69,Responsiveness of Hospital Staff,Composite Measure,Mississippi,East South Central,2013-10-01,2014-09-30,25.7625
07_2015,MS,H_COMP_5,18,15,67,Communication about Medicines,Composite Measure,Mississippi,East South Central,2013-10-01,2014-09-30,25.7625
07_2015,MS,H_COMP_6,16,0,84,Discharge Information,Composite Measure,Mississippi,East South Central,2013-10-01,2014-09-30,25.7625
07_2015,MS,H_COMP_7,5,42,53,Care Transition,Composite Measure,Mississippi,East South Central,2013-10-01,2014-09-30,25.7625
07_2015,MS,H_HSP_RATING,8,20,72,Overall Hospital Rating,Global Item,Mississippi,East South Central,2013-10-01,2014-09-30,25.7625
07_2015,MS,H_QUIET_HSP,6,22,72,Quietness of Hospital Environment,Individual Item,Mississippi,East South Central,2013-10-01,2014-09-30,25.7625
07_2015,MS,H_RECMND,5,25,70,Willingness to Recommend the Hospital,Global Item,Mississippi,East South Central,2013-10-01,2014-09-30,25.7625
07_2015,MT,H_CLEAN_HSP,10,18,72,Cleanliness of Hospital Environment,Individual Item,Montana,Mountain,2013-10-01,2014-09-30,34.05
07_2015,MT,H_COMP_1,3,18,79,Communication with Nurses,Composite Measure,Montana,Mountain,2013-10-01,2014-09-30,34.05
07_2015,MT,H_COMP_2,4,13,83,Communication with Doctors,Composite Measure,Montana,Mountain,2013-10-01,2014-09-30,34.05
07_2015,MT,H_COMP_3,7,24,69,Responsiveness of Hospital Staff,Composite Measure,Montana,Mountain,2013-10-01,2014-09-30,34.05
07_2015,MT,H_COMP_5,18,17,65,Communication about Medicines,Composite Measure,Montana,Mountain,2013-10-01,2014-09-30,34.05
07_2015,MT,H_COMP_6,17,0,83,Discharge Information,Composite Measure,Montana,Mountain,2013-10-01,2014-09-30,34.05
07_2015,MT,H_COMP_7,5,44,51,Care Transition,Composite Measure,Montana,Mountain,2013-10-01,2014-09-30,34.05
07_2015,MT,H_HSP_RATING,8,24,68,Overall Hospital Rating,Global Item,Montana,Mountain,2013-10-01,2014-09-30,34.05
07_2015,MT,H_QUIET_HSP,8,30,62,Quietness of Hospital Environment,Individual Item,Montana,Mountain,2013-10-01,2014-09-30,34.05
07_2015,MT,H_RECMND,4,27,69,Willingness to Recommend the Hospital,Global Item,Montana,Mountain,2013-10-01,2014-09-30,34.05
07_2015,NC,H_CLEAN_HSP,9,19,72,Cleanliness of Hospital Environment,Individual Item,North Carolina,South Atlantic,2013-10-01,2014-09-30,28.670103092783506
07_2015,NC,H_COMP_1,4,16,80,Communication with Nurses,Composite Measure,North Carolina,South Atlantic,2013-10-01,2014-09-30,28.670103092783506
07_2015,NC,H_COMP_2,4,13,83,Communication with Doctors,Composite Measure,North Carolina,South Atlantic,2013-10-01,2014-09-30,28.670103092783506
07_2015,NC,H_COMP_3,9,23,68,Responsiveness of Hospital Staff,Composite Measure,North Carolina,South Atlantic,2013-10-01,2014-09-30,28.670103092783506
07_2015,NC,H_COMP_5,18,16,66,Communication about Medicines,Composite Measure,North Carolina,South Atlantic,2013-10-01,2014-09-30,28.670103092783506
07_2015,NC,H_COMP_6,14,0,86,Discharge Information,Composite Measure,North Carolina,South Atlantic,2013-10-01,2014-09-30,28.670103092783506
07_2015,NC,H_COMP_7,5,43,52,Care Transition,Composite Measure,North Carolina,South Atlantic,2013-10-01,2014-09-30,28.670103092783506
07_2015,NC,H_HSP_RATING,8,22,70,Overall Hospital Rating,Global Item,North Carolina,South Atlantic,2013-10-01,2014-09-30,28.670103092783506
07_2015,NC,H_QUIET_HSP,9,29,62,Quietness of Hospital Environment,Individual Item,North Carolina,South Atlantic,2013-10-01,2014-09-30,28.670103092783506
07_2015,NC,H_RECMND,5,25,70,Willingness to Recommend the Hospital,Global Item,North Carolina,South Atlantic,2013-10-01,2014-09-30,28.670103092783506
07_2015,ND,H_CLEAN_HSP,8,19,73,Cleanliness of Hospital Environment,Individual Item,North Dakota,West North Central,2013-10-01,2014-09-30,36.029411764705884
07_2015,ND,H_COMP_1,4,18,78,Communication with Nurses,Composite Measure,North Dakota,West North Central,2013-10-01,2014-09-30,36.029411764705884
07_2015,ND,H_COMP_2,4,15,81,Communication with Doctors,Composite Measure,North Dakota,West North Central,2013-10-01,2014-09-30,36.029411764705884
07_2015,ND,H_COMP_3,7,24,69,Responsiveness of Hospital Staff,Composite Measure,North Dakota,West North Central,2013-10-01,2014-09-30,36.029411764705884
07_2015,ND,H_COMP_5,18,19,63,Communication about Medicines,Composite Measure,North Dakota,West North Central,2013-10-01,2014-09-30,36.029411764705884
07_2015,ND,H_COMP_6,18,0,82,Discharge Information,Composite Measure,North Dakota,West North Central,2013-10-01,2014-09-30,36.029411764705884
07_2015,ND,H_COMP_7,5,46,49,Care Transition,Composite Measure,North Dakota,West North Central,2013-10-01,2014-09-30,36.029411764705884
07_2015,ND,H_HSP_RATING,9,24,67,Overall Hospital Rating,Global Item,North Dakota,West North Central,2013-10-01,2014-09-30,36.029411764705884
07_2015,ND,H_QUIET_HSP,8,30,62,Quietness of Hospital Environment,Individual Item,North Dakota,West North Central,2013-10-01,2014-09-30,36.029411764705884
07_2015,ND,H_RECMND,5,26,69,Willingness to Recommend the Hospital,Global Item,North Dakota,West North Central,2013-10-01,2014-09-30,36.029411764705884
07_2015,NE,H_CLEAN_HSP,5,15,80,Cleanliness of Hospital Environment,Individual Item,Nebraska,West North Central,2013-10-01,2014-09-30,37.379746835443036
07_2015,NE,H_COMP_1,3,14,83,Communication with Nurses,Composite Measure,Nebraska,West North Central,2013-10-01,2014-09-30,37.379746835443036
07_2015,NE,H_COMP_2,2,13,85,Communication with Doctors,Composite Measure,Nebraska,West North Central,2013-10-01,2014-09-30,37.379746835443036
07_2015,NE,H_COMP_3,5,20,75,Responsiveness of Hospital Staff,Composite Measure,Nebraska,West North Central,2013-10-01,2014-09-30,37.379746835443036
07_2015,NE,H_COMP_5,14,20,66,Communication about Medicines,Composite Measure,Nebraska,West North Central,2013-10-01,2014-09-30,37.379746835443036
07_2015,NE,H_COMP_6,12,0,88,Discharge Information,Composite Measure,Nebraska,West North Central,2013-10-01,2014-09-30,37.379746835443036
07_2015,NE,H_COMP_7,4,39,57,Care Transition,Composite Measure,Nebraska,West North Central,2013-10-01,2014-09-30,37.379746835443036
07_2015,NE,H_HSP_RATING,5,19,76,Overall Hospital Rating,Global Item,Nebraska,West North Central,2013-10-01,2014-09-30,37.379746835443036
07_2015,NE,H_QUIET_HSP,5,29,66,Quietness of Hospital Environment,Individual Item,Nebraska,West North Central,2013-10-01,2014-09-30,37.379746835443036
07_2015,NE,H_RECMND,3,21,76,Willingness to Recommend the Hospital,Global Item,Nebraska,West North Central,2013-10-01,2014-09-30,37.379746835443036
07_2015,NH,H_CLEAN_HSP,6,17,77,Cleanliness of Hospital Environment,Individual Item,New Hampshire,New England,2013-10-01,2014-09-30,31.583333333333332
07_2015,NH,H_COMP_1,3,16,81,Communication with Nurses,Composite Measure,New Hampshire,New England,2013-10-01,2014-09-30,31.583333333333332
07_2015,NH,H_COMP_2,4,14,82,Communication with Doctors,Composite Measure,New Hampshire,New England,2013-10-01,2014-09-30,31.583333333333332
07_2015,NH,H_COMP_3,7,22,71,Responsiveness of Hospital Staff,Composite Measure,New Hampshire,New England,2013-10-01,2014-09-30,31.583333333333332
07_2015,NH,H_COMP_5,15,17,68,Communication about Medicines,Composite Measure,New Hampshire,New England,2013-10-01,2014-09-30,31.583333333333332
07_2015,NH,H_COMP_6,11,0,89,Discharge Information,Composite Measure,New Hampshire,New England,2013-10-01,2014-09-30,31.583333333333332
07_2015,NH,H_COMP_7,4,42,54,Care Transition,Composite Measure,New Hampshire,New England,2013-10-01,2014-09-30,31.583333333333332
07_2015,NH,H_HSP_RATING,6,21,73,Overall Hospital Rating,Global Item,New Hampshire,New England,2013-10-01,2014-09-30,31.583333333333332
07_2015,NH,H_QUIET_HSP,10,33,57,Quietness of Hospital Environment,Individual Item,New Hampshire,New England,2013-10-01,2014-09-30,31.583333333333332
07_2015,NH,H_RECMND,4,21,75,Willingness to Recommend the Hospital,Global Item,New Hampshire,New England,2013-10-01,2014-09-30,31.583333333333332
07_2015,NJ,H_CLEAN_HSP,10,21,69,Cleanliness of Hospital Environment,Individual Item,New Jersey,Mid-Atlantic,2013-10-01,2014-09-30,25.484375
07_2015,NJ,H_COMP_1,6,17,77,Communication with Nurses,Composite Measure,New Jersey,Mid-Atlantic,2013-10-01,2014-09-30,25.484375
07_2015,NJ,H_COMP_2,6,16,78,Communication with Doctors,Composite Measure,New Jersey,Mid-Atlantic,2013-10-01,2014-09-30,25.484375
07_2015,NJ,H_COMP_3,13,25,62,Responsiveness of Hospital Staff,Composite Measure,New Jersey,Mid-Atlantic,2013-10-01,2014-09-30,25.484375
07_2015,NJ,H_COMP_5,22,18,60,Communication about Medicines,Composite Measure,New Jersey,Mid-Atlantic,2013-10-01,2014-09-30,25.484375
07_2015,NJ,H_COMP_6,17,0,83,Discharge Information,Composite Measure,New Jersey,Mid-Atlantic,2013-10-01,2014-09-30,25.484375
07_2015,NJ,H_COMP_7,7,46,47,Care Transition,Composite Measure,New Jersey,Mid-Atlantic,2013-10-01,2014-09-30,25.484375
07_2015,NJ,H_HSP_RATING,10,25,65,Overall Hospital Rating,Global Item,New Jersey,Mid-Atlantic,2013-10-01,2014-09-30,25.484375
07_2015,NJ,H_QUIET_HSP,15,32,53,Quietness of Hospital Environment,Individual Item,New Jersey,Mid-Atlantic,2013-10-01,2014-09-30,25.484375
07_2015,NJ,H_RECMND,7,26,67,Willingness to Recommend the Hospital,Global Item,New Jersey,Mid-Atlantic,2013-10-01,2014-09-30,25.484375
07_2015,NM,H_CLEAN_HSP,10,19,71,Cleanliness of Hospital Environment,Individual Item,New Mexico,Mountain,2013-10-01,2014-09-30,25.9
07_2015,NM,H_COMP_1,6,18,76,Communication with Nurses,Composite Measure,New Mexico,Mountain,2013-10-01,2014-09-30,25.9
07_2015,NM,H_COMP_2,5,15,80,Communication with Doctors,Composite Measure,New Mexico,Mountain,2013-10-01,2014-09-30,25.9
07_2015,NM,H_COMP_3,10,24,66,Responsiveness of Hospital Staff,Composite Measure,New Mexico,Mountain,2013-10-01,2014-09-30,25.9
07_2015,NM,H_COMP_5,18,18,64,Communication about Medicines,Composite Measure,New Mexico,Mountain,2013-10-01,2014-09-30,25.9
07_2015,NM,H_COMP_6,17,0,83,Discharge Information,Composite Measure,New Mexico,Mountain,2013-10-01,2014-09-30,25.9
07_2015,NM,H_COMP_7,7,45,48,Care Transition,Composite Measure,New Mexico,Mountain,2013-10-01,2014-09-30,25.9
07_2015,NM,H_HSP_RATING,11,24,65,Overall Hospital Rating,Global Item,New Mexico,Mountain,2013-10-01,2014-09-30,25.9
07_2015,NM,H_QUIET_HSP,10,28,62,Quietness of Hospital Environment,Individual Item,New Mexico,Mountain,2013-10-01,2014-09-30,25.9
07_2015,NM,H_RECMND,7,31,62,Willingness to Recommend the Hospital,Global Item,New Mexico,Mountain,2013-10-01,2014-09-30,25.9
07_2015,NV,H_CLEAN_HSP,10,21,69,Cleanliness of Hospital Environment,Individual Item,Nevada,Mountain,2013-10-01,2014-09-30,29.0
07_2015,NV,H_COMP_1,6,22,72,Communication with Nurses,Composite Measure,Nevada,Mountain,2013-10-01,2014-09-30,29.0
07_2015,NV,H_COMP_2,7,19,74,Communication with Doctors,Composite Measure,Nevada,Mountain,2013-10-01,2014-09-30,29.0
07_2015,NV,H_COMP_3,12,28,60,Responsiveness of Hospital Staff,Composite Measure,Nevada,Mountain,2013-10-01,2014-09-30,29.0
07_2015,NV,H_COMP_5,22,19,59,Communication about Medicines,Composite Measure,Nevada,Mountain,2013-10-01,2014-09-30,29.0
07_2015,NV,H_COMP_6,16,0,84,Discharge Information,Composite Measure,Nevada,Mountain,2013-10-01,2014-09-30,29.0
07_2015,NV,H_COMP_7,7,46,47,Care Transition,Composite Measure,Nevada,Mountain,2013-10-01,2014-09-30,29.0
07_2015,NV,H_HSP_RATING,11,24,65,Overall Hospital Rating,Global Item,Nevada,Mountain,2013-10-01,2014-09-30,29.0
07_2015,NV,H_QUIET_HSP,13,33,54,Quietness of Hospital Environment,Individual Item,Nevada,Mountain,2013-10-01,2014-09-30,29.0
07_2015,NV,H_RECMND,7,27,66,Willingness to Recommend the Hospital,Global Item,Nevada,Mountain,2013-10-01,2014-09-30,29.0
07_2015,NY,H_CLEAN_HSP,9,21,70,Cleanliness of Hospital Environment,Individual Item,New York,Mid-Atlantic,2013-10-01,2014-09-30,27.79268292682927
07_2015,NY,H_COMP_1,6,18,76,Communication with Nurses,Composite Measure,New York,Mid-Atlantic,2013-10-01,2014-09-30,27.79268292682927
07_2015,NY,H_COMP_2,6,16,78,Communication with Doctors,Composite Measure,New York,Mid-Atlantic,2013-10-01,2014-09-30,27.79268292682927
07_2015,NY,H_COMP_3,13,26,61,Responsiveness of Hospital Staff,Composite Measure,New York,Mid-Atlantic,2013-10-01,2014-09-30,27.79268292682927
07_2015,NY,H_COMP_5,21,18,61,Communication about Medicines,Composite Measure,New York,Mid-Atlantic,2013-10-01,2014-09-30,27.79268292682927
07_2015,NY,H_COMP_6,16,0,84,Discharge Information,Composite Measure,New York,Mid-Atlantic,2013-10-01,2014-09-30,27.79268292682927
07_2015,NY,H_COMP_7,6,47,47,Care Transition,Composite Measure,New York,Mid-Atlantic,2013-10-01,2014-09-30,27.79268292682927
07_2015,NY,H_HSP_RATING,11,25,64,Overall Hospital Rating,Global Item,New York,Mid-Atlantic,2013-10-01,2014-09-30,27.79268292682927
07_2015,NY,H_QUIET_HSP,15,33,52,Quietness of Hospital Environment,Individual Item,New York,Mid-Atlantic,2013-10-01,2014-09-30,27.79268292682927
07_2015,NY,H_RECMND,7,27,66,Willingness to Recommend the Hospital,Global Item,New York,Mid-Atlantic,2013-10-01,2014-09-30,27.79268292682927
07_2015,OH,H_CLEAN_HSP,7,18,75,Cleanliness of Hospital Environment,Individual Item,Ohio,East North Central,2013-10-01,2014-09-30,32.732919254658384
07_2015,OH,H_COMP_1,3,16,81,Communication with Nurses,Composite Measure,Ohio,East North Central,2013-10-01,2014-09-30,32.732919254658384
07_2015,OH,H_COMP_2,4,15,81,Communication with Doctors,Composite Measure,Ohio,East North Central,2013-10-01,2014-09-30,32.732919254658384
07_2015,OH,H_COMP_3,7,22,71,Responsiveness of Hospital Staff,Composite Measure,Ohio,East North Central,2013-10-01,2014-09-30,32.732919254658384
07_2015,OH,H_COMP_5,17,18,65,Communication about Medicines,Composite Measure,Ohio,East North Central,2013-10-01,2014-09-30,32.732919254658384
07_2015,OH,H_COMP_6,12,0,88,Discharge Information,Composite Measure,Ohio,East North Central,2013-10-01,2014-09-30,32.732919254658384
07_2015,OH,H_COMP_7,4,43,53,Care Transition,Composite Measure,Ohio,East North Central,2013-10-01,2014-09-30,32.732919254658384
07_2015,OH,H_HSP_RATING,7,20,73,Overall Hospital Rating,Global Item,Ohio,East North Central,2013-10-01,2014-09-30,32.732919254658384
07_2015,OH,H_QUIET_HSP,9,31,60,Quietness of Hospital Environment,Individual Item,Ohio,East North Central,2013-10-01,2014-09-30,32.732919254658384
07_2015,OH,H_RECMND,4,24,72,Willingness to Recommend the Hospital,Global Item,Ohio,East North Central,2013-10-01,2014-09-30,32.732919254658384
07_2015,OK,H_CLEAN_HSP,8,17,75,Cleanliness of Hospital Environment,Individual Item,Oklahoma,West South Central,2013-10-01,2014-09-30,29.176470588235293
07_2015,OK,H_COMP_1,4,16,80,Communication with Nurses,Composite Measure,Oklahoma,West South Central,2013-10-01,2014-09-30,29.176470588235293
07_2015,OK,H_COMP_2,4,12,84,Communication with Doctors,Composite Measure,Oklahoma,West South Central,2013-10-01,2014-09-30,29.176470588235293
07_2015,OK,H_COMP_3,8,20,72,Responsiveness of Hospital Staff,Composite Measure,Oklahoma,West South Central,2013-10-01,2014-09-30,29.176470588235293
07_2015,OK,H_COMP_5,17,17,66,Communication about Medicines,Composite Measure,Oklahoma,West South Central,2013-10-01,2014-09-30,29.176470588235293
07_2015,OK,H_COMP_6,14,0,86,Discharge Information,Composite Measure,Oklahoma,West South Central,2013-10-01,2014-09-30,29.176470588235293
07_2015,OK,H_COMP_7,5,42,53,Care Transition,Composite Measure,Oklahoma,West South Central,2013-10-01,2014-09-30,29.176470588235293
07_2015,OK,H_HSP_RATING,7,21,72,Overall Hospital Rating,Global Item,Oklahoma,West South Central,2013-10-01,2014-09-30,29.176470588235293
07_2015,OK,H_QUIET_HSP,6,26,68,Quietness of Hospital Environment,Individual Item,Oklahoma,West South Central,2013-10-01,2014-09-30,29.176470588235293
07_2015,OK,H_RECMND,5,25,70,Willingness to Recommend the Hospital,Global Item,Oklahoma,West South Central,2013-10-01,2014-09-30,29.176470588235293
07_2015,OR,H_CLEAN_HSP,7,18,75,Cleanliness of Hospital Environment,Individual Item,Oregon,Pacific,2013-10-01,2014-09-30,31.660714285714285
07_2015,OR,H_COMP_1,3,18,79,Communication with Nurses,Composite Measure,Oregon,Pacific,2013-10-01,2014-09-30,31.660714285714285
07_2015,OR,H_COMP_2,4,15,81,Communication with Doctors,Composite Measure,Oregon,Pacific,2013-10-01,2014-09-30,31.660714285714285
07_2015,OR,H_COMP_3,7,26,67,Responsiveness of Hospital Staff,Composite Measure,Oregon,Pacific,2013-10-01,2014-09-30,31.660714285714285
07_2015,OR,H_COMP_5,17,18,65,Communication about Medicines,Composite Measure,Oregon,Pacific,2013-10-01,2014-09-30,31.660714285714285
07_2015,OR,H_COMP_6,13,0,87,Discharge Information,Composite Measure,Oregon,Pacific,2013-10-01,2014-09-30,31.660714285714285
07_2015,OR,H_COMP_7,5,43,52,Care Transition,Composite Measure,Oregon,Pacific,2013-10-01,2014-09-30,31.660714285714285
07_2015,OR,H_HSP_RATING,7,22,71,Overall Hospital Rating,Global Item,Oregon,Pacific,2013-10-01,2014-09-30,31.660714285714285
07_2015,OR,H_QUIET_HSP,10,34,56,Quietness of Hospital Environment,Individual Item,Oregon,Pacific,2013-10-01,2014-09-30,31.660714285714285
07_2015,OR,H_RECMND,4,24,72,Willingness to Recommend the Hospital,Global Item,Oregon,Pacific,2013-10-01,2014-09-30,31.660714285714285
07_2015,PA,H_CLEAN_HSP,8,18,74,Cleanliness of Hospital Environment,Individual Item,Pennsylvania,Mid-Atlantic,2013-10-01,2014-09-30,36.327044025157235
07_2015,PA,H_COMP_1,4,16,80,Communication with Nurses,Composite Measure,Pennsylvania,Mid-Atlantic,2013-10-01,2014-09-30,36.327044025157235
07_2015,PA,H_COMP_2,4,16,80,Communication with Doctors,Composite Measure,Pennsylvania,Mid-Atlantic,2013-10-01,2014-09-30,36.327044025157235
07_2015,PA,H_COMP_3,8,24,68,Responsiveness of Hospital Staff,Composite Measure,Pennsylvania,Mid-Atlantic,2013-10-01,2014-09-30,36.327044025157235
07_2015,PA,H_COMP_5,19,17,64,Communication about Medicines,Composite Measure,Pennsylvania,Mid-Atlantic,2013-10-01,2014-09-30,36.327044025157235
07_2015,PA,H_COMP_6,13,0,87,Discharge Information,Composite Measure,Pennsylvania,Mid-Atlantic,2013-10-01,2014-09-30,36.327044025157235
07_2015,PA,H_COMP_7,5,44,51,Care Transition,Composite Measure,Pennsylvania,Mid-Atlantic,2013-10-01,2014-09-30,36.327044025157235
07_2015,PA,H_HSP_RATING,8,22,70,Overall Hospital Rating,Global Item,Pennsylvania,Mid-Atlantic,2013-10-01,2014-09-30,36.327044025157235
07_2015,PA,H_QUIET_HSP,12,32,56,Quietness of Hospital Environment,Individual Item,Pennsylvania,Mid-Atlantic,2013-10-01,2014-09-30,36.327044025157235
07_2015,PA,H_RECMND,5,25,70,Willingness to Recommend the Hospital,Global Item,Pennsylvania,Mid-Atlantic,2013-10-01,2014-09-30,36.327044025157235
07_2015,RI,H_CLEAN_HSP,8,18,74,Cleanliness of Hospital Environment,Individual Item,Rhode Island,New England,2013-10-01,2014-09-30,31.454545454545453
07_2015,RI,H_COMP_1,5,15,80,Communication with Nurses,Composite Measure,Rhode Island,New England,2013-10-01,2014-09-30,31.454545454545453
07_2015,RI,H_COMP_2,5,15,80,Communication with Doctors,Composite Measure,Rhode Island,New England,2013-10-01,2014-09-30,31.454545454545453
07_2015,RI,H_COMP_3,10,24,66,Responsiveness of Hospital Staff,Composite Measure,Rhode Island,New England,2013-10-01,2014-09-30,31.454545454545453
07_2015,RI,H_COMP_5,20,17,63,Communication about Medicines,Composite Measure,Rhode Island,New England,2013-10-01,2014-09-30,31.454545454545453
07_2015,RI,H_COMP_6,13,0,87,Discharge Information,Composite Measure,Rhode Island,New England,2013-10-01,2014-09-30,31.454545454545453
07_2015,RI,H_COMP_7,5,44,51,Care Transition,Composite Measure,Rhode Island,New England,2013-10-01,2014-09-30,31.454545454545453
07_2015,RI,H_HSP_RATING,8,22,70,Overall Hospital Rating,Global Item,Rhode Island,New England,2013-10-01,2014-09-30,31.454545454545453
07_2015,RI,H_QUIET_HSP,14,32,54,Quietness of Hospital Environment,Individual Item,Rhode Island,New England,2013-10-01,2014-09-30,31.454545454545453
07_2015,RI,H_RECMND,5,23,72,Willingness to Recommend the Hospital,Global Item,Rhode Island,New England,2013-10-01,2014-09-30,31.454545454545453
07_2015,SC,H_CLEAN_HSP,10,18,72,Cleanliness of Hospital Environment,Individual Item,South Carolina,South Atlantic,2013-10-01,2014-09-30,28.70689655172414
07_2015,SC,H_COMP_1,5,14,81,Communication with Nurses,Composite Measure,South Carolina,South Atlantic,2013-10-01,2014-09-30,28.70689655172414
07_2015,SC,H_COMP_2,4,12,84,Communication with Doctors,Composite Measure,South Carolina,South Atlantic,2013-10-01,2014-09-30,28.70689655172414
07_2015,SC,H_COMP_3,10,22,68,Responsiveness of Hospital Staff,Composite Measure,South Carolina,South Atlantic,2013-10-01,2014-09-30,28.70689655172414
07_2015,SC,H_COMP_5,18,16,66,Communication about Medicines,Composite Measure,South Carolina,South Atlantic,2013-10-01,2014-09-30,28.70689655172414
07_2015,SC,H_COMP_6,14,0,86,Discharge Information,Composite Measure,South Carolina,South Atlantic,2013-10-01,2014-09-30,28.70689655172414
07_2015,SC,H_COMP_7,6,42,52,Care Transition,Composite Measure,South Carolina,South Atlantic,2013-10-01,2014-09-30,28.70689655172414
07_2015,SC,H_HSP_RATING,8,21,71,Overall Hospital Rating,Global Item,South Carolina,South Atlantic,2013-10-01,2014-09-30,28.70689655172414
07_2015,SC,H_QUIET_HSP,7,25,68,Quietness of Hospital Environment,Individual Item,South Carolina,South Atlantic,2013-10-01,2014-09-30,28.70689655172414
07_2015,SC,H_RECMND,5,25,70,Willingness to Recommend the Hospital,Global Item,South Carolina,South Atlantic,2013-10-01,2014-09-30,28.70689655172414
07_2015,SD,H_CLEAN_HSP,6,18,76,Cleanliness of Hospital Environment,Individual Item,South Dakota,West North Central,2013-10-01,2014-09-30,33.73913043478261
07_2015,SD,H_COMP_1,3,15,82,Communication with Nurses,Composite Measure,South Dakota,West North Central,2013-10-01,2014-09-30,33.73913043478261
07_2015,SD,H_COMP_2,3,13,84,Communication with Doctors,Composite Measure,South Dakota,West North Central,2013-10-01,2014-09-30,33.73913043478261
07_2015,SD,H_COMP_3,5,21,74,Responsiveness of Hospital Staff,Composite Measure,South Dakota,West North Central,2013-10-01,2014-09-30,33.73913043478261
07_2015,SD,H_COMP_5,13,18,69,Communication about Medicines,Composite Measure,South Dakota,West North Central,2013-10-01,2014-09-30,33.73913043478261
07_2015,SD,H_COMP_6,12,0,88,Discharge Information,Composite Measure,South Dakota,West North Central,2013-10-01,2014-09-30,33.73913043478261
07_2015,SD,H_COMP_7,4,41,55,Care Transition,Composite Measure,South Dakota,West North Central,2013-10-01,2014-09-30,33.73913043478261
07_2015,SD,H_HSP_RATING,7,18,75,Overall Hospital Rating,Global Item,South Dakota,West North Central,2013-10-01,2014-09-30,33.73913043478261
07_2015,SD,H_QUIET_HSP,5,24,71,Quietness of Hospital Environment,Individual Item,South Dakota,West North Central,2013-10-01,2014-09-30,33.73913043478261
07_2015,SD,H_RECMND,4,20,76,Willingness to Recommend the Hospital,Global Item,South Dakota,West North Central,2013-10-01,2014-09-30,33.73913043478261
07_2015,TN,H_CLEAN_HSP,9,18,73,Cleanliness of Hospital Environment,Individual Item,Tennessee,East South Central,2013-10-01,2014-09-30,30.707070707070706
07_2015,TN,H_COMP_1,5,15,80,Communication with Nurses,Composite Measure,Tennessee,East South Central,2013-10-01,2014-09-30,30.707070707070706
07_2015,TN,H_COMP_2,4,13,83,Communication with Doctors,Composite Measure,Tennessee,East South Central,2013-10-01,2014-09-30,30.707070707070706
07_2015,TN,H_COMP_3,9,22,69,Responsiveness of Hospital Staff,Composite Measure,Tennessee,East South Central,2013-10-01,2014-09-30,30.707070707070706
07_2015,TN,H_COMP_5,18,17,65,Communication about Medicines,Composite Measure,Tennessee,East South Central,2013-10-01,2014-09-30,30.707070707070706
07_2015,TN,H_COMP_6,14,0,86,Discharge Information,Composite Measure,Tennessee,East South Central,2013-10-01,2014-09-30,30.707070707070706
07_2015,TN,H_COMP_7,6,43,51,Care Transition,Composite Measure,Tennessee,East South Central,2013-10-01,2014-09-30,30.707070707070706
07_2015,TN,H_HSP_RATING,8,21,71,Overall Hospital Rating,Global Item,Tennessee,East South Central,2013-10-01,2014-09-30,30.707070707070706
07_2015,TN,H_QUIET_HSP,7,25,68,Quietness of Hospital Environment,Individual Item,Tennessee,East South Central,2013-10-01,2014-09-30,30.707070707070706
07_2015,TN,H_RECMND,6,24,70,Willingness to Recommend the Hospital,Global Item,Tennessee,East South Central,2013-10-01,2014-09-30,30.707070707070706
07_2015,TX,H_CLEAN_HSP,8,17,75,Cleanliness of Hospital Environment,Individual Item,Texas,West South Central,2013-10-01,2014-09-30,28.548780487804876
07_2015,TX,H_COMP_1,4,16,80,Communication with Nurses,Composite Measure,Texas,West South Central,2013-10-01,2014-09-30,28.548780487804876
07_2015,TX,H_COMP_2,4,12,84,Communication with Doctors,Composite Measure,Texas,West South Central,2013-10-01,2014-09-30,28.548780487804876
07_2015,TX,H_COMP_3,9,21,70,Responsiveness of Hospital Staff,Composite Measure,Texas,West South Central,2013-10-01,2014-09-30,28.548780487804876
07_2015,TX,H_COMP_5,17,16,67,Communication about Medicines,Composite Measure,Texas,West South Central,2013-10-01,2014-09-30,28.548780487804876
07_2015,TX,H_COMP_6,14,0,86,Discharge Information,Composite Measure,Texas,West South Central,2013-10-01,2014-09-30,28.548780487804876
07_2015,TX,H_COMP_7,5,42,53,Care Transition,Composite Measure,Texas,West South Central,2013-10-01,2014-09-30,28.548780487804876
07_2015,TX,H_HSP_RATING,7,20,73,Overall Hospital Rating,Global Item,Texas,West South Central,2013-10-01,2014-09-30,28.548780487804876
07_2015,TX,H_QUIET_HSP,7,24,69,Quietness of Hospital Environment,Individual Item,Texas,West South Central,2013-10-01,2014-09-30,28.548780487804876
07_2015,TX,H_RECMND,5,21,74,Willingness to Recommend the Hospital,Global Item,Texas,West South Central,2013-10-01,2014-09-30,28.548780487804876
07_2015,UT,H_CLEAN_HSP,7,20,73,Cleanliness of Hospital Environment,Individual Item,Utah,Mountain,2013-10-01,2014-09-30,36.357142857142854
07_2015,UT,H_COMP_1,3,18,79,Communication with Nurses,Composite Measure,Utah,Mountain,2013-10-01,2014-09-30,36.357142857142854
07_2015,UT,H_COMP_2,2,15,83,Communication with Doctors,Composite Measure,Utah,Mountain,2013-10-01,2014-09-30,36.357142857142854
07_2015,UT,H_COMP_3,6,24,70,Responsiveness of Hospital Staff,Composite Measure,Utah,Mountain,2013-10-01,2014-09-30,36.357142857142854
07_2015,UT,H_COMP_5,15,20,65,Communication about Medicines,Composite Measure,Utah,Mountain,2013-10-01,2014-09-30,36.357142857142854
07_2015,UT,H_COMP_6,11,0,89,Discharge Information,Composite Measure,Utah,Mountain,2013-10-01,2014-09-30,36.357142857142854
07_2015,UT,H_COMP_7,5,38,57,Care Transition,Composite Measure,Utah,Mountain,2013-10-01,2014-09-30,36.357142857142854
07_2015,UT,H_HSP_RATING,5,20,75,Overall Hospital Rating,Global Item,Utah,Mountain,2013-10-01,2014-09-30,36.357142857142854
07_2015,UT,H_QUIET_HSP,6,31,63,Quietness of Hospital Environment,Individual Item,Utah,Mountain,2013-10-01,2014-09-30,36.357142857142854
07_2015,UT,H_RECMND,3,20,77,Willingness to Recommend the Hospital,Global Item,Utah,Mountain,2013-10-01,2014-09-30,36.357142857142854
07_2015,VA,H_CLEAN_HSP,9,19,72,Cleanliness of Hospital Environment,Individual Item,Virginia,South Atlantic,2013-10-01,2014-09-30,30.350649350649352
07_2015,VA,H_COMP_1,5,16,79,Communication with Nurses,Composite Measure,Virginia,South Atlantic,2013-10-01,2014-09-30,30.350649350649352
07_2015,VA,H_COMP_2,4,15,81,Communication with Doctors,Composite Measure,Virginia,South Atlantic,2013-10-01,2014-09-30,30.350649350649352
07_2015,VA,H_COMP_3,10,25,65,Responsiveness of Hospital Staff,Composite Measure,Virginia,South Atlantic,2013-10-01,2014-09-30,30.350649350649352
07_2015,VA,H_COMP_5,19,17,64,Communication about Medicines,Composite Measure,Virginia,South Atlantic,2013-10-01,2014-09-30,30.350649350649352
07_2015,VA,H_COMP_6,13,0,87,Discharge Information,Composite Measure,Virginia,South Atlantic,2013-10-01,2014-09-30,30.350649350649352
07_2015,VA,H_COMP_7,6,43,51,Care Transition,Composite Measure,Virginia,South Atlantic,2013-10-01,2014-09-30,30.350649350649352
07_2015,VA,H_HSP_RATING,8,23,69,Overall Hospital Rating,Global Item,Virginia,South Atlantic,2013-10-01,2014-09-30,30.350649350649352
07_2015,VA,H_QUIET_HSP,10,29,61,Quietness of Hospital Environment,Individual Item,Virginia,South Atlantic,2013-10-01,2014-09-30,30.350649350649352
07_2015,VA,H_RECMND,5,25,70,Willingness to Recommend the Hospital,Global Item,Virginia,South Atlantic,2013-10-01,2014-09-30,30.350649350649352
07_2015,VT,H_CLEAN_HSP,6,16,78,Cleanliness of Hospital Environment,Individual Item,Vermont,New England,2013-10-01,2014-09-30,32.285714285714285
07_2015,VT,H_COMP_1,3,16,81,Communication with Nurses,Composite Measure,Vermont,New England,2013-10-01,2014-09-30,32.285714285714285
07_2015,VT,H_COMP_2,4,14,82,Communication with Doctors,Composite Measure,Vermont,New England,2013-10-01,2014-09-30,32.285714285714285
07_2015,VT,H_COMP_3,6,22,72,Responsiveness of Hospital Staff,Composite Measure,Vermont,New England,2013-10-01,2014-09-30,32.285714285714285
07_2015,VT,H_COMP_5,15,18,67,Communication about Medicines,Composite Measure,Vermont,New England,2013-10-01,2014-09-30,32.285714285714285
07_2015,VT,H_COMP_6,11,0,89,Discharge Information,Composite Measure,Vermont,New England,2013-10-01,2014-09-30,32.285714285714285
07_2015,VT,H_COMP_7,4,40,56,Care Transition,Composite Measure,Vermont,New England,2013-10-01,2014-09-30,32.285714285714285
07_2015,VT,H_HSP_RATING,6,23,71,Overall Hospital Rating,Global Item,Vermont,New England,2013-10-01,2014-09-30,32.285714285714285
07_2015,VT,H_QUIET_HSP,11,35,54,Quietness of Hospital Environment,Individual Item,Vermont,New England,2013-10-01,2014-09-30,32.285714285714285
07_2015,VT,H_RECMND,3,21,76,Willingness to Recommend the Hospital,Global Item,Vermont,New England,2013-10-01,2014-09-30,32.285714285714285
07_2015,WA,H_CLEAN_HSP,8,19,73,Cleanliness of Hospital Environment,Individual Item,Washington,Pacific,2013-10-01,2014-09-30,30.602564102564102
07_2015,WA,H_COMP_1,4,18,78,Communication with Nurses,Composite Measure,Washington,Pacific,2013-10-01,2014-09-30,30.602564102564102
07_2015,WA,H_COMP_2,4,16,80,Communication with Doctors,Composite Measure,Washington,Pacific,2013-10-01,2014-09-30,30.602564102564102
07_2015,WA,H_COMP_3,8,25,67,Responsiveness of Hospital Staff,Composite Measure,Washington,Pacific,2013-10-01,2014-09-30,30.602564102564102
07_2015,WA,H_COMP_5,18,18,64,Communication about Medicines,Composite Measure,Washington,Pacific,2013-10-01,2014-09-30,30.602564102564102
07_2015,WA,H_COMP_6,13,0,87,Discharge Information,Composite Measure,Washington,Pacific,2013-10-01,2014-09-30,30.602564102564102
07_2015,WA,H_COMP_7,5,43,52,Care Transition,Composite Measure,Washington,Pacific,2013-10-01,2014-09-30,30.602564102564102
07_2015,WA,H_HSP_RATING,7,23,70,Overall Hospital Rating,Global Item,Washington,Pacific,2013-10-01,2014-09-30,30.602564102564102
07_2015,WA,H_QUIET_HSP,11,33,56,Quietness of Hospital Environment,Individual Item,Washington,Pacific,2013-10-01,2014-09-30,30.602564102564102
07_2015,WA,H_RECMND,5,23,72,Willingness to Recommend the Hospital,Global Item,Washington,Pacific,2013-10-01,2014-09-30,30.602564102564102
07_2015,WI,H_CLEAN_HSP,5,15,80,Cleanliness of Hospital Environment,Individual Item,Wisconsin,East North Central,2013-10-01,2014-09-30,39.12931034482759
07_2015,WI,H_COMP_1,2,15,83,Communication with Nurses,Composite Measure,Wisconsin,East North Central,2013-10-01,2014-09-30,39.12931034482759
07_2015,WI,H_COMP_2,3,13,84,Communication with Doctors,Composite Measure,Wisconsin,East North Central,2013-10-01,2014-09-30,39.12931034482759
07_2015,WI,H_COMP_3,5,22,73,Responsiveness of Hospital Staff,Composite Measure,Wisconsin,East North Central,2013-10-01,2014-09-30,39.12931034482759
07_2015,WI,H_COMP_5,13,18,69,Communication about Medicines,Composite Measure,Wisconsin,East North Central,2013-10-01,2014-09-30,39.12931034482759
07_2015,WI,H_COMP_6,10,0,90,Discharge Information,Composite Measure,Wisconsin,East North Central,2013-10-01,2014-09-30,39.12931034482759
07_2015,WI,H_COMP_7,4,40,56,Care Transition,Composite Measure,Wisconsin,East North Central,2013-10-01,2014-09-30,39.12931034482759
07_2015,WI,H_HSP_RATING,5,19,76,Overall Hospital Rating,Global Item,Wisconsin,East North Central,2013-10-01,2014-09-30,39.12931034482759
07_2015,WI,H_QUIET_HSP,7,28,65,Quietness of Hospital Environment,Individual Item,Wisconsin,East North Central,2013-10-01,2014-09-30,39.12931034482759
07_2015,WI,H_RECMND,3,22,75,Willingness to Recommend the Hospital,Global Item,Wisconsin,East North Central,2013-10-01,2014-09-30,39.12931034482759
07_2015,WV,H_CLEAN_HSP,8,18,74,Cleanliness of Hospital Environment,Individual Item,West Virginia,South Atlantic,2013-10-01,2014-09-30,29.954545454545453
07_2015,WV,H_COMP_1,5,16,79,Communication with Nurses,Composite Measure,West Virginia,South Atlantic,2013-10-01,2014-09-30,29.954545454545453
07_2015,WV,H_COMP_2,4,14,82,Communication with Doctors,Composite Measure,West Virginia,South Atlantic,2013-10-01,2014-09-30,29.954545454545453
07_2015,WV,H_COMP_3,9,23,68,Responsiveness of Hospital Staff,Composite Measure,West Virginia,South Atlantic,2013-10-01,2014-09-30,29.954545454545453
07_2015,WV,H_COMP_5,18,18,64,Communication about Medicines,Composite Measure,West Virginia,South Atlantic,2013-10-01,2014-09-30,29.954545454545453
07_2015,WV,H_COMP_6,13,0,87,Discharge Information,Composite Measure,West Virginia,South Atlantic,2013-10-01,2014-09-30,29.954545454545453
07_2015,WV,H_COMP_7,5,45,50,Care Transition,Composite Measure,West Virginia,South Atlantic,2013-10-01,2014-09-30,29.954545454545453
07_2015,WV,H_HSP_RATING,9,24,67,Overall Hospital Rating,Global Item,West Virginia,South Atlantic,2013-10-01,2014-09-30,29.954545454545453
07_2015,WV,H_QUIET_HSP,10,31,59,Quietness of Hospital Environment,Individual Item,West Virginia,South Atlantic,2013-10-01,2014-09-30,29.954545454545453
07_2015,WV,H_RECMND,6,28,66,Willingness to Recommend the Hospital,Global Item,West Virginia,South Atlantic,2013-10-01,2014-09-30,29.954545454545453
07_2015,WY,H_CLEAN_HSP,7,20,73,Cleanliness of Hospital Environment,Individual Item,Wyoming,Mountain,2013-10-01,2014-09-30,31.09090909090909
07_2015,WY,H_COMP_1,4,17,79,Communication with Nurses,Composite Measure,Wyoming,Mountain,2013-10-01,2014-09-30,31.09090909090909
07_2015,WY,H_COMP_2,4,14,82,Communication with Doctors,Composite Measure,Wyoming,Mountain,2013-10-01,2014-09-30,31.09090909090909
07_2015,WY,H_COMP_3,6,22,72,Responsiveness of Hospital Staff,Composite Measure,Wyoming,Mountain,2013-10-01,2014-09-30,31.09090909090909
07_2015,WY,H_COMP_5,15,16,69,Communication about Medicines,Composite Measure,Wyoming,Mountain,2013-10-01,2014-09-30,31.09090909090909
07_2015,WY,H_COMP_6,11,0,89,Discharge Information,Composite Measure,Wyoming,Mountain,2013-10-01,2014-09-30,31.09090909090909
07_2015,WY,H_COMP_7,5,43,52,Care Transition,Composite Measure,Wyoming,Mountain,2013-10-01,2014-09-30,31.09090909090909
07_2015,WY,H_HSP_RATING,9,24,67,Overall Hospital Rating,Global Item,Wyoming,Mountain,2013-10-01,2014-09-30,31.09090909090909
07_2015,WY,H_QUIET_HSP,7,32,61,Quietness of Hospital Environment,Individual Item,Wyoming,Mountain,2013-10-01,2014-09-30,31.09090909090909
07_2015,WY,H_RECMND,5,29,66,Willingness to Recommend the Hospital,Global Item,Wyoming,Mountain,2013-10-01,2014-09-30,31.09090909090909
07_2016,AK,H_CLEAN_HSP,7,21,72,Cleanliness of Hospital Environment,Individual Item,Alaska,Pacific,2014-10-01,2015-09-30,25.933333333333334
07_2016,AK,H_COMP_1,4,18,78,Communication with Nurses,Composite Measure,Alaska,Pacific,2014-10-01,2015-09-30,25.933333333333334
07_2016,AK,H_COMP_2,3,15,82,Communication with Doctors,Composite Measure,Alaska,Pacific,2014-10-01,2015-09-30,25.933333333333334
07_2016,AK,H_COMP_3,6,21,73,Responsiveness of Hospital Staff,Composite Measure,Alaska,Pacific,2014-10-01,2015-09-30,25.933333333333334
07_2016,AK,H_COMP_5,14,23,63,Communication about Medicines,Composite Measure,Alaska,Pacific,2014-10-01,2015-09-30,25.933333333333334
07_2016,AK,H_COMP_6,9,0,91,Discharge Information,Composite Measure,Alaska,Pacific,2014-10-01,2015-09-30,25.933333333333334
07_2016,AK,H_COMP_7,5,43,52,Care Transition,Composite Measure,Alaska,Pacific,2014-10-01,2015-09-30,25.933333333333334
07_2016,AK,H_HSP_RATING,7,24,69,Overall Hospital Rating,Global Item,Alaska,Pacific,2014-10-01,2015-09-30,25.933333333333334
07_2016,AK,H_QUIET_HSP,8,34,58,Quietness of Hospital Environment,Individual Item,Alaska,Pacific,2014-10-01,2015-09-30,25.933333333333334
07_2016,AK,H_RECMND,4,27,69,Willingness to Recommend the Hospital,Global Item,Alaska,Pacific,2014-10-01,2015-09-30,25.933333333333334
07_2016,AL,H_CLEAN_HSP,10,18,72,Cleanliness of Hospital Environment,Individual Item,Alabama,East South Central,2014-10-01,2015-09-30,29.313953488372093
07_2016,AL,H_COMP_1,5,14,81,Communication with Nurses,Composite Measure,Alabama,East South Central,2014-10-01,2015-09-30,29.313953488372093
07_2016,AL,H_COMP_2,3,11,86,Communication with Doctors,Composite Measure,Alabama,East South Central,2014-10-01,2015-09-30,29.313953488372093
07_2016,AL,H_COMP_3,10,21,69,Responsiveness of Hospital Staff,Composite Measure,Alabama,East South Central,2014-10-01,2015-09-30,29.313953488372093
07_2016,AL,H_COMP_5,19,15,66,Communication about Medicines,Composite Measure,Alabama,East South Central,2014-10-01,2015-09-30,29.313953488372093
07_2016,AL,H_COMP_6,14,0,86,Discharge Information,Composite Measure,Alabama,East South Central,2014-10-01,2015-09-30,29.313953488372093
07_2016,AL,H_COMP_7,6,43,51,Care Transition,Composite Measure,Alabama,East South Central,2014-10-01,2015-09-30,29.313953488372093
07_2016,AL,H_HSP_RATING,7,21,72,Overall Hospital Rating,Global Item,Alabama,East South Central,2014-10-01,2015-09-30,29.313953488372093
07_2016,AL,H_QUIET_HSP,6,22,72,Quietness of Hospital Environment,Individual Item,Alabama,East South Central,2014-10-01,2015-09-30,29.313953488372093
07_2016,AL,H_RECMND,5,24,71,Willingness to Recommend the Hospital,Global Item,Alabama,East South Central,2014-10-01,2015-09-30,29.313953488372093
07_2016,AR,H_CLEAN_HSP,9,17,74,Cleanliness of Hospital Environment,Individual Item,Arkansas,West South Central,2014-10-01,2015-09-30,28.102941176470587
07_2016,AR,H_COMP_1,4,16,80,Communication with Nurses,Composite Measure,Arkansas,West South Central,2014-10-01,2015-09-30,28.102941176470587
07_2016,AR,H_COMP_2,4,11,85,Communication with Doctors,Composite Measure,Arkansas,West South Central,2014-10-01,2015-09-30,28.102941176470587
07_2016,AR,H_COMP_3,9,22,69,Responsiveness of Hospital Staff,Composite Measure,Arkansas,West South Central,2014-10-01,2015-09-30,28.102941176470587
07_2016,AR,H_COMP_5,18,17,65,Communication about Medicines,Composite Measure,Arkansas,West South Central,2014-10-01,2015-09-30,28.102941176470587
07_2016,AR,H_COMP_6,16,0,84,Discharge Information,Composite Measure,Arkansas,West South Central,2014-10-01,2015-09-30,28.102941176470587
07_2016,AR,H_COMP_7,6,43,51,Care Transition,Composite Measure,Arkansas,West South Central,2014-10-01,2015-09-30,28.102941176470587
07_2016,AR,H_HSP_RATING,8,20,72,Overall Hospital Rating,Global Item,Arkansas,West South Central,2014-10-01,2015-09-30,28.102941176470587
07_2016,AR,H_QUIET_HSP,7,26,67,Quietness of Hospital Environment,Individual Item,Arkansas,West South Central,2014-10-01,2015-09-30,28.102941176470587
07_2016,AR,H_RECMND,5,25,70,Willingness to Recommend the Hospital,Global Item,Arkansas,West South Central,2014-10-01,2015-09-30,28.102941176470587
07_2016,AZ,H_CLEAN_HSP,10,20,70,Cleanliness of Hospital Environment,Individual Item,Arizona,Mountain,2014-10-01,2015-09-30,31.914285714285715
07_2016,AZ,H_COMP_1,5,18,77,Communication with Nurses,Composite Measure,Arizona,Mountain,2014-10-01,2015-09-30,31.914285714285715
07_2016,AZ,H_COMP_2,5,18,77,Communication with Doctors,Composite Measure,Arizona,Mountain,2014-10-01,2015-09-30,31.914285714285715
07_2016,AZ,H_COMP_3,9,25,66,Responsiveness of Hospital Staff,Composite Measure,Arizona,Mountain,2014-10-01,2015-09-30,31.914285714285715
07_2016,AZ,H_COMP_5,18,18,64,Communication about Medicines,Composite Measure,Arizona,Mountain,2014-10-01,2015-09-30,31.914285714285715
07_2016,AZ,H_COMP_6,13,0,87,Discharge Information,Composite Measure,Arizona,Mountain,2014-10-01,2015-09-30,31.914285714285715
07_2016,AZ,H_COMP_7,7,43,50,Care Transition,Composite Measure,Arizona,Mountain,2014-10-01,2015-09-30,31.914285714285715
07_2016,AZ,H_HSP_RATING,9,21,70,Overall Hospital Rating,Global Item,Arizona,Mountain,2014-10-01,2015-09-30,31.914285714285715
07_2016,AZ,H_QUIET_HSP,11,31,58,Quietness of Hospital Environment,Individual Item,Arizona,Mountain,2014-10-01,2015-09-30,31.914285714285715
07_2016,AZ,H_RECMND,6,24,70,Willingness to Recommend the Hospital,Global Item,Arizona,Mountain,2014-10-01,2015-09-30,31.914285714285715
07_2016,CA,H_CLEAN_HSP,10,20,70,Cleanliness of Hospital Environment,Individual Item,California,Pacific,2014-10-01,2015-09-30,25.654952076677315
07_2016,CA,H_COMP_1,6,19,75,Communication with Nurses,Composite Measure,California,Pacific,2014-10-01,2015-09-30,25.654952076677315
07_2016,CA,H_COMP_2,6,16,78,Communication with Doctors,Composite Measure,California,Pacific,2014-10-01,2015-09-30,25.654952076677315
07_2016,CA,H_COMP_3,12,26,62,Responsiveness of Hospital Staff,Composite Measure,California,Pacific,2014-10-01,2015-09-30,25.654952076677315
07_2016,CA,H_COMP_5,20,19,61,Communication about Medicines,Composite Measure,California,Pacific,2014-10-01,2015-09-30,25.654952076677315
07_2016,CA,H_COMP_6,15,0,85,Discharge Information,Composite Measure,California,Pacific,2014-10-01,2015-09-30,25.654952076677315
07_2016,CA,H_COMP_7,7,45,48,Care Transition,Composite Measure,California,Pacific,2014-10-01,2015-09-30,25.654952076677315
07_2016,CA,H_HSP_RATING,10,22,68,Overall Hospital Rating,Global Item,California,Pacific,2014-10-01,2015-09-30,25.654952076677315
07_2016,CA,H_QUIET_HSP,16,33,51,Quietness of Hospital Environment,Individual Item,California,Pacific,2014-10-01,2015-09-30,25.654952076677315
07_2016,CA,H_RECMND,7,24,69,Willingness to Recommend the Hospital,Global Item,California,Pacific,2014-10-01,2015-09-30,25.654952076677315
07_2016,CO,H_CLEAN_HSP,7,18,75,Cleanliness of Hospital Environment,Individual Item,Colorado,Mountain,2014-10-01,2015-09-30,30.123076923076923
07_2016,CO,H_COMP_1,3,17,80,Communication with Nurses,Composite Measure,Colorado,Mountain,2014-10-01,2015-09-30,30.123076923076923
07_2016,CO,H_COMP_2,3,15,82,Communication with Doctors,Composite Measure,Colorado,Mountain,2014-10-01,2015-09-30,30.123076923076923
07_2016,CO,H_COMP_3,7,23,70,Responsiveness of Hospital Staff,Composite Measure,Colorado,Mountain,2014-10-01,2015-09-30,30.123076923076923
07_2016,CO,H_COMP_5,15,18,67,Communication about Medicines,Composite Measure,Colorado,Mountain,2014-10-01,2015-09-30,30.123076923076923
07_2016,CO,H_COMP_6,12,0,88,Discharge Information,Composite Measure,Colorado,Mountain,2014-10-01,2015-09-30,30.123076923076923
07_2016,CO,H_COMP_7,5,40,55,Care Transition,Composite Measure,Colorado,Mountain,2014-10-01,2015-09-30,30.123076923076923
07_2016,CO,H_HSP_RATING,6,19,75,Overall Hospital Rating,Global Item,Colorado,Mountain,2014-10-01,2015-09-30,30.123076923076923
07_2016,CO,H_QUIET_HSP,6,29,65,Quietness of Hospital Environment,Individual Item,Colorado,Mountain,2014-10-01,2015-09-30,30.123076923076923
07_2016,CO,H_RECMND,4,21,75,Willingness to Recommend the Hospital,Global Item,Colorado,Mountain,2014-10-01,2015-09-30,30.123076923076923
07_2016,CT,H_CLEAN_HSP,9,20,71,Cleanliness of Hospital Environment,Individual Item,Connecticut,New England,2014-10-01,2015-09-30,27.24137931034483
07_2016,CT,H_COMP_1,4,16,80,Communication with Nurses,Composite Measure,Connecticut,New England,2014-10-01,2015-09-30,27.24137931034483
07_2016,CT,H_COMP_2,5,16,79,Communication with Doctors,Composite Measure,Connecticut,New England,2014-10-01,2015-09-30,27.24137931034483
07_2016,CT,H_COMP_3,10,26,64,Responsiveness of Hospital Staff,Composite Measure,Connecticut,New England,2014-10-01,2015-09-30,27.24137931034483
07_2016,CT,H_COMP_5,19,18,63,Communication about Medicines,Composite Measure,Connecticut,New England,2014-10-01,2015-09-30,27.24137931034483
07_2016,CT,H_COMP_6,13,0,87,Discharge Information,Composite Measure,Connecticut,New England,2014-10-01,2015-09-30,27.24137931034483
07_2016,CT,H_COMP_7,5,44,51,Care Transition,Composite Measure,Connecticut,New England,2014-10-01,2015-09-30,27.24137931034483
07_2016,CT,H_HSP_RATING,9,24,67,Overall Hospital Rating,Global Item,Connecticut,New England,2014-10-01,2015-09-30,27.24137931034483
07_2016,CT,H_QUIET_HSP,15,33,52,Quietness of Hospital Environment,Individual Item,Connecticut,New England,2014-10-01,2015-09-30,27.24137931034483
07_2016,CT,H_RECMND,5,25,70,Willingness to Recommend the Hospital,Global Item,Connecticut,New England,2014-10-01,2015-09-30,27.24137931034483
07_2016,DC,H_CLEAN_HSP,17,22,61,Cleanliness of Hospital Environment,Individual Item,District of Columbia,South Atlantic,2014-10-01,2015-09-30,24.285714285714285
07_2016,DC,H_COMP_1,10,20,70,Communication with Nurses,Composite Measure,District of Columbia,South Atlantic,2014-10-01,2015-09-30,24.285714285714285
07_2016,DC,H_COMP_2,6,17,77,Communication with Doctors,Composite Measure,District of Columbia,South Atlantic,2014-10-01,2015-09-30,24.285714285714285
07_2016,DC,H_COMP_3,19,29,52,Responsiveness of Hospital Staff,Composite Measure,District of Columbia,South Atlantic,2014-10-01,2015-09-30,24.285714285714285
07_2016,DC,H_COMP_5,26,19,55,Communication about Medicines,Composite Measure,District of Columbia,South Atlantic,2014-10-01,2015-09-30,24.285714285714285
07_2016,DC,H_COMP_6,19,0,81,Discharge Information,Composite Measure,District of Columbia,South Atlantic,2014-10-01,2015-09-30,24.285714285714285
07_2016,DC,H_COMP_7,9,49,42,Care Transition,Composite Measure,District of Columbia,South Atlantic,2014-10-01,2015-09-30,24.285714285714285
07_2016,DC,H_HSP_RATING,14,28,58,Overall Hospital Rating,Global Item,District of Columbia,South Atlantic,2014-10-01,2015-09-30,24.285714285714285
07_2016,DC,H_QUIET_HSP,16,30,54,Quietness of Hospital Environment,Individual Item,District of Columbia,South Atlantic,2014-10-01,2015-09-30,24.285714285714285
07_2016,DC,H_RECMND,10,30,60,Willingness to Recommend the Hospital,Global Item,District of Columbia,South Atlantic,2014-10-01,2015-09-30,24.285714285714285
07_2016,DE,H_CLEAN_HSP,9,21,70,Cleanliness of Hospital Environment,Individual Item,Delaware,South Atlantic,2014-10-01,2015-09-30,26.5
07_2016,DE,H_COMP_1,4,16,80,Communication with Nurses,Composite Measure,Delaware,South Atlantic,2014-10-01,2015-09-30,26.5
07_2016,DE,H_COMP_2,5,16,79,Communication with Doctors,Composite Measure,Delaware,South Atlantic,2014-10-01,2015-09-30,26.5
07_2016,DE,H_COMP_3,8,24,68,Responsiveness of Hospital Staff,Composite Measure,Delaware,South Atlantic,2014-10-01,2015-09-30,26.5
07_2016,DE,H_COMP_5,20,16,64,Communication about Medicines,Composite Measure,Delaware,South Atlantic,2014-10-01,2015-09-30,26.5
07_2016,DE,H_COMP_6,13,0,87,Discharge Information,Composite Measure,Delaware,South Atlantic,2014-10-01,2015-09-30,26.5
07_2016,DE,H_COMP_7,5,43,52,Care Transition,Composite Measure,Delaware,South Atlantic,2014-10-01,2015-09-30,26.5
07_2016,DE,H_HSP_RATING,9,21,70,Overall Hospital Rating,Global Item,Delaware,South Atlantic,2014-10-01,2015-09-30,26.5
07_2016,DE,H_QUIET_HSP,11,33,56,Quietness of Hospital Environment,Individual Item,Delaware,South Atlantic,2014-10-01,2015-09-30,26.5
07_2016,DE,H_RECMND,5,26,69,Willingness to Recommend the Hospital,Global Item,Delaware,South Atlantic,2014-10-01,2015-09-30,26.5
07_2016,FL,H_CLEAN_HSP,11,20,69,Cleanliness of Hospital Environment,Individual Item,Florida,South Atlantic,2014-10-01,2015-09-30,26.582857142857144
07_2016,FL,H_COMP_1,6,18,76,Communication with Nurses,Composite Measure,Florida,South Atlantic,2014-10-01,2015-09-30,26.582857142857144
07_2016,FL,H_COMP_2,6,16,78,Communication with Doctors,Composite Measure,Florida,South Atlantic,2014-10-01,2015-09-30,26.582857142857144
07_2016,FL,H_COMP_3,12,25,63,Responsiveness of Hospital Staff,Composite Measure,Florida,South Atlantic,2014-10-01,2015-09-30,26.582857142857144
07_2016,FL,H_COMP_5,21,17,62,Communication about Medicines,Composite Measure,Florida,South Atlantic,2014-10-01,2015-09-30,26.582857142857144
07_2016,FL,H_COMP_6,16,0,84,Discharge Information,Composite Measure,Florida,South Atlantic,2014-10-01,2015-09-30,26.582857142857144
07_2016,FL,H_COMP_7,7,44,49,Care Transition,Composite Measure,Florida,South Atlantic,2014-10-01,2015-09-30,26.582857142857144
07_2016,FL,H_HSP_RATING,10,22,68,Overall Hospital Rating,Global Item,Florida,South Atlantic,2014-10-01,2015-09-30,26.582857142857144
07_2016,FL,H_QUIET_HSP,11,30,59,Quietness of Hospital Environment,Individual Item,Florida,South Atlantic,2014-10-01,2015-09-30,26.582857142857144
07_2016,FL,H_RECMND,7,24,69,Willingness to Recommend the Hospital,Global Item,Florida,South Atlantic,2014-10-01,2015-09-30,26.582857142857144
07_2016,GA,H_CLEAN_HSP,10,18,72,Cleanliness of Hospital Environment,Individual Item,Georgia,South Atlantic,2014-10-01,2015-09-30,24.572649572649574
07_2016,GA,H_COMP_1,5,16,79,Communication with Nurses,Composite Measure,Georgia,South Atlantic,2014-10-01,2015-09-30,24.572649572649574
07_2016,GA,H_COMP_2,5,12,83,Communication with Doctors,Composite Measure,Georgia,South Atlantic,2014-10-01,2015-09-30,24.572649572649574
07_2016,GA,H_COMP_3,10,23,67,Responsiveness of Hospital Staff,Composite Measure,Georgia,South Atlantic,2014-10-01,2015-09-30,24.572649572649574
07_2016,GA,H_COMP_5,20,16,64,Communication about Medicines,Composite Measure,Georgia,South Atlantic,2014-10-01,2015-09-30,24.572649572649574
07_2016,GA,H_COMP_6,15,0,85,Discharge Information,Composite Measure,Georgia,South Atlantic,2014-10-01,2015-09-30,24.572649572649574
07_2016,GA,H_COMP_7,6,43,51,Care Transition,Composite Measure,Georgia,South Atlantic,2014-10-01,2015-09-30,24.572649572649574
07_2016,GA,H_HSP_RATING,8,21,71,Overall Hospital Rating,Global Item,Georgia,South Atlantic,2014-10-01,2015-09-30,24.572649572649574
07_2016,GA,H_QUIET_HSP,7,25,68,Quietness of Hospital Environment,Individual Item,Georgia,South Atlantic,2014-10-01,2015-09-30,24.572649572649574
07_2016,GA,H_RECMND,5,25,70,Willingness to Recommend the Hospital,Global Item,Georgia,South Atlantic,2014-10-01,2015-09-30,24.572649572649574
07_2016,HI,H_CLEAN_HSP,5,19,76,Cleanliness of Hospital Environment,Individual Item,Hawaii,Pacific,2014-10-01,2015-09-30,28.533333333333335
07_2016,HI,H_COMP_1,4,15,81,Communication with Nurses,Composite Measure,Hawaii,Pacific,2014-10-01,2015-09-30,28.533333333333335
07_2016,HI,H_COMP_2,4,14,82,Communication with Doctors,Composite Measure,Hawaii,Pacific,2014-10-01,2015-09-30,28.533333333333335
07_2016,HI,H_COMP_3,8,22,70,Responsiveness of Hospital Staff,Composite Measure,Hawaii,Pacific,2014-10-01,2015-09-30,28.533333333333335
07_2016,HI,H_COMP_5,17,17,66,Communication about Medicines,Composite Measure,Hawaii,Pacific,2014-10-01,2015-09-30,28.533333333333335
07_2016,HI,H_COMP_6,17,0,83,Discharge Information,Composite Measure,Hawaii,Pacific,2014-10-01,2015-09-30,28.533333333333335
07_2016,HI,H_COMP_7,5,41,54,Care Transition,Composite Measure,Hawaii,Pacific,2014-10-01,2015-09-30,28.533333333333335
07_2016,HI,H_HSP_RATING,7,23,70,Overall Hospital Rating,Global Item,Hawaii,Pacific,2014-10-01,2015-09-30,28.533333333333335
07_2016,HI,H_QUIET_HSP,10,30,60,Quietness of Hospital Environment,Individual Item,Hawaii,Pacific,2014-10-01,2015-09-30,28.533333333333335
07_2016,HI,H_RECMND,4,23,73,Willingness to Recommend the Hospital,Global Item,Hawaii,Pacific,2014-10-01,2015-09-30,28.533333333333335
07_2016,IA,H_CLEAN_HSP,5,16,79,Cleanliness of Hospital Environment,Individual Item,Iowa,West North Central,2014-10-01,2015-09-30,35.30681818181818
07_2016,IA,H_COMP_1,2,16,82,Communication with Nurses,Composite Measure,Iowa,West North Central,2014-10-01,2015-09-30,35.30681818181818
07_2016,IA,H_COMP_2,3,13,84,Communication with Doctors,Composite Measure,Iowa,West North Central,2014-10-01,2015-09-30,35.30681818181818
07_2016,IA,H_COMP_3,5,23,72,Responsiveness of Hospital Staff,Composite Measure,Iowa,West North Central,2014-10-01,2015-09-30,35.30681818181818
07_2016,IA,H_COMP_5,14,19,67,Communication about Medicines,Composite Measure,Iowa,West North Central,2014-10-01,2015-09-30,35.30681818181818
07_2016,IA,H_COMP_6,12,0,88,Discharge Information,Composite Measure,Iowa,West North Central,2014-10-01,2015-09-30,35.30681818181818
07_2016,IA,H_COMP_7,3,41,56,Care Transition,Composite Measure,Iowa,West North Central,2014-10-01,2015-09-30,35.30681818181818
07_2016,IA,H_HSP_RATING,5,19,76,Overall Hospital Rating,Global Item,Iowa,West North Central,2014-10-01,2015-09-30,35.30681818181818
07_2016,IA,H_QUIET_HSP,6,28,66,Quietness of Hospital Environment,Individual Item,Iowa,West North Central,2014-10-01,2015-09-30,35.30681818181818
07_2016,IA,H_RECMND,3,23,74,Willingness to Recommend the Hospital,Global Item,Iowa,West North Central,2014-10-01,2015-09-30,35.30681818181818
07_2016,ID,H_CLEAN_HSP,6,16,78,Cleanliness of Hospital Environment,Individual Item,Idaho,Mountain,2014-10-01,2015-09-30,33.15384615384615
07_2016,ID,H_COMP_1,3,16,81,Communication with Nurses,Composite Measure,Idaho,Mountain,2014-10-01,2015-09-30,33.15384615384615
07_2016,ID,H_COMP_2,3,13,84,Communication with Doctors,Composite Measure,Idaho,Mountain,2014-10-01,2015-09-30,33.15384615384615
07_2016,ID,H_COMP_3,5,20,75,Responsiveness of Hospital Staff,Composite Measure,Idaho,Mountain,2014-10-01,2015-09-30,33.15384615384615
07_2016,ID,H_COMP_5,14,17,69,Communication about Medicines,Composite Measure,Idaho,Mountain,2014-10-01,2015-09-30,33.15384615384615
07_2016,ID,H_COMP_6,11,0,89,Discharge Information,Composite Measure,Idaho,Mountain,2014-10-01,2015-09-30,33.15384615384615
07_2016,ID,H_COMP_7,4,40,56,Care Transition,Composite Measure,Idaho,Mountain,2014-10-01,2015-09-30,33.15384615384615
07_2016,ID,H_HSP_RATING,5,21,74,Overall Hospital Rating,Global Item,Idaho,Mountain,2014-10-01,2015-09-30,33.15384615384615
07_2016,ID,H_QUIET_HSP,7,30,63,Quietness of Hospital Environment,Individual Item,Idaho,Mountain,2014-10-01,2015-09-30,33.15384615384615
07_2016,ID,H_RECMND,3,24,73,Willingness to Recommend the Hospital,Global Item,Idaho,Mountain,2014-10-01,2015-09-30,33.15384615384615
07_2016,IL,H_CLEAN_HSP,8,17,75,Cleanliness of Hospital Environment,Individual Item,Illinois,East North Central,2014-10-01,2015-09-30,28.85207100591716
07_2016,IL,H_COMP_1,4,16,80,Communication with Nurses,Composite Measure,Illinois,East North Central,2014-10-01,2015-09-30,28.85207100591716
07_2016,IL,H_COMP_2,4,15,81,Communication with Doctors,Composite Measure,Illinois,East North Central,2014-10-01,2015-09-30,28.85207100591716
07_2016,IL,H_COMP_3,9,23,68,Responsiveness of Hospital Staff,Composite Measure,Illinois,East North Central,2014-10-01,2015-09-30,28.85207100591716
07_2016,IL,H_COMP_5,18,17,65,Communication about Medicines,Composite Measure,Illinois,East North Central,2014-10-01,2015-09-30,28.85207100591716
07_2016,IL,H_COMP_6,13,0,87,Discharge Information,Composite Measure,Illinois,East North Central,2014-10-01,2015-09-30,28.85207100591716
07_2016,IL,H_COMP_7,5,43,52,Care Transition,Composite Measure,Illinois,East North Central,2014-10-01,2015-09-30,28.85207100591716
07_2016,IL,H_HSP_RATING,7,22,71,Overall Hospital Rating,Global Item,Illinois,East North Central,2014-10-01,2015-09-30,28.85207100591716
07_2016,IL,H_QUIET_HSP,9,30,61,Quietness of Hospital Environment,Individual Item,Illinois,East North Central,2014-10-01,2015-09-30,28.85207100591716
07_2016,IL,H_RECMND,5,24,71,Willingness to Recommend the Hospital,Global Item,Illinois,East North Central,2014-10-01,2015-09-30,28.85207100591716
07_2016,IN,H_CLEAN_HSP,7,17,76,Cleanliness of Hospital Environment,Individual Item,Indiana,East North Central,2014-10-01,2015-09-30,30.786324786324787
07_2016,IN,H_COMP_1,3,15,82,Communication with Nurses,Composite Measure,Indiana,East North Central,2014-10-01,2015-09-30,30.786324786324787
07_2016,IN,H_COMP_2,3,15,82,Communication with Doctors,Composite Measure,Indiana,East North Central,2014-10-01,2015-09-30,30.786324786324787
07_2016,IN,H_COMP_3,6,23,71,Responsiveness of Hospital Staff,Composite Measure,Indiana,East North Central,2014-10-01,2015-09-30,30.786324786324787
07_2016,IN,H_COMP_5,17,18,65,Communication about Medicines,Composite Measure,Indiana,East North Central,2014-10-01,2015-09-30,30.786324786324787
07_2016,IN,H_COMP_6,12,0,88,Discharge Information,Composite Measure,Indiana,East North Central,2014-10-01,2015-09-30,30.786324786324787
07_2016,IN,H_COMP_7,5,40,55,Care Transition,Composite Measure,Indiana,East North Central,2014-10-01,2015-09-30,30.786324786324787
07_2016,IN,H_HSP_RATING,6,19,75,Overall Hospital Rating,Global Item,Indiana,East North Central,2014-10-01,2015-09-30,30.786324786324787
07_2016,IN,H_QUIET_HSP,8,30,62,Quietness of Hospital Environment,Individual Item,Indiana,East North Central,2014-10-01,2015-09-30,30.786324786324787
07_2016,IN,H_RECMND,4,23,73,Willingness to Recommend the Hospital,Global Item,Indiana,East North Central,2014-10-01,2015-09-30,30.786324786324787
07_2016,KS,H_CLEAN_HSP,6,17,77,Cleanliness of Hospital Environment,Individual Item,Kansas,West North Central,2014-10-01,2015-09-30,34.62162162162162
07_2016,KS,H_COMP_1,3,15,82,Communication with Nurses,Composite Measure,Kansas,West North Central,2014-10-01,2015-09-30,34.62162162162162
07_2016,KS,H_COMP_2,3,12,85,Communication with Doctors,Composite Measure,Kansas,West North Central,2014-10-01,2015-09-30,34.62162162162162
07_2016,KS,H_COMP_3,6,21,73,Responsiveness of Hospital Staff,Composite Measure,Kansas,West North Central,2014-10-01,2015-09-30,34.62162162162162
07_2016,KS,H_COMP_5,15,19,66,Communication about Medicines,Composite Measure,Kansas,West North Central,2014-10-01,2015-09-30,34.62162162162162
07_2016,KS,H_COMP_6,13,0,87,Discharge Information,Composite Measure,Kansas,West North Central,2014-10-01,2015-09-30,34.62162162162162
07_2016,KS,H_COMP_7,4,40,56,Care Transition,Composite Measure,Kansas,West North Central,2014-10-01,2015-09-30,34.62162162162162
07_2016,KS,H_HSP_RATING,5,18,77,Overall Hospital Rating,Global Item,Kansas,West North Central,2014-10-01,2015-09-30,34.62162162162162
07_2016,KS,H_QUIET_HSP,6,27,67,Quietness of Hospital Environment,Individual Item,Kansas,West North Central,2014-10-01,2015-09-30,34.62162162162162
07_2016,KS,H_RECMND,3,21,76,Willingness to Recommend the Hospital,Global Item,Kansas,West North Central,2014-10-01,2015-09-30,34.62162162162162
07_2016,KY,H_CLEAN_HSP,8,17,75,Cleanliness of Hospital Environment,Individual Item,Kentucky,East South Central,2014-10-01,2015-09-30,28.876404494382022
07_2016,KY,H_COMP_1,4,15,81,Communication with Nurses,Composite Measure,Kentucky,East South Central,2014-10-01,2015-09-30,28.876404494382022
07_2016,KY,H_COMP_2,3,13,84,Communication with Doctors,Composite Measure,Kentucky,East South Central,2014-10-01,2015-09-30,28.876404494382022
07_2016,KY,H_COMP_3,8,23,69,Responsiveness of Hospital Staff,Composite Measure,Kentucky,East South Central,2014-10-01,2015-09-30,28.876404494382022
07_2016,KY,H_COMP_5,17,17,66,Communication about Medicines,Composite Measure,Kentucky,East South Central,2014-10-01,2015-09-30,28.876404494382022
07_2016,KY,H_COMP_6,13,0,87,Discharge Information,Composite Measure,Kentucky,East South Central,2014-10-01,2015-09-30,28.876404494382022
07_2016,KY,H_COMP_7,5,42,53,Care Transition,Composite Measure,Kentucky,East South Central,2014-10-01,2015-09-30,28.876404494382022
07_2016,KY,H_HSP_RATING,7,21,72,Overall Hospital Rating,Global Item,Kentucky,East South Central,2014-10-01,2015-09-30,28.876404494382022
07_2016,KY,H_QUIET_HSP,7,27,66,Quietness of Hospital Environment,Individual Item,Kentucky,East South Central,2014-10-01,2015-09-30,28.876404494382022
07_2016,KY,H_RECMND,5,25,70,Willingness to Recommend the Hospital,Global Item,Kentucky,East South Central,2014-10-01,2015-09-30,28.876404494382022
07_2016,LA,H_CLEAN_HSP,8,17,75,Cleanliness of Hospital Environment,Individual Item,Louisiana,West South Central,2014-10-01,2015-09-30,27.721153846153847
07_2016,LA,H_COMP_1,4,12,84,Communication with Nurses,Composite Measure,Louisiana,West South Central,2014-10-01,2015-09-30,27.721153846153847
07_2016,LA,H_COMP_2,3,9,88,Communication with Doctors,Composite Measure,Louisiana,West South Central,2014-10-01,2015-09-30,27.721153846153847
07_2016,LA,H_COMP_3,9,18,73,Responsiveness of Hospital Staff,Composite Measure,Louisiana,West South Central,2014-10-01,2015-09-30,27.721153846153847
07_2016,LA,H_COMP_5,16,15,69,Communication about Medicines,Composite Measure,Louisiana,West South Central,2014-10-01,2015-09-30,27.721153846153847
07_2016,LA,H_COMP_6,14,0,86,Discharge Information,Composite Measure,Louisiana,West South Central,2014-10-01,2015-09-30,27.721153846153847
07_2016,LA,H_COMP_7,5,37,58,Care Transition,Composite Measure,Louisiana,West South Central,2014-10-01,2015-09-30,27.721153846153847
07_2016,LA,H_HSP_RATING,6,18,76,Overall Hospital Rating,Global Item,Louisiana,West South Central,2014-10-01,2015-09-30,27.721153846153847
07_2016,LA,H_QUIET_HSP,5,21,74,Quietness of Hospital Environment,Individual Item,Louisiana,West South Central,2014-10-01,2015-09-30,27.721153846153847
07_2016,LA,H_RECMND,4,19,77,Willingness to Recommend the Hospital,Global Item,Louisiana,West South Central,2014-10-01,2015-09-30,27.721153846153847
07_2016,MA,H_CLEAN_HSP,8,20,72,Cleanliness of Hospital Environment,Individual Item,Massachusetts,New England,2014-10-01,2015-09-30,28.491525423728813
07_2016,MA,H_COMP_1,4,16,80,Communication with Nurses,Composite Measure,Massachusetts,New England,2014-10-01,2015-09-30,28.491525423728813
07_2016,MA,H_COMP_2,4,15,81,Communication with Doctors,Composite Measure,Massachusetts,New England,2014-10-01,2015-09-30,28.491525423728813
07_2016,MA,H_COMP_3,10,24,66,Responsiveness of Hospital Staff,Composite Measure,Massachusetts,New England,2014-10-01,2015-09-30,28.491525423728813
07_2016,MA,H_COMP_5,18,18,64,Communication about Medicines,Composite Measure,Massachusetts,New England,2014-10-01,2015-09-30,28.491525423728813
07_2016,MA,H_COMP_6,11,0,89,Discharge Information,Composite Measure,Massachusetts,New England,2014-10-01,2015-09-30,28.491525423728813
07_2016,MA,H_COMP_7,5,42,53,Care Transition,Composite Measure,Massachusetts,New England,2014-10-01,2015-09-30,28.491525423728813
07_2016,MA,H_HSP_RATING,8,22,70,Overall Hospital Rating,Global Item,Massachusetts,New England,2014-10-01,2015-09-30,28.491525423728813
07_2016,MA,H_QUIET_HSP,14,33,53,Quietness of Hospital Environment,Individual Item,Massachusetts,New England,2014-10-01,2015-09-30,28.491525423728813
07_2016,MA,H_RECMND,5,21,74,Willingness to Recommend the Hospital,Global Item,Massachusetts,New England,2014-10-01,2015-09-30,28.491525423728813
07_2016,ME,H_CLEAN_HSP,5,15,80,Cleanliness of Hospital Environment,Individual Item,Maine,New England,2014-10-01,2015-09-30,28.393939393939394
07_2016,ME,H_COMP_1,3,14,83,Communication with Nurses,Composite Measure,Maine,New England,2014-10-01,2015-09-30,28.393939393939394
07_2016,ME,H_COMP_2,4,13,83,Communication with Doctors,Composite Measure,Maine,New England,2014-10-01,2015-09-30,28.393939393939394
07_2016,ME,H_COMP_3,6,23,71,Responsiveness of Hospital Staff,Composite Measure,Maine,New England,2014-10-01,2015-09-30,28.393939393939394
07_2016,ME,H_COMP_5,15,16,69,Communication about Medicines,Composite Measure,Maine,New England,2014-10-01,2015-09-30,28.393939393939394
07_2016,ME,H_COMP_6,11,0,89,Discharge Information,Composite Measure,Maine,New England,2014-10-01,2015-09-30,28.393939393939394
07_2016,ME,H_COMP_7,4,39,57,Care Transition,Composite Measure,Maine,New England,2014-10-01,2015-09-30,28.393939393939394
07_2016,ME,H_HSP_RATING,6,18,76,Overall Hospital Rating,Global Item,Maine,New England,2014-10-01,2015-09-30,28.393939393939394
07_2016,ME,H_QUIET_HSP,9,32,59,Quietness of Hospital Environment,Individual Item,Maine,New England,2014-10-01,2015-09-30,28.393939393939394
07_2016,ME,H_RECMND,4,20,76,Willingness to Recommend the Hospital,Global Item,Maine,New England,2014-10-01,2015-09-30,28.393939393939394
07_2016,MI,H_CLEAN_HSP,8,18,74,Cleanliness of Hospital Environment,Individual Item,Michigan,East North Central,2014-10-01,2015-09-30,33.193548387096776
07_2016,MI,H_COMP_1,3,16,81,Communication with Nurses,Composite Measure,Michigan,East North Central,2014-10-01,2015-09-30,33.193548387096776
07_2016,MI,H_COMP_2,4,15,81,Communication with Doctors,Composite Measure,Michigan,East North Central,2014-10-01,2015-09-30,33.193548387096776
07_2016,MI,H_COMP_3,7,22,71,Responsiveness of Hospital Staff,Composite Measure,Michigan,East North Central,2014-10-01,2015-09-30,33.193548387096776
07_2016,MI,H_COMP_5,17,18,65,Communication about Medicines,Composite Measure,Michigan,East North Central,2014-10-01,2015-09-30,33.193548387096776
07_2016,MI,H_COMP_6,12,0,88,Discharge Information,Composite Measure,Michigan,East North Central,2014-10-01,2015-09-30,33.193548387096776
07_2016,MI,H_COMP_7,5,42,53,Care Transition,Composite Measure,Michigan,East North Central,2014-10-01,2015-09-30,33.193548387096776
07_2016,MI,H_HSP_RATING,7,20,73,Overall Hospital Rating,Global Item,Michigan,East North Central,2014-10-01,2015-09-30,33.193548387096776
07_2016,MI,H_QUIET_HSP,9,30,61,Quietness of Hospital Environment,Individual Item,Michigan,East North Central,2014-10-01,2015-09-30,33.193548387096776
07_2016,MI,H_RECMND,4,25,71,Willingness to Recommend the Hospital,Global Item,Michigan,East North Central,2014-10-01,2015-09-30,33.193548387096776
07_2016,MN,H_CLEAN_HSP,5,16,79,Cleanliness of Hospital Environment,Individual Item,Minnesota,West North Central,2014-10-01,2015-09-30,35.610619469026545
07_2016,MN,H_COMP_1,2,16,82,Communication with Nurses,Composite Measure,Minnesota,West North Central,2014-10-01,2015-09-30,35.610619469026545
07_2016,MN,H_COMP_2,3,13,84,Communication with Doctors,Composite Measure,Minnesota,West North Central,2014-10-01,2015-09-30,35.610619469026545
07_2016,MN,H_COMP_3,4,21,75,Responsiveness of Hospital Staff,Composite Measure,Minnesota,West North Central,2014-10-01,2015-09-30,35.610619469026545
07_2016,MN,H_COMP_5,14,19,67,Communication about Medicines,Composite Measure,Minnesota,West North Central,2014-10-01,2015-09-30,35.610619469026545
07_2016,MN,H_COMP_6,12,0,88,Discharge Information,Composite Measure,Minnesota,West North Central,2014-10-01,2015-09-30,35.610619469026545
07_2016,MN,H_COMP_7,4,40,56,Care Transition,Composite Measure,Minnesota,West North Central,2014-10-01,2015-09-30,35.610619469026545
07_2016,MN,H_HSP_RATING,5,19,76,Overall Hospital Rating,Global Item,Minnesota,West North Central,2014-10-01,2015-09-30,35.610619469026545
07_2016,MN,H_QUIET_HSP,6,27,67,Quietness of Hospital Environment,Individual Item,Minnesota,West North Central,2014-10-01,2015-09-30,35.610619469026545
07_2016,MN,H_RECMND,3,21,76,Willingness to Recommend the Hospital,Global Item,Minnesota,West North Central,2014-10-01,2015-09-30,35.610619469026545
07_2016,MO,H_CLEAN_HSP,8,19,73,Cleanliness of Hospital Environment,Individual Item,Missouri,West North Central,2014-10-01,2015-09-30,29.967741935483872
07_2016,MO,H_COMP_1,4,17,79,Communication with Nurses,Composite Measure,Missouri,West North Central,2014-10-01,2015-09-30,29.967741935483872
07_2016,MO,H_COMP_2,4,14,82,Communication with Doctors,Composite Measure,Missouri,West North Central,2014-10-01,2015-09-30,29.967741935483872
07_2016,MO,H_COMP_3,8,25,67,Responsiveness of Hospital Staff,Composite Measure,Missouri,West North Central,2014-10-01,2015-09-30,29.967741935483872
07_2016,MO,H_COMP_5,18,18,64,Communication about Medicines,Composite Measure,Missouri,West North Central,2014-10-01,2015-09-30,29.967741935483872
07_2016,MO,H_COMP_6,13,0,87,Discharge Information,Composite Measure,Missouri,West North Central,2014-10-01,2015-09-30,29.967741935483872
07_2016,MO,H_COMP_7,6,42,52,Care Transition,Composite Measure,Missouri,West North Central,2014-10-01,2015-09-30,29.967741935483872
07_2016,MO,H_HSP_RATING,7,22,71,Overall Hospital Rating,Global Item,Missouri,West North Central,2014-10-01,2015-09-30,29.967741935483872
07_2016,MO,H_QUIET_HSP,8,29,63,Quietness of Hospital Environment,Individual Item,Missouri,West North Central,2014-10-01,2015-09-30,29.967741935483872
07_2016,MO,H_RECMND,5,26,69,Willingness to Recommend the Hospital,Global Item,Missouri,West North Central,2014-10-01,2015-09-30,29.967741935483872
07_2016,MS,H_CLEAN_HSP,10,16,74,Cleanliness of Hospital Environment,Individual Item,Mississippi,East South Central,2014-10-01,2015-09-30,25.38372093023256
07_2016,MS,H_COMP_1,5,13,82,Communication with Nurses,Composite Measure,Mississippi,East South Central,2014-10-01,2015-09-30,25.38372093023256
07_2016,MS,H_COMP_2,4,10,86,Communication with Doctors,Composite Measure,Mississippi,East South Central,2014-10-01,2015-09-30,25.38372093023256
07_2016,MS,H_COMP_3,10,20,70,Responsiveness of Hospital Staff,Composite Measure,Mississippi,East South Central,2014-10-01,2015-09-30,25.38372093023256
07_2016,MS,H_COMP_5,17,16,67,Communication about Medicines,Composite Measure,Mississippi,East South Central,2014-10-01,2015-09-30,25.38372093023256
07_2016,MS,H_COMP_6,15,0,85,Discharge Information,Composite Measure,Mississippi,East South Central,2014-10-01,2015-09-30,25.38372093023256
07_2016,MS,H_COMP_7,6,43,51,Care Transition,Composite Measure,Mississippi,East South Central,2014-10-01,2015-09-30,25.38372093023256
07_2016,MS,H_HSP_RATING,8,21,71,Overall Hospital Rating,Global Item,Mississippi,East South Central,2014-10-01,2015-09-30,25.38372093023256
07_2016,MS,H_QUIET_HSP,6,21,73,Quietness of Hospital Environment,Individual Item,Mississippi,East South Central,2014-10-01,2015-09-30,25.38372093023256
07_2016,MS,H_RECMND,6,24,70,Willingness to Recommend the Hospital,Global Item,Mississippi,East South Central,2014-10-01,2015-09-30,25.38372093023256
07_2016,MT,H_CLEAN_HSP,8,18,74,Cleanliness of Hospital Environment,Individual Item,Montana,Mountain,2014-10-01,2015-09-30,33.30952380952381
07_2016,MT,H_COMP_1,4,16,80,Communication with Nurses,Composite Measure,Montana,Mountain,2014-10-01,2015-09-30,33.30952380952381
07_2016,MT,H_COMP_2,3,13,84,Communication with Doctors,Composite Measure,Montana,Mountain,2014-10-01,2015-09-30,33.30952380952381
07_2016,MT,H_COMP_3,6,20,74,Responsiveness of Hospital Staff,Composite Measure,Montana,Mountain,2014-10-01,2015-09-30,33.30952380952381
07_2016,MT,H_COMP_5,17,18,65,Communication about Medicines,Composite Measure,Montana,Mountain,2014-10-01,2015-09-30,33.30952380952381
07_2016,MT,H_COMP_6,14,0,86,Discharge Information,Composite Measure,Montana,Mountain,2014-10-01,2015-09-30,33.30952380952381
07_2016,MT,H_COMP_7,4,42,54,Care Transition,Composite Measure,Montana,Mountain,2014-10-01,2015-09-30,33.30952380952381
07_2016,MT,H_HSP_RATING,8,22,70,Overall Hospital Rating,Global Item,Montana,Mountain,2014-10-01,2015-09-30,33.30952380952381
07_2016,MT,H_QUIET_HSP,7,30,63,Quietness of Hospital Environment,Individual Item,Montana,Mountain,2014-10-01,2015-09-30,33.30952380952381
07_2016,MT,H_RECMND,4,25,71,Willingness to Recommend the Hospital,Global Item,Montana,Mountain,2014-10-01,2015-09-30,33.30952380952381
07_2016,NC,H_CLEAN_HSP,10,18,72,Cleanliness of Hospital Environment,Individual Item,North Carolina,South Atlantic,2014-10-01,2015-09-30,27.061855670103093
07_2016,NC,H_COMP_1,4,15,81,Communication with Nurses,Composite Measure,North Carolina,South Atlantic,2014-10-01,2015-09-30,27.061855670103093
07_2016,NC,H_COMP_2,4,13,83,Communication with Doctors,Composite Measure,North Carolina,South Atlantic,2014-10-01,2015-09-30,27.061855670103093
07_2016,NC,H_COMP_3,9,23,68,Responsiveness of Hospital Staff,Composite Measure,North Carolina,South Atlantic,2014-10-01,2015-09-30,27.061855670103093
07_2016,NC,H_COMP_5,17,17,66,Communication about Medicines,Composite Measure,North Carolina,South Atlantic,2014-10-01,2015-09-30,27.061855670103093
07_2016,NC,H_COMP_6,13,0,87,Discharge Information,Composite Measure,North Carolina,South Atlantic,2014-10-01,2015-09-30,27.061855670103093
07_2016,NC,H_COMP_7,5,43,52,Care Transition,Composite Measure,North Carolina,South Atlantic,2014-10-01,2015-09-30,27.061855670103093
07_2016,NC,H_HSP_RATING,8,21,71,Overall Hospital Rating,Global Item,North Carolina,South Atlantic,2014-10-01,2015-09-30,27.061855670103093
07_2016,NC,H_QUIET_HSP,8,28,64,Quietness of Hospital Environment,Individual Item,North Carolina,South Atlantic,2014-10-01,2015-09-30,27.061855670103093
07_2016,NC,H_RECMND,5,25,70,Willingness to Recommend the Hospital,Global Item,North Carolina,South Atlantic,2014-10-01,2015-09-30,27.061855670103093
07_2016,ND,H_CLEAN_HSP,9,17,74,Cleanliness of Hospital Environment,Individual Item,North Dakota,West North Central,2014-10-01,2015-09-30,34.63636363636363
07_2016,ND,H_COMP_1,3,16,81,Communication with Nurses,Composite Measure,North Dakota,West North Central,2014-10-01,2015-09-30,34.63636363636363
07_2016,ND,H_COMP_2,3,14,83,Communication with Doctors,Composite Measure,North Dakota,West North Central,2014-10-01,2015-09-30,34.63636363636363
07_2016,ND,H_COMP_3,5,20,75,Responsiveness of Hospital Staff,Composite Measure,North Dakota,West North Central,2014-10-01,2015-09-30,34.63636363636363
07_2016,ND,H_COMP_5,17,21,62,Communication about Medicines,Composite Measure,North Dakota,West North Central,2014-10-01,2015-09-30,34.63636363636363
07_2016,ND,H_COMP_6,18,0,82,Discharge Information,Composite Measure,North Dakota,West North Central,2014-10-01,2015-09-30,34.63636363636363
07_2016,ND,H_COMP_7,4,44,52,Care Transition,Composite Measure,North Dakota,West North Central,2014-10-01,2015-09-30,34.63636363636363
07_2016,ND,H_HSP_RATING,7,22,71,Overall Hospital Rating,Global Item,North Dakota,West North Central,2014-10-01,2015-09-30,34.63636363636363
07_2016,ND,H_QUIET_HSP,7,27,66,Quietness of Hospital Environment,Individual Item,North Dakota,West North Central,2014-10-01,2015-09-30,34.63636363636363
07_2016,ND,H_RECMND,5,23,72,Willingness to Recommend the Hospital,Global Item,North Dakota,West North Central,2014-10-01,2015-09-30,34.63636363636363
07_2016,NE,H_CLEAN_HSP,5,15,80,Cleanliness of Hospital Environment,Individual Item,Nebraska,West North Central,2014-10-01,2015-09-30,37.5679012345679
07_2016,NE,H_COMP_1,2,14,84,Communication with Nurses,Composite Measure,Nebraska,West North Central,2014-10-01,2015-09-30,37.5679012345679
07_2016,NE,H_COMP_2,2,12,86,Communication with Doctors,Composite Measure,Nebraska,West North Central,2014-10-01,2015-09-30,37.5679012345679
07_2016,NE,H_COMP_3,4,20,76,Responsiveness of Hospital Staff,Composite Measure,Nebraska,West North Central,2014-10-01,2015-09-30,37.5679012345679
07_2016,NE,H_COMP_5,13,19,68,Communication about Medicines,Composite Measure,Nebraska,West North Central,2014-10-01,2015-09-30,37.5679012345679
07_2016,NE,H_COMP_6,12,0,88,Discharge Information,Composite Measure,Nebraska,West North Central,2014-10-01,2015-09-30,37.5679012345679
07_2016,NE,H_COMP_7,3,39,58,Care Transition,Composite Measure,Nebraska,West North Central,2014-10-01,2015-09-30,37.5679012345679
07_2016,NE,H_HSP_RATING,5,17,78,Overall Hospital Rating,Global Item,Nebraska,West North Central,2014-10-01,2015-09-30,37.5679012345679
07_2016,NE,H_QUIET_HSP,5,26,69,Quietness of Hospital Environment,Individual Item,Nebraska,West North Central,2014-10-01,2015-09-30,37.5679012345679
07_2016,NE,H_RECMND,2,19,79,Willingness to Recommend the Hospital,Global Item,Nebraska,West North Central,2014-10-01,2015-09-30,37.5679012345679
07_2016,NH,H_CLEAN_HSP,7,17,76,Cleanliness of Hospital Environment,Individual Item,New Hampshire,New England,2014-10-01,2015-09-30,29.958333333333332
07_2016,NH,H_COMP_1,3,16,81,Communication with Nurses,Composite Measure,New Hampshire,New England,2014-10-01,2015-09-30,29.958333333333332
07_2016,NH,H_COMP_2,4,15,81,Communication with Doctors,Composite Measure,New Hampshire,New England,2014-10-01,2015-09-30,29.958333333333332
07_2016,NH,H_COMP_3,7,22,71,Responsiveness of Hospital Staff,Composite Measure,New Hampshire,New England,2014-10-01,2015-09-30,29.958333333333332
07_2016,NH,H_COMP_5,15,18,67,Communication about Medicines,Composite Measure,New Hampshire,New England,2014-10-01,2015-09-30,29.958333333333332
07_2016,NH,H_COMP_6,10,0,90,Discharge Information,Composite Measure,New Hampshire,New England,2014-10-01,2015-09-30,29.958333333333332
07_2016,NH,H_COMP_7,4,42,54,Care Transition,Composite Measure,New Hampshire,New England,2014-10-01,2015-09-30,29.958333333333332
07_2016,NH,H_HSP_RATING,6,21,73,Overall Hospital Rating,Global Item,New Hampshire,New England,2014-10-01,2015-09-30,29.958333333333332
07_2016,NH,H_QUIET_HSP,11,33,56,Quietness of Hospital Environment,Individual Item,New Hampshire,New England,2014-10-01,2015-09-30,29.958333333333332
07_2016,NH,H_RECMND,4,22,74,Willingness to Recommend the Hospital,Global Item,New Hampshire,New England,2014-10-01,2015-09-30,29.958333333333332
07_2016,NJ,H_CLEAN_HSP,11,21,68,Cleanliness of Hospital Environment,Individual Item,New Jersey,Mid-Atlantic,2014-10-01,2015-09-30,23.75
07_2016,NJ,H_COMP_1,6,17,77,Communication with Nurses,Composite Measure,New Jersey,Mid-Atlantic,2014-10-01,2015-09-30,23.75
07_2016,NJ,H_COMP_2,6,17,77,Communication with Doctors,Composite Measure,New Jersey,Mid-Atlantic,2014-10-01,2015-09-30,23.75
07_2016,NJ,H_COMP_3,13,26,61,Responsiveness of Hospital Staff,Composite Measure,New Jersey,Mid-Atlantic,2014-10-01,2015-09-30,23.75
07_2016,NJ,H_COMP_5,22,19,59,Communication about Medicines,Composite Measure,New Jersey,Mid-Atlantic,2014-10-01,2015-09-30,23.75
07_2016,NJ,H_COMP_6,17,0,83,Discharge Information,Composite Measure,New Jersey,Mid-Atlantic,2014-10-01,2015-09-30,23.75
07_2016,NJ,H_COMP_7,7,46,47,Care Transition,Composite Measure,New Jersey,Mid-Atlantic,2014-10-01,2015-09-30,23.75
07_2016,NJ,H_HSP_RATING,11,25,64,Overall Hospital Rating,Global Item,New Jersey,Mid-Atlantic,2014-10-01,2015-09-30,23.75
07_2016,NJ,H_QUIET_HSP,15,32,53,Quietness of Hospital Environment,Individual Item,New Jersey,Mid-Atlantic,2014-10-01,2015-09-30,23.75
07_2016,NJ,H_RECMND,7,27,66,Willingness to Recommend the Hospital,Global Item,New Jersey,Mid-Atlantic,2014-10-01,2015-09-30,23.75
07_2016,NM,H_CLEAN_HSP,10,19,71,Cleanliness of Hospital Environment,Individual Item,New Mexico,Mountain,2014-10-01,2015-09-30,23.45
07_2016,NM,H_COMP_1,6,17,77,Communication with Nurses,Composite Measure,New Mexico,Mountain,2014-10-01,2015-09-30,23.45
07_2016,NM,H_COMP_2,7,15,78,Communication with Doctors,Composite Measure,New Mexico,Mountain,2014-10-01,2015-09-30,23.45
07_2016,NM,H_COMP_3,10,22,68,Responsiveness of Hospital Staff,Composite Measure,New Mexico,Mountain,2014-10-01,2015-09-30,23.45
07_2016,NM,H_COMP_5,17,18,65,Communication about Medicines,Composite Measure,New Mexico,Mountain,2014-10-01,2015-09-30,23.45
07_2016,NM,H_COMP_6,16,0,84,Discharge Information,Composite Measure,New Mexico,Mountain,2014-10-01,2015-09-30,23.45
07_2016,NM,H_COMP_7,6,45,49,Care Transition,Composite Measure,New Mexico,Mountain,2014-10-01,2015-09-30,23.45
07_2016,NM,H_HSP_RATING,11,22,67,Overall Hospital Rating,Global Item,New Mexico,Mountain,2014-10-01,2015-09-30,23.45
07_2016,NM,H_QUIET_HSP,10,28,62,Quietness of Hospital Environment,Individual Item,New Mexico,Mountain,2014-10-01,2015-09-30,23.45
07_2016,NM,H_RECMND,6,30,64,Willingness to Recommend the Hospital,Global Item,New Mexico,Mountain,2014-10-01,2015-09-30,23.45
07_2016,NV,H_CLEAN_HSP,11,21,68,Cleanliness of Hospital Environment,Individual Item,Nevada,Mountain,2014-10-01,2015-09-30,25.541666666666668
07_2016,NV,H_COMP_1,7,20,73,Communication with Nurses,Composite Measure,Nevada,Mountain,2014-10-01,2015-09-30,25.541666666666668
07_2016,NV,H_COMP_2,7,18,75,Communication with Doctors,Composite Measure,Nevada,Mountain,2014-10-01,2015-09-30,25.541666666666668
07_2016,NV,H_COMP_3,12,29,59,Responsiveness of Hospital Staff,Composite Measure,Nevada,Mountain,2014-10-01,2015-09-30,25.541666666666668
07_2016,NV,H_COMP_5,22,18,60,Communication about Medicines,Composite Measure,Nevada,Mountain,2014-10-01,2015-09-30,25.541666666666668
07_2016,NV,H_COMP_6,16,0,84,Discharge Information,Composite Measure,Nevada,Mountain,2014-10-01,2015-09-30,25.541666666666668
07_2016,NV,H_COMP_7,8,45,47,Care Transition,Composite Measure,Nevada,Mountain,2014-10-01,2015-09-30,25.541666666666668
07_2016,NV,H_HSP_RATING,11,23,66,Overall Hospital Rating,Global Item,Nevada,Mountain,2014-10-01,2015-09-30,25.541666666666668
07_2016,NV,H_QUIET_HSP,12,33,55,Quietness of Hospital Environment,Individual Item,Nevada,Mountain,2014-10-01,2015-09-30,25.541666666666668
07_2016,NV,H_RECMND,8,26,66,Willingness to Recommend the Hospital,Global Item,Nevada,Mountain,2014-10-01,2015-09-30,25.541666666666668
07_2016,NY,H_CLEAN_HSP,10,21,69,Cleanliness of Hospital Environment,Individual Item,New York,Mid-Atlantic,2014-10-01,2015-09-30,25.55757575757576
07_2016,NY,H_COMP_1,6,18,76,Communication with Nurses,Composite Measure,New York,Mid-Atlantic,2014-10-01,2015-09-30,25.55757575757576
07_2016,NY,H_COMP_2,6,17,77,Communication with Doctors,Composite Measure,New York,Mid-Atlantic,2014-10-01,2015-09-30,25.55757575757576
07_2016,NY,H_COMP_3,13,25,62,Responsiveness of Hospital Staff,Composite Measure,New York,Mid-Atlantic,2014-10-01,2015-09-30,25.55757575757576
07_2016,NY,H_COMP_5,22,18,60,Communication about Medicines,Composite Measure,New York,Mid-Atlantic,2014-10-01,2015-09-30,25.55757575757576
07_2016,NY,H_COMP_6,15,0,85,Discharge Information,Composite Measure,New York,Mid-Atlantic,2014-10-01,2015-09-30,25.55757575757576
07_2016,NY,H_COMP_7,6,47,47,Care Transition,Composite Measure,New York,Mid-Atlantic,2014-10-01,2015-09-30,25.55757575757576
07_2016,NY,H_HSP_RATING,11,25,64,Overall Hospital Rating,Global Item,New York,Mid-Atlantic,2014-10-01,2015-09-30,25.55757575757576
07_2016,NY,H_QUIET_HSP,14,34,52,Quietness of Hospital Environment,Individual Item,New York,Mid-Atlantic,2014-10-01,2015-09-30,25.55757575757576
07_2016,NY,H_RECMND,7,27,66,Willingness to Recommend the Hospital,Global Item,New York,Mid-Atlantic,2014-10-01,2015-09-30,25.55757575757576
07_2016,OH,H_CLEAN_HSP,7,18,75,Cleanliness of Hospital Environment,Individual Item,Ohio,East North Central,2014-10-01,2015-09-30,31.537974683544302
07_2016,OH,H_COMP_1,3,15,82,Communication with Nurses,Composite Measure,Ohio,East North Central,2014-10-01,2015-09-30,31.537974683544302
07_2016,OH,H_COMP_2,4,15,81,Communication with Doctors,Composite Measure,Ohio,East North Central,2014-10-01,2015-09-30,31.537974683544302
07_2016,OH,H_COMP_3,7,23,70,Responsiveness of Hospital Staff,Composite Measure,Ohio,East North Central,2014-10-01,2015-09-30,31.537974683544302
07_2016,OH,H_COMP_5,17,18,65,Communication about Medicines,Composite Measure,Ohio,East North Central,2014-10-01,2015-09-30,31.537974683544302
07_2016,OH,H_COMP_6,12,0,88,Discharge Information,Composite Measure,Ohio,East North Central,2014-10-01,2015-09-30,31.537974683544302
07_2016,OH,H_COMP_7,4,43,53,Care Transition,Composite Measure,Ohio,East North Central,2014-10-01,2015-09-30,31.537974683544302
07_2016,OH,H_HSP_RATING,7,20,73,Overall Hospital Rating,Global Item,Ohio,East North Central,2014-10-01,2015-09-30,31.537974683544302
07_2016,OH,H_QUIET_HSP,9,31,60,Quietness of Hospital Environment,Individual Item,Ohio,East North Central,2014-10-01,2015-09-30,31.537974683544302
07_2016,OH,H_RECMND,4,24,72,Willingness to Recommend the Hospital,Global Item,Ohio,East North Central,2014-10-01,2015-09-30,31.537974683544302
07_2016,OK,H_CLEAN_HSP,8,18,74,Cleanliness of Hospital Environment,Individual Item,Oklahoma,West South Central,2014-10-01,2015-09-30,28.745098039215687
07_2016,OK,H_COMP_1,4,15,81,Communication with Nurses,Composite Measure,Oklahoma,West South Central,2014-10-01,2015-09-30,28.745098039215687
07_2016,OK,H_COMP_2,3,12,85,Communication with Doctors,Composite Measure,Oklahoma,West South Central,2014-10-01,2015-09-30,28.745098039215687
07_2016,OK,H_COMP_3,7,21,72,Responsiveness of Hospital Staff,Composite Measure,Oklahoma,West South Central,2014-10-01,2015-09-30,28.745098039215687
07_2016,OK,H_COMP_5,16,18,66,Communication about Medicines,Composite Measure,Oklahoma,West South Central,2014-10-01,2015-09-30,28.745098039215687
07_2016,OK,H_COMP_6,14,0,86,Discharge Information,Composite Measure,Oklahoma,West South Central,2014-10-01,2015-09-30,28.745098039215687
07_2016,OK,H_COMP_7,5,41,54,Care Transition,Composite Measure,Oklahoma,West South Central,2014-10-01,2015-09-30,28.745098039215687
07_2016,OK,H_HSP_RATING,7,20,73,Overall Hospital Rating,Global Item,Oklahoma,West South Central,2014-10-01,2015-09-30,28.745098039215687
07_2016,OK,H_QUIET_HSP,6,24,70,Quietness of Hospital Environment,Individual Item,Oklahoma,West South Central,2014-10-01,2015-09-30,28.745098039215687
07_2016,OK,H_RECMND,5,24,71,Willingness to Recommend the Hospital,Global Item,Oklahoma,West South Central,2014-10-01,2015-09-30,28.745098039215687
07_2016,OR,H_CLEAN_HSP,7,19,74,Cleanliness of Hospital Environment,Individual Item,Oregon,Pacific,2014-10-01,2015-09-30,29.677966101694917
07_2016,OR,H_COMP_1,3,18,79,Communication with Nurses,Composite Measure,Oregon,Pacific,2014-10-01,2015-09-30,29.677966101694917
07_2016,OR,H_COMP_2,4,15,81,Communication with Doctors,Composite Measure,Oregon,Pacific,2014-10-01,2015-09-30,29.677966101694917
07_2016,OR,H_COMP_3,6,25,69,Responsiveness of Hospital Staff,Composite Measure,Oregon,Pacific,2014-10-01,2015-09-30,29.677966101694917
07_2016,OR,H_COMP_5,16,19,65,Communication about Medicines,Composite Measure,Oregon,Pacific,2014-10-01,2015-09-30,29.677966101694917
07_2016,OR,H_COMP_6,12,0,88,Discharge Information,Composite Measure,Oregon,Pacific,2014-10-01,2015-09-30,29.677966101694917
07_2016,OR,H_COMP_7,5,43,52,Care Transition,Composite Measure,Oregon,Pacific,2014-10-01,2015-09-30,29.677966101694917
07_2016,OR,H_HSP_RATING,6,23,71,Overall Hospital Rating,Global Item,Oregon,Pacific,2014-10-01,2015-09-30,29.677966101694917
07_2016,OR,H_QUIET_HSP,10,33,57,Quietness of Hospital Environment,Individual Item,Oregon,Pacific,2014-10-01,2015-09-30,29.677966101694917
07_2016,OR,H_RECMND,4,24,72,Willingness to Recommend the Hospital,Global Item,Oregon,Pacific,2014-10-01,2015-09-30,29.677966101694917
07_2016,PA,H_CLEAN_HSP,8,19,73,Cleanliness of Hospital Environment,Individual Item,Pennsylvania,Mid-Atlantic,2014-10-01,2015-09-30,33.99375
07_2016,PA,H_COMP_1,4,16,80,Communication with Nurses,Composite Measure,Pennsylvania,Mid-Atlantic,2014-10-01,2015-09-30,33.99375
07_2016,PA,H_COMP_2,4,16,80,Communication with Doctors,Composite Measure,Pennsylvania,Mid-Atlantic,2014-10-01,2015-09-30,33.99375
07_2016,PA,H_COMP_3,9,24,67,Responsiveness of Hospital Staff,Composite Measure,Pennsylvania,Mid-Atlantic,2014-10-01,2015-09-30,33.99375
07_2016,PA,H_COMP_5,19,18,63,Communication about Medicines,Composite Measure,Pennsylvania,Mid-Atlantic,2014-10-01,2015-09-30,33.99375
07_2016,PA,H_COMP_6,13,0,87,Discharge Information,Composite Measure,Pennsylvania,Mid-Atlantic,2014-10-01,2015-09-30,33.99375
07_2016,PA,H_COMP_7,5,44,51,Care Transition,Composite Measure,Pennsylvania,Mid-Atlantic,2014-10-01,2015-09-30,33.99375
07_2016,PA,H_HSP_RATING,8,22,70,Overall Hospital Rating,Global Item,Pennsylvania,Mid-Atlantic,2014-10-01,2015-09-30,33.99375
07_2016,PA,H_QUIET_HSP,11,33,56,Quietness of Hospital Environment,Individual Item,Pennsylvania,Mid-Atlantic,2014-10-01,2015-09-30,33.99375
07_2016,PA,H_RECMND,5,25,70,Willingness to Recommend the Hospital,Global Item,Pennsylvania,Mid-Atlantic,2014-10-01,2015-09-30,33.99375
07_2016,RI,H_CLEAN_HSP,8,19,73,Cleanliness of Hospital Environment,Individual Item,Rhode Island,New England,2014-10-01,2015-09-30,30.0
07_2016,RI,H_COMP_1,4,16,80,Communication with Nurses,Composite Measure,Rhode Island,New England,2014-10-01,2015-09-30,30.0
07_2016,RI,H_COMP_2,4,15,81,Communication with Doctors,Composite Measure,Rhode Island,New England,2014-10-01,2015-09-30,30.0
07_2016,RI,H_COMP_3,9,23,68,Responsiveness of Hospital Staff,Composite Measure,Rhode Island,New England,2014-10-01,2015-09-30,30.0
07_2016,RI,H_COMP_5,20,17,63,Communication about Medicines,Composite Measure,Rhode Island,New England,2014-10-01,2015-09-30,30.0
07_2016,RI,H_COMP_6,13,0,87,Discharge Information,Composite Measure,Rhode Island,New England,2014-10-01,2015-09-30,30.0
07_2016,RI,H_COMP_7,5,43,52,Care Transition,Composite Measure,Rhode Island,New England,2014-10-01,2015-09-30,30.0
07_2016,RI,H_HSP_RATING,8,22,70,Overall Hospital Rating,Global Item,Rhode Island,New England,2014-10-01,2015-09-30,30.0
07_2016,RI,H_QUIET_HSP,13,32,55,Quietness of Hospital Environment,Individual Item,Rhode Island,New England,2014-10-01,2015-09-30,30.0
07_2016,RI,H_RECMND,5,22,73,Willingness to Recommend the Hospital,Global Item,Rhode Island,New England,2014-10-01,2015-09-30,30.0
07_2016,SC,H_CLEAN_HSP,10,18,72,Cleanliness of Hospital Environment,Individual Item,South Carolina,South Atlantic,2014-10-01,2015-09-30,27.224137931034484
07_2016,SC,H_COMP_1,5,14,81,Communication with Nurses,Composite Measure,South Carolina,South Atlantic,2014-10-01,2015-09-30,27.224137931034484
07_2016,SC,H_COMP_2,4,13,83,Communication with Doctors,Composite Measure,South Carolina,South Atlantic,2014-10-01,2015-09-30,27.224137931034484
07_2016,SC,H_COMP_3,10,22,68,Responsiveness of Hospital Staff,Composite Measure,South Carolina,South Atlantic,2014-10-01,2015-09-30,27.224137931034484
07_2016,SC,H_COMP_5,17,17,66,Communication about Medicines,Composite Measure,South Carolina,South Atlantic,2014-10-01,2015-09-30,27.224137931034484
07_2016,SC,H_COMP_6,13,0,87,Discharge Information,Composite Measure,South Carolina,South Atlantic,2014-10-01,2015-09-30,27.224137931034484
07_2016,SC,H_COMP_7,6,41,53,Care Transition,Composite Measure,South Carolina,South Atlantic,2014-10-01,2015-09-30,27.224137931034484
07_2016,SC,H_HSP_RATING,8,21,71,Overall Hospital Rating,Global Item,South Carolina,South Atlantic,2014-10-01,2015-09-30,27.224137931034484
07_2016,SC,H_QUIET_HSP,7,25,68,Quietness of Hospital Environment,Individual Item,South Carolina,South Atlantic,2014-10-01,2015-09-30,27.224137931034484
07_2016,SC,H_RECMND,5,24,71,Willingness to Recommend the Hospital,Global Item,South Carolina,South Atlantic,2014-10-01,2015-09-30,27.224137931034484
07_2016,SD,H_CLEAN_HSP,6,16,78,Cleanliness of Hospital Environment,Individual Item,South Dakota,West North Central,2014-10-01,2015-09-30,35.04545454545455
07_2016,SD,H_COMP_1,2,15,83,Communication with Nurses,Composite Measure,South Dakota,West North Central,2014-10-01,2015-09-30,35.04545454545455
07_2016,SD,H_COMP_2,2,12,86,Communication with Doctors,Composite Measure,South Dakota,West North Central,2014-10-01,2015-09-30,35.04545454545455
07_2016,SD,H_COMP_3,4,19,77,Responsiveness of Hospital Staff,Composite Measure,South Dakota,West North Central,2014-10-01,2015-09-30,35.04545454545455
07_2016,SD,H_COMP_5,12,19,69,Communication about Medicines,Composite Measure,South Dakota,West North Central,2014-10-01,2015-09-30,35.04545454545455
07_2016,SD,H_COMP_6,12,0,88,Discharge Information,Composite Measure,South Dakota,West North Central,2014-10-01,2015-09-30,35.04545454545455
07_2016,SD,H_COMP_7,4,42,54,Care Transition,Composite Measure,South Dakota,West North Central,2014-10-01,2015-09-30,35.04545454545455
07_2016,SD,H_HSP_RATING,5,17,78,Overall Hospital Rating,Global Item,South Dakota,West North Central,2014-10-01,2015-09-30,35.04545454545455
07_2016,SD,H_QUIET_HSP,4,26,70,Quietness of Hospital Environment,Individual Item,South Dakota,West North Central,2014-10-01,2015-09-30,35.04545454545455
07_2016,SD,H_RECMND,2,21,77,Willingness to Recommend the Hospital,Global Item,South Dakota,West North Central,2014-10-01,2015-09-30,35.04545454545455
07_2016,TN,H_CLEAN_HSP,10,17,73,Cleanliness of Hospital Environment,Individual Item,Tennessee,East South Central,2014-10-01,2015-09-30,29.55
07_2016,TN,H_COMP_1,5,15,80,Communication with Nurses,Composite Measure,Tennessee,East South Central,2014-10-01,2015-09-30,29.55
07_2016,TN,H_COMP_2,4,13,83,Communication with Doctors,Composite Measure,Tennessee,East South Central,2014-10-01,2015-09-30,29.55
07_2016,TN,H_COMP_3,9,22,69,Responsiveness of Hospital Staff,Composite Measure,Tennessee,East South Central,2014-10-01,2015-09-30,29.55
07_2016,TN,H_COMP_5,19,16,65,Communication about Medicines,Composite Measure,Tennessee,East South Central,2014-10-01,2015-09-30,29.55
07_2016,TN,H_COMP_6,14,0,86,Discharge Information,Composite Measure,Tennessee,East South Central,2014-10-01,2015-09-30,29.55
07_2016,TN,H_COMP_7,6,43,51,Care Transition,Composite Measure,Tennessee,East South Central,2014-10-01,2015-09-30,29.55
07_2016,TN,H_HSP_RATING,8,20,72,Overall Hospital Rating,Global Item,Tennessee,East South Central,2014-10-01,2015-09-30,29.55
07_2016,TN,H_QUIET_HSP,7,26,67,Quietness of Hospital Environment,Individual Item,Tennessee,East South Central,2014-10-01,2015-09-30,29.55
07_2016,TN,H_RECMND,6,23,71,Willingness to Recommend the Hospital,Global Item,Tennessee,East South Central,2014-10-01,2015-09-30,29.55
07_2016,TX,H_CLEAN_HSP,8,17,75,Cleanliness of Hospital Environment,Individual Item,Texas,West South Central,2014-10-01,2015-09-30,26.71385542168675
07_2016,TX,H_COMP_1,4,16,80,Communication with Nurses,Composite Measure,Texas,West South Central,2014-10-01,2015-09-30,26.71385542168675
07_2016,TX,H_COMP_2,4,13,83,Communication with Doctors,Composite Measure,Texas,West South Central,2014-10-01,2015-09-30,26.71385542168675
07_2016,TX,H_COMP_3,9,21,70,Responsiveness of Hospital Staff,Composite Measure,Texas,West South Central,2014-10-01,2015-09-30,26.71385542168675
07_2016,TX,H_COMP_5,17,17,66,Communication about Medicines,Composite Measure,Texas,West South Central,2014-10-01,2015-09-30,26.71385542168675
07_2016,TX,H_COMP_6,14,0,86,Discharge Information,Composite Measure,Texas,West South Central,2014-10-01,2015-09-30,26.71385542168675
07_2016,TX,H_COMP_7,5,42,53,Care Transition,Composite Measure,Texas,West South Central,2014-10-01,2015-09-30,26.71385542168675
07_2016,TX,H_HSP_RATING,7,19,74,Overall Hospital Rating,Global Item,Texas,West South Central,2014-10-01,2015-09-30,26.71385542168675
07_2016,TX,H_QUIET_HSP,7,24,69,Quietness of Hospital Environment,Individual Item,Texas,West South Central,2014-10-01,2015-09-30,26.71385542168675
07_2016,TX,H_RECMND,5,21,74,Willingness to Recommend the Hospital,Global Item,Texas,West South Central,2014-10-01,2015-09-30,26.71385542168675
07_2016,UT,H_CLEAN_HSP,7,19,74,Cleanliness of Hospital Environment,Individual Item,Utah,Mountain,2014-10-01,2015-09-30,33.73809523809524
07_2016,UT,H_COMP_1,3,17,80,Communication with Nurses,Composite Measure,Utah,Mountain,2014-10-01,2015-09-30,33.73809523809524
07_2016,UT,H_COMP_2,2,14,84,Communication with Doctors,Composite Measure,Utah,Mountain,2014-10-01,2015-09-30,33.73809523809524
07_2016,UT,H_COMP_3,6,25,69,Responsiveness of Hospital Staff,Composite Measure,Utah,Mountain,2014-10-01,2015-09-30,33.73809523809524
07_2016,UT,H_COMP_5,15,19,66,Communication about Medicines,Composite Measure,Utah,Mountain,2014-10-01,2015-09-30,33.73809523809524
07_2016,UT,H_COMP_6,10,0,90,Discharge Information,Composite Measure,Utah,Mountain,2014-10-01,2015-09-30,33.73809523809524
07_2016,UT,H_COMP_7,5,38,57,Care Transition,Composite Measure,Utah,Mountain,2014-10-01,2015-09-30,33.73809523809524
07_2016,UT,H_HSP_RATING,6,18,76,Overall Hospital Rating,Global Item,Utah,Mountain,2014-10-01,2015-09-30,33.73809523809524
07_2016,UT,H_QUIET_HSP,7,30,63,Quietness of Hospital Environment,Individual Item,Utah,Mountain,2014-10-01,2015-09-30,33.73809523809524
07_2016,UT,H_RECMND,3,20,77,Willingness to Recommend the Hospital,Global Item,Utah,Mountain,2014-10-01,2015-09-30,33.73809523809524
07_2016,VA,H_CLEAN_HSP,9,19,72,Cleanliness of Hospital Environment,Individual Item,Virginia,South Atlantic,2014-10-01,2015-09-30,28.17721518987342
07_2016,VA,H_COMP_1,5,16,79,Communication with Nurses,Composite Measure,Virginia,South Atlantic,2014-10-01,2015-09-30,28.17721518987342
07_2016,VA,H_COMP_2,4,15,81,Communication with Doctors,Composite Measure,Virginia,South Atlantic,2014-10-01,2015-09-30,28.17721518987342
07_2016,VA,H_COMP_3,10,25,65,Responsiveness of Hospital Staff,Composite Measure,Virginia,South Atlantic,2014-10-01,2015-09-30,28.17721518987342
07_2016,VA,H_COMP_5,18,18,64,Communication about Medicines,Composite Measure,Virginia,South Atlantic,2014-10-01,2015-09-30,28.17721518987342
07_2016,VA,H_COMP_6,12,0,88,Discharge Information,Composite Measure,Virginia,South Atlantic,2014-10-01,2015-09-30,28.17721518987342
07_2016,VA,H_COMP_7,6,43,51,Care Transition,Composite Measure,Virginia,South Atlantic,2014-10-01,2015-09-30,28.17721518987342
07_2016,VA,H_HSP_RATING,8,22,70,Overall Hospital Rating,Global Item,Virginia,South Atlantic,2014-10-01,2015-09-30,28.17721518987342
07_2016,VA,H_QUIET_HSP,9,30,61,Quietness of Hospital Environment,Individual Item,Virginia,South Atlantic,2014-10-01,2015-09-30,28.17721518987342
07_2016,VA,H_RECMND,5,25,70,Willingness to Recommend the Hospital,Global Item,Virginia,South Atlantic,2014-10-01,2015-09-30,28.17721518987342
07_2016,VT,H_CLEAN_HSP,5,19,76,Cleanliness of Hospital Environment,Individual Item,Vermont,New England,2014-10-01,2015-09-30,29.428571428571427
07_2016,VT,H_COMP_1,4,16,80,Communication with Nurses,Composite Measure,Vermont,New England,2014-10-01,2015-09-30,29.428571428571427
07_2016,VT,H_COMP_2,4,14,82,Communication with Doctors,Composite Measure,Vermont,New England,2014-10-01,2015-09-30,29.428571428571427
07_2016,VT,H_COMP_3,7,23,70,Responsiveness of Hospital Staff,Composite Measure,Vermont,New England,2014-10-01,2015-09-30,29.428571428571427
07_2016,VT,H_COMP_5,17,18,65,Communication about Medicines,Composite Measure,Vermont,New England,2014-10-01,2015-09-30,29.428571428571427
07_2016,VT,H_COMP_6,11,0,89,Discharge Information,Composite Measure,Vermont,New England,2014-10-01,2015-09-30,29.428571428571427
07_2016,VT,H_COMP_7,4,42,54,Care Transition,Composite Measure,Vermont,New England,2014-10-01,2015-09-30,29.428571428571427
07_2016,VT,H_HSP_RATING,6,22,72,Overall Hospital Rating,Global Item,Vermont,New England,2014-10-01,2015-09-30,29.428571428571427
07_2016,VT,H_QUIET_HSP,11,34,55,Quietness of Hospital Environment,Individual Item,Vermont,New England,2014-10-01,2015-09-30,29.428571428571427
07_2016,VT,H_RECMND,4,22,74,Willingness to Recommend the Hospital,Global Item,Vermont,New England,2014-10-01,2015-09-30,29.428571428571427
07_2016,WA,H_CLEAN_HSP,8,19,73,Cleanliness of Hospital Environment,Individual Item,Washington,Pacific,2014-10-01,2015-09-30,29.621951219512194
07_2016,WA,H_COMP_1,4,18,78,Communication with Nurses,Composite Measure,Washington,Pacific,2014-10-01,2015-09-30,29.621951219512194
07_2016,WA,H_COMP_2,5,15,80,Communication with Doctors,Composite Measure,Washington,Pacific,2014-10-01,2015-09-30,29.621951219512194
07_2016,WA,H_COMP_3,8,27,65,Responsiveness of Hospital Staff,Composite Measure,Washington,Pacific,2014-10-01,2015-09-30,29.621951219512194
07_2016,WA,H_COMP_5,17,18,65,Communication about Medicines,Composite Measure,Washington,Pacific,2014-10-01,2015-09-30,29.621951219512194
07_2016,WA,H_COMP_6,12,0,88,Discharge Information,Composite Measure,Washington,Pacific,2014-10-01,2015-09-30,29.621951219512194
07_2016,WA,H_COMP_7,6,42,52,Care Transition,Composite Measure,Washington,Pacific,2014-10-01,2015-09-30,29.621951219512194
07_2016,WA,H_HSP_RATING,8,21,71,Overall Hospital Rating,Global Item,Washington,Pacific,2014-10-01,2015-09-30,29.621951219512194
07_2016,WA,H_QUIET_HSP,11,34,55,Quietness of Hospital Environment,Individual Item,Washington,Pacific,2014-10-01,2015-09-30,29.621951219512194
07_2016,WA,H_RECMND,5,23,72,Willingness to Recommend the Hospital,Global Item,Washington,Pacific,2014-10-01,2015-09-30,29.621951219512194
07_2016,WI,H_CLEAN_HSP,5,16,79,Cleanliness of Hospital Environment,Individual Item,Wisconsin,East North Central,2014-10-01,2015-09-30,37.03361344537815
07_2016,WI,H_COMP_1,3,15,82,Communication with Nurses,Composite Measure,Wisconsin,East North Central,2014-10-01,2015-09-30,37.03361344537815
07_2016,WI,H_COMP_2,3,14,83,Communication with Doctors,Composite Measure,Wisconsin,East North Central,2014-10-01,2015-09-30,37.03361344537815
07_2016,WI,H_COMP_3,5,22,73,Responsiveness of Hospital Staff,Composite Measure,Wisconsin,East North Central,2014-10-01,2015-09-30,37.03361344537815
07_2016,WI,H_COMP_5,14,18,68,Communication about Medicines,Composite Measure,Wisconsin,East North Central,2014-10-01,2015-09-30,37.03361344537815
07_2016,WI,H_COMP_6,10,0,90,Discharge Information,Composite Measure,Wisconsin,East North Central,2014-10-01,2015-09-30,37.03361344537815
07_2016,WI,H_COMP_7,4,40,56,Care Transition,Composite Measure,Wisconsin,East North Central,2014-10-01,2015-09-30,37.03361344537815
07_2016,WI,H_HSP_RATING,5,19,76,Overall Hospital Rating,Global Item,Wisconsin,East North Central,2014-10-01,2015-09-30,37.03361344537815
07_2016,WI,H_QUIET_HSP,7,28,65,Quietness of Hospital Environment,Individual Item,Wisconsin,East North Central,2014-10-01,2015-09-30,37.03361344537815
07_2016,WI,H_RECMND,3,22,75,Willingness to Recommend the Hospital,Global Item,Wisconsin,East North Central,2014-10-01,2015-09-30,37.03361344537815
07_2016,WV,H_CLEAN_HSP,8,18,74,Cleanliness of Hospital Environment,Individual Item,West Virginia,South Atlantic,2014-10-01,2015-09-30,28.636363636363637
07_2016,WV,H_COMP_1,5,16,79,Communication with Nurses,Composite Measure,West Virginia,South Atlantic,2014-10-01,2015-09-30,28.636363636363637
07_2016,WV,H_COMP_2,4,14,82,Communication with Doctors,Composite Measure,West Virginia,South Atlantic,2014-10-01,2015-09-30,28.636363636363637
07_2016,WV,H_COMP_3,9,23,68,Responsiveness of Hospital Staff,Composite Measure,West Virginia,South Atlantic,2014-10-01,2015-09-30,28.636363636363637
07_2016,WV,H_COMP_5,18,17,65,Communication about Medicines,Composite Measure,West Virginia,South Atlantic,2014-10-01,2015-09-30,28.636363636363637
07_2016,WV,H_COMP_6,13,0,87,Discharge Information,Composite Measure,West Virginia,South Atlantic,2014-10-01,2015-09-30,28.636363636363637
07_2016,WV,H_COMP_7,5,45,50,Care Transition,Composite Measure,West Virginia,South Atlantic,2014-10-01,2015-09-30,28.636363636363637
07_2016,WV,H_HSP_RATING,8,23,69,Overall Hospital Rating,Global Item,West Virginia,South Atlantic,2014-10-01,2015-09-30,28.636363636363637
07_2016,WV,H_QUIET_HSP,10,31,59,Quietness of Hospital Environment,Individual Item,West Virginia,South Atlantic,2014-10-01,2015-09-30,28.636363636363637
07_2016,WV,H_RECMND,6,27,67,Willingness to Recommend the Hospital,Global Item,West Virginia,South Atlantic,2014-10-01,2015-09-30,28.636363636363637
07_2016,WY,H_CLEAN_HSP,7,19,74,Cleanliness of Hospital Environment,Individual Item,Wyoming,Mountain,2014-10-01,2015-09-30,28.90909090909091
07_2016,WY,H_COMP_1,4,17,79,Communication with Nurses,Composite Measure,Wyoming,Mountain,2014-10-01,2015-09-30,28.90909090909091
07_2016,WY,H_COMP_2,4,14,82,Communication with Doctors,Composite Measure,Wyoming,Mountain,2014-10-01,2015-09-30,28.90909090909091
07_2016,WY,H_COMP_3,6,20,74,Responsiveness of Hospital Staff,Composite Measure,Wyoming,Mountain,2014-10-01,2015-09-30,28.90909090909091
07_2016,WY,H_COMP_5,16,18,66,Communication about Medicines,Composite Measure,Wyoming,Mountain,2014-10-01,2015-09-30,28.90909090909091
07_2016,WY,H_COMP_6,11,0,89,Discharge Information,Composite Measure,Wyoming,Mountain,2014-10-01,2015-09-30,28.90909090909091
07_2016,WY,H_COMP_7,5,43,52,Care Transition,Composite Measure,Wyoming,Mountain,2014-10-01,2015-09-30,28.90909090909091
07_2016,WY,H_HSP_RATING,7,23,70,Overall Hospital Rating,Global Item,Wyoming,Mountain,2014-10-01,2015-09-30,28.90909090909091
07_2016,WY,H_QUIET_HSP,7,29,64,Quietness of Hospital Environment,Individual Item,Wyoming,Mountain,2014-10-01,2015-09-30,28.90909090909091
07_2016,WY,H_RECMND,4,29,67,Willingness to Recommend the Hospital,Global Item,Wyoming,Mountain,2014-10-01,2015-09-30,28.90909090909091
07_2017,AK,H_CLEAN_HSP,8,20,72,Cleanliness of Hospital Environment,Individual Item,Alaska,Pacific,2015-10-01,2016-09-30,22.46153846153846
07_2017,AK,H_COMP_1,3,21,76,Communication with Nurses,Composite Measure,Alaska,Pacific,2015-10-01,2016-09-30,22.46153846153846
07_2017,AK,H_COMP_2,4,16,80,Communication with Doctors,Composite Measure,Alaska,Pacific,2015-10-01,2016-09-30,22.46153846153846
07_2017,AK,H_COMP_3,7,23,70,Responsiveness of Hospital Staff,Composite Measure,Alaska,Pacific,2015-10-01,2016-09-30,22.46153846153846
07_2017,AK,H_COMP_5,15,20,65,Communication about Medicines,Composite Measure,Alaska,Pacific,2015-10-01,2016-09-30,22.46153846153846
07_2017,AK,H_COMP_6,14,0,86,Discharge Information,Composite Measure,Alaska,Pacific,2015-10-01,2016-09-30,22.46153846153846
07_2017,AK,H_COMP_7,5,46,49,Care Transition,Composite Measure,Alaska,Pacific,2015-10-01,2016-09-30,22.46153846153846
07_2017,AK,H_HSP_RATING,6,27,67,Overall Hospital Rating,Global Item,Alaska,Pacific,2015-10-01,2016-09-30,22.46153846153846
07_2017,AK,H_QUIET_HSP,10,32,58,Quietness of Hospital Environment,Individual Item,Alaska,Pacific,2015-10-01,2016-09-30,22.46153846153846
07_2017,AK,H_RECMND,4,27,69,Willingness to Recommend the Hospital,Global Item,Alaska,Pacific,2015-10-01,2016-09-30,22.46153846153846
07_2017,AL,H_CLEAN_HSP,10,17,73,Cleanliness of Hospital Environment,Individual Item,Alabama,East South Central,2015-10-01,2016-09-30,28.452380952380953
07_2017,AL,H_COMP_1,5,13,82,Communication with Nurses,Composite Measure,Alabama,East South Central,2015-10-01,2016-09-30,28.452380952380953
07_2017,AL,H_COMP_2,3,11,86,Communication with Doctors,Composite Measure,Alabama,East South Central,2015-10-01,2016-09-30,28.452380952380953
07_2017,AL,H_COMP_3,9,21,70,Responsiveness of Hospital Staff,Composite Measure,Alabama,East South Central,2015-10-01,2016-09-30,28.452380952380953
07_2017,AL,H_COMP_5,17,16,67,Communication about Medicines,Composite Measure,Alabama,East South Central,2015-10-01,2016-09-30,28.452380952380953
07_2017,AL,H_COMP_6,14,0,86,Discharge Information,Composite Measure,Alabama,East South Central,2015-10-01,2016-09-30,28.452380952380953
07_2017,AL,H_COMP_7,6,44,50,Care Transition,Composite Measure,Alabama,East South Central,2015-10-01,2016-09-30,28.452380952380953
07_2017,AL,H_HSP_RATING,7,21,72,Overall Hospital Rating,Global Item,Alabama,East South Central,2015-10-01,2016-09-30,28.452380952380953
07_2017,AL,H_QUIET_HSP,6,22,72,Quietness of Hospital Environment,Individual Item,Alabama,East South Central,2015-10-01,2016-09-30,28.452380952380953
07_2017,AL,H_RECMND,5,24,71,Willingness to Recommend the Hospital,Global Item,Alabama,East South Central,2015-10-01,2016-09-30,28.452380952380953
07_2017,AR,H_CLEAN_HSP,8,17,75,Cleanliness of Hospital Environment,Individual Item,Arkansas,West South Central,2015-10-01,2016-09-30,26.734375
07_2017,AR,H_COMP_1,4,15,81,Communication with Nurses,Composite Measure,Arkansas,West South Central,2015-10-01,2016-09-30,26.734375
07_2017,AR,H_COMP_2,4,12,84,Communication with Doctors,Composite Measure,Arkansas,West South Central,2015-10-01,2016-09-30,26.734375
07_2017,AR,H_COMP_3,8,22,70,Responsiveness of Hospital Staff,Composite Measure,Arkansas,West South Central,2015-10-01,2016-09-30,26.734375
07_2017,AR,H_COMP_5,17,16,67,Communication about Medicines,Composite Measure,Arkansas,West South Central,2015-10-01,2016-09-30,26.734375
07_2017,AR,H_COMP_6,15,0,85,Discharge Information,Composite Measure,Arkansas,West South Central,2015-10-01,2016-09-30,26.734375
07_2017,AR,H_COMP_7,5,43,52,Care Transition,Composite Measure,Arkansas,West South Central,2015-10-01,2016-09-30,26.734375
07_2017,AR,H_HSP_RATING,7,20,73,Overall Hospital Rating,Global Item,Arkansas,West South Central,2015-10-01,2016-09-30,26.734375
07_2017,AR,H_QUIET_HSP,7,24,69,Quietness of Hospital Environment,Individual Item,Arkansas,West South Central,2015-10-01,2016-09-30,26.734375
07_2017,AR,H_RECMND,5,25,70,Willingness to Recommend the Hospital,Global Item,Arkansas,West South Central,2015-10-01,2016-09-30,26.734375
07_2017,AZ,H_CLEAN_HSP,11,20,69,Cleanliness of Hospital Environment,Individual Item,Arizona,Mountain,2015-10-01,2016-09-30,29.12676056338028
07_2017,AZ,H_COMP_1,5,18,77,Communication with Nurses,Composite Measure,Arizona,Mountain,2015-10-01,2016-09-30,29.12676056338028
07_2017,AZ,H_COMP_2,5,18,77,Communication with Doctors,Composite Measure,Arizona,Mountain,2015-10-01,2016-09-30,29.12676056338028
07_2017,AZ,H_COMP_3,9,27,64,Responsiveness of Hospital Staff,Composite Measure,Arizona,Mountain,2015-10-01,2016-09-30,29.12676056338028
07_2017,AZ,H_COMP_5,19,18,63,Communication about Medicines,Composite Measure,Arizona,Mountain,2015-10-01,2016-09-30,29.12676056338028
07_2017,AZ,H_COMP_6,13,0,87,Discharge Information,Composite Measure,Arizona,Mountain,2015-10-01,2016-09-30,29.12676056338028
07_2017,AZ,H_COMP_7,7,44,49,Care Transition,Composite Measure,Arizona,Mountain,2015-10-01,2016-09-30,29.12676056338028
07_2017,AZ,H_HSP_RATING,9,21,70,Overall Hospital Rating,Global Item,Arizona,Mountain,2015-10-01,2016-09-30,29.12676056338028
07_2017,AZ,H_QUIET_HSP,11,31,58,Quietness of Hospital Environment,Individual Item,Arizona,Mountain,2015-10-01,2016-09-30,29.12676056338028
07_2017,AZ,H_RECMND,6,25,69,Willingness to Recommend the Hospital,Global Item,Arizona,Mountain,2015-10-01,2016-09-30,29.12676056338028
07_2017,CA,H_CLEAN_HSP,10,19,71,Cleanliness of Hospital Environment,Individual Item,California,Pacific,2015-10-01,2016-09-30,24.558064516129033
07_2017,CA,H_COMP_1,6,19,75,Communication with Nurses,Composite Measure,California,Pacific,2015-10-01,2016-09-30,24.558064516129033
07_2017,CA,H_COMP_2,6,16,78,Communication with Doctors,Composite Measure,California,Pacific,2015-10-01,2016-09-30,24.558064516129033
07_2017,CA,H_COMP_3,12,27,61,Responsiveness of Hospital Staff,Composite Measure,California,Pacific,2015-10-01,2016-09-30,24.558064516129033
07_2017,CA,H_COMP_5,20,18,62,Communication about Medicines,Composite Measure,California,Pacific,2015-10-01,2016-09-30,24.558064516129033
07_2017,CA,H_COMP_6,15,0,85,Discharge Information,Composite Measure,California,Pacific,2015-10-01,2016-09-30,24.558064516129033
07_2017,CA,H_COMP_7,7,44,49,Care Transition,Composite Measure,California,Pacific,2015-10-01,2016-09-30,24.558064516129033
07_2017,CA,H_HSP_RATING,9,22,69,Overall Hospital Rating,Global Item,California,Pacific,2015-10-01,2016-09-30,24.558064516129033
07_2017,CA,H_QUIET_HSP,16,32,52,Quietness of Hospital Environment,Individual Item,California,Pacific,2015-10-01,2016-09-30,24.558064516129033
07_2017,CA,H_RECMND,7,23,70,Willingness to Recommend the Hospital,Global Item,California,Pacific,2015-10-01,2016-09-30,24.558064516129033
07_2017,CO,H_CLEAN_HSP,7,17,76,Cleanliness of Hospital Environment,Individual Item,Colorado,Mountain,2015-10-01,2016-09-30,28.095238095238095
07_2017,CO,H_COMP_1,4,15,81,Communication with Nurses,Composite Measure,Colorado,Mountain,2015-10-01,2016-09-30,28.095238095238095
07_2017,CO,H_COMP_2,4,14,82,Communication with Doctors,Composite Measure,Colorado,Mountain,2015-10-01,2016-09-30,28.095238095238095
07_2017,CO,H_COMP_3,6,24,70,Responsiveness of Hospital Staff,Composite Measure,Colorado,Mountain,2015-10-01,2016-09-30,28.095238095238095
07_2017,CO,H_COMP_5,15,19,66,Communication about Medicines,Composite Measure,Colorado,Mountain,2015-10-01,2016-09-30,28.095238095238095
07_2017,CO,H_COMP_6,11,0,89,Discharge Information,Composite Measure,Colorado,Mountain,2015-10-01,2016-09-30,28.095238095238095
07_2017,CO,H_COMP_7,5,41,54,Care Transition,Composite Measure,Colorado,Mountain,2015-10-01,2016-09-30,28.095238095238095
07_2017,CO,H_HSP_RATING,6,18,76,Overall Hospital Rating,Global Item,Colorado,Mountain,2015-10-01,2016-09-30,28.095238095238095
07_2017,CO,H_QUIET_HSP,7,27,66,Quietness of Hospital Environment,Individual Item,Colorado,Mountain,2015-10-01,2016-09-30,28.095238095238095
07_2017,CO,H_RECMND,4,20,76,Willingness to Recommend the Hospital,Global Item,Colorado,Mountain,2015-10-01,2016-09-30,28.095238095238095
07_2017,CT,H_CLEAN_HSP,8,18,74,Cleanliness of Hospital Environment,Individual Item,Connecticut,New England,2015-10-01,2016-09-30,25.428571428571427
07_2017,CT,H_COMP_1,5,15,80,Communication with Nurses,Composite Measure,Connecticut,New England,2015-10-01,2016-09-30,25.428571428571427
07_2017,CT,H_COMP_2,6,15,79,Communication with Doctors,Composite Measure,Connecticut,New England,2015-10-01,2016-09-30,25.428571428571427
07_2017,CT,H_COMP_3,11,24,65,Responsiveness of Hospital Staff,Composite Measure,Connecticut,New England,2015-10-01,2016-09-30,25.428571428571427
07_2017,CT,H_COMP_5,20,18,62,Communication about Medicines,Composite Measure,Connecticut,New England,2015-10-01,2016-09-30,25.428571428571427
07_2017,CT,H_COMP_6,13,0,87,Discharge Information,Composite Measure,Connecticut,New England,2015-10-01,2016-09-30,25.428571428571427
07_2017,CT,H_COMP_7,5,44,51,Care Transition,Composite Measure,Connecticut,New England,2015-10-01,2016-09-30,25.428571428571427
07_2017,CT,H_HSP_RATING,8,22,70,Overall Hospital Rating,Global Item,Connecticut,New England,2015-10-01,2016-09-30,25.428571428571427
07_2017,CT,H_QUIET_HSP,14,33,53,Quietness of Hospital Environment,Individual Item,Connecticut,New England,2015-10-01,2016-09-30,25.428571428571427
07_2017,CT,H_RECMND,5,25,70,Willingness to Recommend the Hospital,Global Item,Connecticut,New England,2015-10-01,2016-09-30,25.428571428571427
07_2017,DC,H_CLEAN_HSP,17,22,61,Cleanliness of Hospital Environment,Individual Item,District of Columbia,South Atlantic,2015-10-01,2016-09-30,24.428571428571427
07_2017,DC,H_COMP_1,10,19,71,Communication with Nurses,Composite Measure,District of Columbia,South Atlantic,2015-10-01,2016-09-30,24.428571428571427
07_2017,DC,H_COMP_2,6,17,77,Communication with Doctors,Composite Measure,District of Columbia,South Atlantic,2015-10-01,2016-09-30,24.428571428571427
07_2017,DC,H_COMP_3,20,27,53,Responsiveness of Hospital Staff,Composite Measure,District of Columbia,South Atlantic,2015-10-01,2016-09-30,24.428571428571427
07_2017,DC,H_COMP_5,26,18,56,Communication about Medicines,Composite Measure,District of Columbia,South Atlantic,2015-10-01,2016-09-30,24.428571428571427
07_2017,DC,H_COMP_6,18,0,82,Discharge Information,Composite Measure,District of Columbia,South Atlantic,2015-10-01,2016-09-30,24.428571428571427
07_2017,DC,H_COMP_7,9,48,43,Care Transition,Composite Measure,District of Columbia,South Atlantic,2015-10-01,2016-09-30,24.428571428571427
07_2017,DC,H_HSP_RATING,14,28,58,Overall Hospital Rating,Global Item,District of Columbia,South Atlantic,2015-10-01,2016-09-30,24.428571428571427
07_2017,DC,H_QUIET_HSP,16,31,53,Quietness of Hospital Environment,Individual Item,District of Columbia,South Atlantic,2015-10-01,2016-09-30,24.428571428571427
07_2017,DC,H_RECMND,10,30,60,Willingness to Recommend the Hospital,Global Item,District of Columbia,South Atlantic,2015-10-01,2016-09-30,24.428571428571427
07_2017,DE,H_CLEAN_HSP,9,19,72,Cleanliness of Hospital Environment,Individual Item,Delaware,South Atlantic,2015-10-01,2016-09-30,24.333333333333332
07_2017,DE,H_COMP_1,4,15,81,Communication with Nurses,Composite Measure,Delaware,South Atlantic,2015-10-01,2016-09-30,24.333333333333332
07_2017,DE,H_COMP_2,5,15,80,Communication with Doctors,Composite Measure,Delaware,South Atlantic,2015-10-01,2016-09-30,24.333333333333332
07_2017,DE,H_COMP_3,9,23,68,Responsiveness of Hospital Staff,Composite Measure,Delaware,South Atlantic,2015-10-01,2016-09-30,24.333333333333332
07_2017,DE,H_COMP_5,18,17,65,Communication about Medicines,Composite Measure,Delaware,South Atlantic,2015-10-01,2016-09-30,24.333333333333332
07_2017,DE,H_COMP_6,12,0,88,Discharge Information,Composite Measure,Delaware,South Atlantic,2015-10-01,2016-09-30,24.333333333333332
07_2017,DE,H_COMP_7,5,42,53,Care Transition,Composite Measure,Delaware,South Atlantic,2015-10-01,2016-09-30,24.333333333333332
07_2017,DE,H_HSP_RATING,8,21,71,Overall Hospital Rating,Global Item,Delaware,South Atlantic,2015-10-01,2016-09-30,24.333333333333332
07_2017,DE,H_QUIET_HSP,11,32,57,Quietness of Hospital Environment,Individual Item,Delaware,South Atlantic,2015-10-01,2016-09-30,24.333333333333332
07_2017,DE,H_RECMND,5,25,70,Willingness to Recommend the Hospital,Global Item,Delaware,South Atlantic,2015-10-01,2016-09-30,24.333333333333332
07_2017,FL,H_CLEAN_HSP,11,19,70,Cleanliness of Hospital Environment,Individual Item,Florida,South Atlantic,2015-10-01,2016-09-30,24.736842105263158
07_2017,FL,H_COMP_1,6,17,77,Communication with Nurses,Composite Measure,Florida,South Atlantic,2015-10-01,2016-09-30,24.736842105263158
07_2017,FL,H_COMP_2,6,16,78,Communication with Doctors,Composite Measure,Florida,South Atlantic,2015-10-01,2016-09-30,24.736842105263158
07_2017,FL,H_COMP_3,12,25,63,Responsiveness of Hospital Staff,Composite Measure,Florida,South Atlantic,2015-10-01,2016-09-30,24.736842105263158
07_2017,FL,H_COMP_5,21,18,61,Communication about Medicines,Composite Measure,Florida,South Atlantic,2015-10-01,2016-09-30,24.736842105263158
07_2017,FL,H_COMP_6,15,0,85,Discharge Information,Composite Measure,Florida,South Atlantic,2015-10-01,2016-09-30,24.736842105263158
07_2017,FL,H_COMP_7,7,43,50,Care Transition,Composite Measure,Florida,South Atlantic,2015-10-01,2016-09-30,24.736842105263158
07_2017,FL,H_HSP_RATING,10,22,68,Overall Hospital Rating,Global Item,Florida,South Atlantic,2015-10-01,2016-09-30,24.736842105263158
07_2017,FL,H_QUIET_HSP,11,30,59,Quietness of Hospital Environment,Individual Item,Florida,South Atlantic,2015-10-01,2016-09-30,24.736842105263158
07_2017,FL,H_RECMND,7,24,69,Willingness to Recommend the Hospital,Global Item,Florida,South Atlantic,2015-10-01,2016-09-30,24.736842105263158
07_2017,GA,H_CLEAN_HSP,9,18,73,Cleanliness of Hospital Environment,Individual Item,Georgia,South Atlantic,2015-10-01,2016-09-30,23.17948717948718
07_2017,GA,H_COMP_1,5,15,80,Communication with Nurses,Composite Measure,Georgia,South Atlantic,2015-10-01,2016-09-30,23.17948717948718
07_2017,GA,H_COMP_2,4,13,83,Communication with Doctors,Composite Measure,Georgia,South Atlantic,2015-10-01,2016-09-30,23.17948717948718
07_2017,GA,H_COMP_3,11,23,66,Responsiveness of Hospital Staff,Composite Measure,Georgia,South Atlantic,2015-10-01,2016-09-30,23.17948717948718
07_2017,GA,H_COMP_5,19,16,65,Communication about Medicines,Composite Measure,Georgia,South Atlantic,2015-10-01,2016-09-30,23.17948717948718
07_2017,GA,H_COMP_6,14,0,86,Discharge Information,Composite Measure,Georgia,South Atlantic,2015-10-01,2016-09-30,23.17948717948718
07_2017,GA,H_COMP_7,6,43,51,Care Transition,Composite Measure,Georgia,South Atlantic,2015-10-01,2016-09-30,23.17948717948718
07_2017,GA,H_HSP_RATING,8,20,72,Overall Hospital Rating,Global Item,Georgia,South Atlantic,2015-10-01,2016-09-30,23.17948717948718
07_2017,GA,H_QUIET_HSP,7,25,68,Quietness of Hospital Environment,Individual Item,Georgia,South Atlantic,2015-10-01,2016-09-30,23.17948717948718
07_2017,GA,H_RECMND,6,23,71,Willingness to Recommend the Hospital,Global Item,Georgia,South Atlantic,2015-10-01,2016-09-30,23.17948717948718
07_2017,HI,H_CLEAN_HSP,6,15,79,Cleanliness of Hospital Environment,Individual Item,Hawaii,Pacific,2015-10-01,2016-09-30,26.916666666666668
07_2017,HI,H_COMP_1,3,15,82,Communication with Nurses,Composite Measure,Hawaii,Pacific,2015-10-01,2016-09-30,26.916666666666668
07_2017,HI,H_COMP_2,4,13,83,Communication with Doctors,Composite Measure,Hawaii,Pacific,2015-10-01,2016-09-30,26.916666666666668
07_2017,HI,H_COMP_3,8,21,71,Responsiveness of Hospital Staff,Composite Measure,Hawaii,Pacific,2015-10-01,2016-09-30,26.916666666666668
07_2017,HI,H_COMP_5,16,18,66,Communication about Medicines,Composite Measure,Hawaii,Pacific,2015-10-01,2016-09-30,26.916666666666668
07_2017,HI,H_COMP_6,15,0,85,Discharge Information,Composite Measure,Hawaii,Pacific,2015-10-01,2016-09-30,26.916666666666668
07_2017,HI,H_COMP_7,4,40,56,Care Transition,Composite Measure,Hawaii,Pacific,2015-10-01,2016-09-30,26.916666666666668
07_2017,HI,H_HSP_RATING,7,19,74,Overall Hospital Rating,Global Item,Hawaii,Pacific,2015-10-01,2016-09-30,26.916666666666668
07_2017,HI,H_QUIET_HSP,10,28,62,Quietness of Hospital Environment,Individual Item,Hawaii,Pacific,2015-10-01,2016-09-30,26.916666666666668
07_2017,HI,H_RECMND,4,22,74,Willingness to Recommend the Hospital,Global Item,Hawaii,Pacific,2015-10-01,2016-09-30,26.916666666666668
07_2017,IA,H_CLEAN_HSP,5,15,80,Cleanliness of Hospital Environment,Individual Item,Iowa,West North Central,2015-10-01,2016-09-30,34.53763440860215
07_2017,IA,H_COMP_1,2,16,82,Communication with Nurses,Composite Measure,Iowa,West North Central,2015-10-01,2016-09-30,34.53763440860215
07_2017,IA,H_COMP_2,3,12,85,Communication with Doctors,Composite Measure,Iowa,West North Central,2015-10-01,2016-09-30,34.53763440860215
07_2017,IA,H_COMP_3,5,23,72,Responsiveness of Hospital Staff,Composite Measure,Iowa,West North Central,2015-10-01,2016-09-30,34.53763440860215
07_2017,IA,H_COMP_5,14,20,66,Communication about Medicines,Composite Measure,Iowa,West North Central,2015-10-01,2016-09-30,34.53763440860215
07_2017,IA,H_COMP_6,11,0,89,Discharge Information,Composite Measure,Iowa,West North Central,2015-10-01,2016-09-30,34.53763440860215
07_2017,IA,H_COMP_7,3,40,57,Care Transition,Composite Measure,Iowa,West North Central,2015-10-01,2016-09-30,34.53763440860215
07_2017,IA,H_HSP_RATING,5,18,77,Overall Hospital Rating,Global Item,Iowa,West North Central,2015-10-01,2016-09-30,34.53763440860215
07_2017,IA,H_QUIET_HSP,6,28,66,Quietness of Hospital Environment,Individual Item,Iowa,West North Central,2015-10-01,2016-09-30,34.53763440860215
07_2017,IA,H_RECMND,3,21,76,Willingness to Recommend the Hospital,Global Item,Iowa,West North Central,2015-10-01,2016-09-30,34.53763440860215
07_2017,ID,H_CLEAN_HSP,5,15,80,Cleanliness of Hospital Environment,Individual Item,Idaho,Mountain,2015-10-01,2016-09-30,34.17142857142857
07_2017,ID,H_COMP_1,3,16,81,Communication with Nurses,Composite Measure,Idaho,Mountain,2015-10-01,2016-09-30,34.17142857142857
07_2017,ID,H_COMP_2,3,13,84,Communication with Doctors,Composite Measure,Idaho,Mountain,2015-10-01,2016-09-30,34.17142857142857
07_2017,ID,H_COMP_3,5,20,75,Responsiveness of Hospital Staff,Composite Measure,Idaho,Mountain,2015-10-01,2016-09-30,34.17142857142857
07_2017,ID,H_COMP_5,14,18,68,Communication about Medicines,Composite Measure,Idaho,Mountain,2015-10-01,2016-09-30,34.17142857142857
07_2017,ID,H_COMP_6,10,0,90,Discharge Information,Composite Measure,Idaho,Mountain,2015-10-01,2016-09-30,34.17142857142857
07_2017,ID,H_COMP_7,4,40,56,Care Transition,Composite Measure,Idaho,Mountain,2015-10-01,2016-09-30,34.17142857142857
07_2017,ID,H_HSP_RATING,5,19,76,Overall Hospital Rating,Global Item,Idaho,Mountain,2015-10-01,2016-09-30,34.17142857142857
07_2017,ID,H_QUIET_HSP,7,30,63,Quietness of Hospital Environment,Individual Item,Idaho,Mountain,2015-10-01,2016-09-30,34.17142857142857
07_2017,ID,H_RECMND,3,22,75,Willingness to Recommend the Hospital,Global Item,Idaho,Mountain,2015-10-01,2016-09-30,34.17142857142857
07_2017,IL,H_CLEAN_HSP,7,17,76,Cleanliness of Hospital Environment,Individual Item,Illinois,East North Central,2015-10-01,2016-09-30,28.374269005847953
07_2017,IL,H_COMP_1,4,15,81,Communication with Nurses,Composite Measure,Illinois,East North Central,2015-10-01,2016-09-30,28.374269005847953
07_2017,IL,H_COMP_2,4,14,82,Communication with Doctors,Composite Measure,Illinois,East North Central,2015-10-01,2016-09-30,28.374269005847953
07_2017,IL,H_COMP_3,8,23,69,Responsiveness of Hospital Staff,Composite Measure,Illinois,East North Central,2015-10-01,2016-09-30,28.374269005847953
07_2017,IL,H_COMP_5,18,17,65,Communication about Medicines,Composite Measure,Illinois,East North Central,2015-10-01,2016-09-30,28.374269005847953
07_2017,IL,H_COMP_6,12,0,88,Discharge Information,Composite Measure,Illinois,East North Central,2015-10-01,2016-09-30,28.374269005847953
07_2017,IL,H_COMP_7,5,42,53,Care Transition,Composite Measure,Illinois,East North Central,2015-10-01,2016-09-30,28.374269005847953
07_2017,IL,H_HSP_RATING,7,21,72,Overall Hospital Rating,Global Item,Illinois,East North Central,2015-10-01,2016-09-30,28.374269005847953
07_2017,IL,H_QUIET_HSP,9,29,62,Quietness of Hospital Environment,Individual Item,Illinois,East North Central,2015-10-01,2016-09-30,28.374269005847953
07_2017,IL,H_RECMND,5,24,71,Willingness to Recommend the Hospital,Global Item,Illinois,East North Central,2015-10-01,2016-09-30,28.374269005847953
07_2017,IN,H_CLEAN_HSP,7,17,76,Cleanliness of Hospital Environment,Individual Item,Indiana,East North Central,2015-10-01,2016-09-30,29.865546218487395
07_2017,IN,H_COMP_1,3,15,82,Communication with Nurses,Composite Measure,Indiana,East North Central,2015-10-01,2016-09-30,29.865546218487395
07_2017,IN,H_COMP_2,3,15,82,Communication with Doctors,Composite Measure,Indiana,East North Central,2015-10-01,2016-09-30,29.865546218487395
07_2017,IN,H_COMP_3,6,23,71,Responsiveness of Hospital Staff,Composite Measure,Indiana,East North Central,2015-10-01,2016-09-30,29.865546218487395
07_2017,IN,H_COMP_5,17,18,65,Communication about Medicines,Composite Measure,Indiana,East North Central,2015-10-01,2016-09-30,29.865546218487395
07_2017,IN,H_COMP_6,11,0,89,Discharge Information,Composite Measure,Indiana,East North Central,2015-10-01,2016-09-30,29.865546218487395
07_2017,IN,H_COMP_7,5,41,54,Care Transition,Composite Measure,Indiana,East North Central,2015-10-01,2016-09-30,29.865546218487395
07_2017,IN,H_HSP_RATING,6,18,76,Overall Hospital Rating,Global Item,Indiana,East North Central,2015-10-01,2016-09-30,29.865546218487395
07_2017,IN,H_QUIET_HSP,8,30,62,Quietness of Hospital Environment,Individual Item,Indiana,East North Central,2015-10-01,2016-09-30,29.865546218487395
07_2017,IN,H_RECMND,4,22,74,Willingness to Recommend the Hospital,Global Item,Indiana,East North Central,2015-10-01,2016-09-30,29.865546218487395
07_2017,KS,H_CLEAN_HSP,6,15,79,Cleanliness of Hospital Environment,Individual Item,Kansas,West North Central,2015-10-01,2016-09-30,34.801980198019805
07_2017,KS,H_COMP_1,3,14,83,Communication with Nurses,Composite Measure,Kansas,West North Central,2015-10-01,2016-09-30,34.801980198019805
07_2017,KS,H_COMP_2,2,12,86,Communication with Doctors,Composite Measure,Kansas,West North Central,2015-10-01,2016-09-30,34.801980198019805
07_2017,KS,H_COMP_3,5,21,74,Responsiveness of Hospital Staff,Composite Measure,Kansas,West North Central,2015-10-01,2016-09-30,34.801980198019805
07_2017,KS,H_COMP_5,14,18,68,Communication about Medicines,Composite Measure,Kansas,West North Central,2015-10-01,2016-09-30,34.801980198019805
07_2017,KS,H_COMP_6,12,0,88,Discharge Information,Composite Measure,Kansas,West North Central,2015-10-01,2016-09-30,34.801980198019805
07_2017,KS,H_COMP_7,4,39,57,Care Transition,Composite Measure,Kansas,West North Central,2015-10-01,2016-09-30,34.801980198019805
07_2017,KS,H_HSP_RATING,5,17,78,Overall Hospital Rating,Global Item,Kansas,West North Central,2015-10-01,2016-09-30,34.801980198019805
07_2017,KS,H_QUIET_HSP,5,26,69,Quietness of Hospital Environment,Individual Item,Kansas,West North Central,2015-10-01,2016-09-30,34.801980198019805
07_2017,KS,H_RECMND,2,21,77,Willingness to Recommend the Hospital,Global Item,Kansas,West North Central,2015-10-01,2016-09-30,34.801980198019805
07_2017,KY,H_CLEAN_HSP,8,16,76,Cleanliness of Hospital Environment,Individual Item,Kentucky,East South Central,2015-10-01,2016-09-30,28.295454545454547
07_2017,KY,H_COMP_1,4,14,82,Communication with Nurses,Composite Measure,Kentucky,East South Central,2015-10-01,2016-09-30,28.295454545454547
07_2017,KY,H_COMP_2,3,12,85,Communication with Doctors,Composite Measure,Kentucky,East South Central,2015-10-01,2016-09-30,28.295454545454547
07_2017,KY,H_COMP_3,8,22,70,Responsiveness of Hospital Staff,Composite Measure,Kentucky,East South Central,2015-10-01,2016-09-30,28.295454545454547
07_2017,KY,H_COMP_5,17,16,67,Communication about Medicines,Composite Measure,Kentucky,East South Central,2015-10-01,2016-09-30,28.295454545454547
07_2017,KY,H_COMP_6,13,0,87,Discharge Information,Composite Measure,Kentucky,East South Central,2015-10-01,2016-09-30,28.295454545454547
07_2017,KY,H_COMP_7,5,41,54,Care Transition,Composite Measure,Kentucky,East South Central,2015-10-01,2016-09-30,28.295454545454547
07_2017,KY,H_HSP_RATING,7,20,73,Overall Hospital Rating,Global Item,Kentucky,East South Central,2015-10-01,2016-09-30,28.295454545454547
07_2017,KY,H_QUIET_HSP,7,27,66,Quietness of Hospital Environment,Individual Item,Kentucky,East South Central,2015-10-01,2016-09-30,28.295454545454547
07_2017,KY,H_RECMND,4,24,72,Willingness to Recommend the Hospital,Global Item,Kentucky,East South Central,2015-10-01,2016-09-30,28.295454545454547
07_2017,LA,H_CLEAN_HSP,8,16,76,Cleanliness of Hospital Environment,Individual Item,Louisiana,West South Central,2015-10-01,2016-09-30,26.323529411764707
07_2017,LA,H_COMP_1,4,12,84,Communication with Nurses,Composite Measure,Louisiana,West South Central,2015-10-01,2016-09-30,26.323529411764707
07_2017,LA,H_COMP_2,3,9,88,Communication with Doctors,Composite Measure,Louisiana,West South Central,2015-10-01,2016-09-30,26.323529411764707
07_2017,LA,H_COMP_3,8,19,73,Responsiveness of Hospital Staff,Composite Measure,Louisiana,West South Central,2015-10-01,2016-09-30,26.323529411764707
07_2017,LA,H_COMP_5,15,15,70,Communication about Medicines,Composite Measure,Louisiana,West South Central,2015-10-01,2016-09-30,26.323529411764707
07_2017,LA,H_COMP_6,13,0,87,Discharge Information,Composite Measure,Louisiana,West South Central,2015-10-01,2016-09-30,26.323529411764707
07_2017,LA,H_COMP_7,4,38,58,Care Transition,Composite Measure,Louisiana,West South Central,2015-10-01,2016-09-30,26.323529411764707
07_2017,LA,H_HSP_RATING,6,17,77,Overall Hospital Rating,Global Item,Louisiana,West South Central,2015-10-01,2016-09-30,26.323529411764707
07_2017,LA,H_QUIET_HSP,5,21,74,Quietness of Hospital Environment,Individual Item,Louisiana,West South Central,2015-10-01,2016-09-30,26.323529411764707
07_2017,LA,H_RECMND,4,20,76,Willingness to Recommend the Hospital,Global Item,Louisiana,West South Central,2015-10-01,2016-09-30,26.323529411764707
07_2017,MA,H_CLEAN_HSP,8,19,73,Cleanliness of Hospital Environment,Individual Item,Massachusetts,New England,2015-10-01,2016-09-30,27.389830508474578
07_2017,MA,H_COMP_1,4,15,81,Communication with Nurses,Composite Measure,Massachusetts,New England,2015-10-01,2016-09-30,27.389830508474578
07_2017,MA,H_COMP_2,4,15,81,Communication with Doctors,Composite Measure,Massachusetts,New England,2015-10-01,2016-09-30,27.389830508474578
07_2017,MA,H_COMP_3,9,24,67,Responsiveness of Hospital Staff,Composite Measure,Massachusetts,New England,2015-10-01,2016-09-30,27.389830508474578
07_2017,MA,H_COMP_5,17,19,64,Communication about Medicines,Composite Measure,Massachusetts,New England,2015-10-01,2016-09-30,27.389830508474578
07_2017,MA,H_COMP_6,11,0,89,Discharge Information,Composite Measure,Massachusetts,New England,2015-10-01,2016-09-30,27.389830508474578
07_2017,MA,H_COMP_7,4,43,53,Care Transition,Composite Measure,Massachusetts,New England,2015-10-01,2016-09-30,27.389830508474578
07_2017,MA,H_HSP_RATING,7,21,72,Overall Hospital Rating,Global Item,Massachusetts,New England,2015-10-01,2016-09-30,27.389830508474578
07_2017,MA,H_QUIET_HSP,14,34,52,Quietness of Hospital Environment,Individual Item,Massachusetts,New England,2015-10-01,2016-09-30,27.389830508474578
07_2017,MA,H_RECMND,4,22,74,Willingness to Recommend the Hospital,Global Item,Massachusetts,New England,2015-10-01,2016-09-30,27.389830508474578
07_2017,MD,H_CLEAN_HSP,13,20,67,Cleanliness of Hospital Environment,Individual Item,Maryland,South Atlantic,2015-10-01,2016-09-30,23.822222222222223
07_2017,MD,H_COMP_1,6,18,76,Communication with Nurses,Composite Measure,Maryland,South Atlantic,2015-10-01,2016-09-30,23.822222222222223
07_2017,MD,H_COMP_2,6,16,78,Communication with Doctors,Composite Measure,Maryland,South Atlantic,2015-10-01,2016-09-30,23.822222222222223
07_2017,MD,H_COMP_3,13,27,60,Responsiveness of Hospital Staff,Composite Measure,Maryland,South Atlantic,2015-10-01,2016-09-30,23.822222222222223
07_2017,MD,H_COMP_5,22,18,60,Communication about Medicines,Composite Measure,Maryland,South Atlantic,2015-10-01,2016-09-30,23.822222222222223
07_2017,MD,H_COMP_6,14,0,86,Discharge Information,Composite Measure,Maryland,South Atlantic,2015-10-01,2016-09-30,23.822222222222223
07_2017,MD,H_COMP_7,7,45,48,Care Transition,Composite Measure,Maryland,South Atlantic,2015-10-01,2016-09-30,23.822222222222223
07_2017,MD,H_HSP_RATING,10,25,65,Overall Hospital Rating,Global Item,Maryland,South Atlantic,2015-10-01,2016-09-30,23.822222222222223
07_2017,MD,H_QUIET_HSP,12,30,58,Quietness of Hospital Environment,Individual Item,Maryland,South Atlantic,2015-10-01,2016-09-30,23.822222222222223
07_2017,MD,H_RECMND,7,28,65,Willingness to Recommend the Hospital,Global Item,Maryland,South Atlantic,2015-10-01,2016-09-30,23.822222222222223
07_2017,ME,H_CLEAN_HSP,5,15,80,Cleanliness of Hospital Environment,Individual Item,Maine,New England,2015-10-01,2016-09-30,28.848484848484848
07_2017,ME,H_COMP_1,3,14,83,Communication with Nurses,Composite Measure,Maine,New England,2015-10-01,2016-09-30,28.848484848484848
07_2017,ME,H_COMP_2,3,14,83,Communication with Doctors,Composite Measure,Maine,New England,2015-10-01,2016-09-30,28.848484848484848
07_2017,ME,H_COMP_3,6,22,72,Responsiveness of Hospital Staff,Composite Measure,Maine,New England,2015-10-01,2016-09-30,28.848484848484848
07_2017,ME,H_COMP_5,14,16,70,Communication about Medicines,Composite Measure,Maine,New England,2015-10-01,2016-09-30,28.848484848484848
07_2017,ME,H_COMP_6,10,0,90,Discharge Information,Composite Measure,Maine,New England,2015-10-01,2016-09-30,28.848484848484848
07_2017,ME,H_COMP_7,4,39,57,Care Transition,Composite Measure,Maine,New England,2015-10-01,2016-09-30,28.848484848484848
07_2017,ME,H_HSP_RATING,6,19,75,Overall Hospital Rating,Global Item,Maine,New England,2015-10-01,2016-09-30,28.848484848484848
07_2017,ME,H_QUIET_HSP,8,33,59,Quietness of Hospital Environment,Individual Item,Maine,New England,2015-10-01,2016-09-30,28.848484848484848
07_2017,ME,H_RECMND,3,21,76,Willingness to Recommend the Hospital,Global Item,Maine,New England,2015-10-01,2016-09-30,28.848484848484848
07_2017,MI,H_CLEAN_HSP,8,18,74,Cleanliness of Hospital Environment,Individual Item,Michigan,East North Central,2015-10-01,2016-09-30,32.5655737704918
07_2017,MI,H_COMP_1,3,16,81,Communication with Nurses,Composite Measure,Michigan,East North Central,2015-10-01,2016-09-30,32.5655737704918
07_2017,MI,H_COMP_2,4,15,81,Communication with Doctors,Composite Measure,Michigan,East North Central,2015-10-01,2016-09-30,32.5655737704918
07_2017,MI,H_COMP_3,7,22,71,Responsiveness of Hospital Staff,Composite Measure,Michigan,East North Central,2015-10-01,2016-09-30,32.5655737704918
07_2017,MI,H_COMP_5,17,18,65,Communication about Medicines,Composite Measure,Michigan,East North Central,2015-10-01,2016-09-30,32.5655737704918
07_2017,MI,H_COMP_6,12,0,88,Discharge Information,Composite Measure,Michigan,East North Central,2015-10-01,2016-09-30,32.5655737704918
07_2017,MI,H_COMP_7,5,43,52,Care Transition,Composite Measure,Michigan,East North Central,2015-10-01,2016-09-30,32.5655737704918
07_2017,MI,H_HSP_RATING,7,20,73,Overall Hospital Rating,Global Item,Michigan,East North Central,2015-10-01,2016-09-30,32.5655737704918
07_2017,MI,H_QUIET_HSP,9,30,61,Quietness of Hospital Environment,Individual Item,Michigan,East North Central,2015-10-01,2016-09-30,32.5655737704918
07_2017,MI,H_RECMND,4,24,72,Willingness to Recommend the Hospital,Global Item,Michigan,East North Central,2015-10-01,2016-09-30,32.5655737704918
07_2017,MN,H_CLEAN_HSP,5,16,79,Cleanliness of Hospital Environment,Individual Item,Minnesota,West North Central,2015-10-01,2016-09-30,36.074074074074076
07_2017,MN,H_COMP_1,2,15,83,Communication with Nurses,Composite Measure,Minnesota,West North Central,2015-10-01,2016-09-30,36.074074074074076
07_2017,MN,H_COMP_2,3,13,84,Communication with Doctors,Composite Measure,Minnesota,West North Central,2015-10-01,2016-09-30,36.074074074074076
07_2017,MN,H_COMP_3,5,20,75,Responsiveness of Hospital Staff,Composite Measure,Minnesota,West North Central,2015-10-01,2016-09-30,36.074074074074076
07_2017,MN,H_COMP_5,13,19,68,Communication about Medicines,Composite Measure,Minnesota,West North Central,2015-10-01,2016-09-30,36.074074074074076
07_2017,MN,H_COMP_6,11,0,89,Discharge Information,Composite Measure,Minnesota,West North Central,2015-10-01,2016-09-30,36.074074074074076
07_2017,MN,H_COMP_7,4,40,56,Care Transition,Composite Measure,Minnesota,West North Central,2015-10-01,2016-09-30,36.074074074074076
07_2017,MN,H_HSP_RATING,5,18,77,Overall Hospital Rating,Global Item,Minnesota,West North Central,2015-10-01,2016-09-30,36.074074074074076
07_2017,MN,H_QUIET_HSP,6,27,67,Quietness of Hospital Environment,Individual Item,Minnesota,West North Central,2015-10-01,2016-09-30,36.074074074074076
07_2017,MN,H_RECMND,3,21,76,Willingness to Recommend the Hospital,Global Item,Minnesota,West North Central,2015-10-01,2016-09-30,36.074074074074076
07_2017,MO,H_CLEAN_HSP,9,18,73,Cleanliness of Hospital Environment,Individual Item,Missouri,West North Central,2015-10-01,2016-09-30,28.89010989010989
07_2017,MO,H_COMP_1,4,16,80,Communication with Nurses,Composite Measure,Missouri,West North Central,2015-10-01,2016-09-30,28.89010989010989
07_2017,MO,H_COMP_2,4,14,82,Communication with Doctors,Composite Measure,Missouri,West North Central,2015-10-01,2016-09-30,28.89010989010989
07_2017,MO,H_COMP_3,8,25,67,Responsiveness of Hospital Staff,Composite Measure,Missouri,West North Central,2015-10-01,2016-09-30,28.89010989010989
07_2017,MO,H_COMP_5,18,19,63,Communication about Medicines,Composite Measure,Missouri,West North Central,2015-10-01,2016-09-30,28.89010989010989
07_2017,MO,H_COMP_6,13,0,87,Discharge Information,Composite Measure,Missouri,West North Central,2015-10-01,2016-09-30,28.89010989010989
07_2017,MO,H_COMP_7,6,42,52,Care Transition,Composite Measure,Missouri,West North Central,2015-10-01,2016-09-30,28.89010989010989
07_2017,MO,H_HSP_RATING,8,20,72,Overall Hospital Rating,Global Item,Missouri,West North Central,2015-10-01,2016-09-30,28.89010989010989
07_2017,MO,H_QUIET_HSP,8,30,62,Quietness of Hospital Environment,Individual Item,Missouri,West North Central,2015-10-01,2016-09-30,28.89010989010989
07_2017,MO,H_RECMND,5,25,70,Willingness to Recommend the Hospital,Global Item,Missouri,West North Central,2015-10-01,2016-09-30,28.89010989010989
07_2017,MS,H_CLEAN_HSP,9,17,74,Cleanliness of Hospital Environment,Individual Item,Mississippi,East South Central,2015-10-01,2016-09-30,25.325
07_2017,MS,H_COMP_1,5,13,82,Communication with Nurses,Composite Measure,Mississippi,East South Central,2015-10-01,2016-09-30,25.325
07_2017,MS,H_COMP_2,3,10,87,Communication with Doctors,Composite Measure,Mississippi,East South Central,2015-10-01,2016-09-30,25.325
07_2017,MS,H_COMP_3,10,20,70,Responsiveness of Hospital Staff,Composite Measure,Mississippi,East South Central,2015-10-01,2016-09-30,25.325
07_2017,MS,H_COMP_5,18,15,67,Communication about Medicines,Composite Measure,Mississippi,East South Central,2015-10-01,2016-09-30,25.325
07_2017,MS,H_COMP_6,15,0,85,Discharge Information,Composite Measure,Mississippi,East South Central,2015-10-01,2016-09-30,25.325
07_2017,MS,H_COMP_7,5,44,51,Care Transition,Composite Measure,Mississippi,East South Central,2015-10-01,2016-09-30,25.325
07_2017,MS,H_HSP_RATING,7,21,72,Overall Hospital Rating,Global Item,Mississippi,East South Central,2015-10-01,2016-09-30,25.325
07_2017,MS,H_QUIET_HSP,5,21,74,Quietness of Hospital Environment,Individual Item,Mississippi,East South Central,2015-10-01,2016-09-30,25.325
07_2017,MS,H_RECMND,5,25,70,Willingness to Recommend the Hospital,Global Item,Mississippi,East South Central,2015-10-01,2016-09-30,25.325
07_2017,MT,H_CLEAN_HSP,8,18,74,Cleanliness of Hospital Environment,Individual Item,Montana,Mountain,2015-10-01,2016-09-30,32.432432432432435
07_2017,MT,H_COMP_1,4,16,80,Communication with Nurses,Composite Measure,Montana,Mountain,2015-10-01,2016-09-30,32.432432432432435
07_2017,MT,H_COMP_2,4,14,82,Communication with Doctors,Composite Measure,Montana,Mountain,2015-10-01,2016-09-30,32.432432432432435
07_2017,MT,H_COMP_3,6,21,73,Responsiveness of Hospital Staff,Composite Measure,Montana,Mountain,2015-10-01,2016-09-30,32.432432432432435
07_2017,MT,H_COMP_5,20,17,63,Communication about Medicines,Composite Measure,Montana,Mountain,2015-10-01,2016-09-30,32.432432432432435
07_2017,MT,H_COMP_6,13,0,87,Discharge Information,Composite Measure,Montana,Mountain,2015-10-01,2016-09-30,32.432432432432435
07_2017,MT,H_COMP_7,5,43,52,Care Transition,Composite Measure,Montana,Mountain,2015-10-01,2016-09-30,32.432432432432435
07_2017,MT,H_HSP_RATING,7,22,71,Overall Hospital Rating,Global Item,Montana,Mountain,2015-10-01,2016-09-30,32.432432432432435
07_2017,MT,H_QUIET_HSP,8,30,62,Quietness of Hospital Environment,Individual Item,Montana,Mountain,2015-10-01,2016-09-30,32.432432432432435
07_2017,MT,H_RECMND,5,23,72,Willingness to Recommend the Hospital,Global Item,Montana,Mountain,2015-10-01,2016-09-30,32.432432432432435
07_2017,NC,H_CLEAN_HSP,9,19,72,Cleanliness of Hospital Environment,Individual Item,North Carolina,South Atlantic,2015-10-01,2016-09-30,25.717171717171716
07_2017,NC,H_COMP_1,4,15,81,Communication with Nurses,Composite Measure,North Carolina,South Atlantic,2015-10-01,2016-09-30,25.717171717171716
07_2017,NC,H_COMP_2,4,13,83,Communication with Doctors,Composite Measure,North Carolina,South Atlantic,2015-10-01,2016-09-30,25.717171717171716
07_2017,NC,H_COMP_3,9,23,68,Responsiveness of Hospital Staff,Composite Measure,North Carolina,South Atlantic,2015-10-01,2016-09-30,25.717171717171716
07_2017,NC,H_COMP_5,17,17,66,Communication about Medicines,Composite Measure,North Carolina,South Atlantic,2015-10-01,2016-09-30,25.717171717171716
07_2017,NC,H_COMP_6,13,0,87,Discharge Information,Composite Measure,North Carolina,South Atlantic,2015-10-01,2016-09-30,25.717171717171716
07_2017,NC,H_COMP_7,5,44,51,Care Transition,Composite Measure,North Carolina,South Atlantic,2015-10-01,2016-09-30,25.717171717171716
07_2017,NC,H_HSP_RATING,7,20,73,Overall Hospital Rating,Global Item,North Carolina,South Atlantic,2015-10-01,2016-09-30,25.717171717171716
07_2017,NC,H_QUIET_HSP,7,29,64,Quietness of Hospital Environment,Individual Item,North Carolina,South Atlantic,2015-10-01,2016-09-30,25.717171717171716
07_2017,NC,H_RECMND,5,24,71,Willingness to Recommend the Hospital,Global Item,North Carolina,South Atlantic,2015-10-01,2016-09-30,25.717171717171716
07_2017,ND,H_CLEAN_HSP,5,19,76,Cleanliness of Hospital Environment,Individual Item,North Dakota,West North Central,2015-10-01,2016-09-30,35.11538461538461
07_2017,ND,H_COMP_1,3,14,83,Communication with Nurses,Composite Measure,North Dakota,West North Central,2015-10-01,2016-09-30,35.11538461538461
07_2017,ND,H_COMP_2,3,14,83,Communication with Doctors,Composite Measure,North Dakota,West North Central,2015-10-01,2016-09-30,35.11538461538461
07_2017,ND,H_COMP_3,5,18,77,Responsiveness of Hospital Staff,Composite Measure,North Dakota,West North Central,2015-10-01,2016-09-30,35.11538461538461
07_2017,ND,H_COMP_5,12,17,71,Communication about Medicines,Composite Measure,North Dakota,West North Central,2015-10-01,2016-09-30,35.11538461538461
07_2017,ND,H_COMP_6,16,0,84,Discharge Information,Composite Measure,North Dakota,West North Central,2015-10-01,2016-09-30,35.11538461538461
07_2017,ND,H_COMP_7,3,42,55,Care Transition,Composite Measure,North Dakota,West North Central,2015-10-01,2016-09-30,35.11538461538461
07_2017,ND,H_HSP_RATING,5,21,74,Overall Hospital Rating,Global Item,North Dakota,West North Central,2015-10-01,2016-09-30,35.11538461538461
07_2017,ND,H_QUIET_HSP,6,28,66,Quietness of Hospital Environment,Individual Item,North Dakota,West North Central,2015-10-01,2016-09-30,35.11538461538461
07_2017,ND,H_RECMND,2,25,73,Willingness to Recommend the Hospital,Global Item,North Dakota,West North Central,2015-10-01,2016-09-30,35.11538461538461
07_2017,NE,H_CLEAN_HSP,5,13,82,Cleanliness of Hospital Environment,Individual Item,Nebraska,West North Central,2015-10-01,2016-09-30,37.59701492537314
07_2017,NE,H_COMP_1,2,14,84,Communication with Nurses,Composite Measure,Nebraska,West North Central,2015-10-01,2016-09-30,37.59701492537314
07_2017,NE,H_COMP_2,2,12,86,Communication with Doctors,Composite Measure,Nebraska,West North Central,2015-10-01,2016-09-30,37.59701492537314
07_2017,NE,H_COMP_3,5,20,75,Responsiveness of Hospital Staff,Composite Measure,Nebraska,West North Central,2015-10-01,2016-09-30,37.59701492537314
07_2017,NE,H_COMP_5,13,18,69,Communication about Medicines,Composite Measure,Nebraska,West North Central,2015-10-01,2016-09-30,37.59701492537314
07_2017,NE,H_COMP_6,10,0,90,Discharge Information,Composite Measure,Nebraska,West North Central,2015-10-01,2016-09-30,37.59701492537314
07_2017,NE,H_COMP_7,3,39,58,Care Transition,Composite Measure,Nebraska,West North Central,2015-10-01,2016-09-30,37.59701492537314
07_2017,NE,H_HSP_RATING,4,16,80,Overall Hospital Rating,Global Item,Nebraska,West North Central,2015-10-01,2016-09-30,37.59701492537314
07_2017,NE,H_QUIET_HSP,5,25,70,Quietness of Hospital Environment,Individual Item,Nebraska,West North Central,2015-10-01,2016-09-30,37.59701492537314
07_2017,NE,H_RECMND,2,19,79,Willingness to Recommend the Hospital,Global Item,Nebraska,West North Central,2015-10-01,2016-09-30,37.59701492537314
07_2017,NH,H_CLEAN_HSP,6,17,77,Cleanliness of Hospital Environment,Individual Item,New Hampshire,New England,2015-10-01,2016-09-30,28.708333333333332
07_2017,NH,H_COMP_1,3,14,83,Communication with Nurses,Composite Measure,New Hampshire,New England,2015-10-01,2016-09-30,28.708333333333332
07_2017,NH,H_COMP_2,3,14,83,Communication with Doctors,Composite Measure,New Hampshire,New England,2015-10-01,2016-09-30,28.708333333333332
07_2017,NH,H_COMP_3,7,21,72,Responsiveness of Hospital Staff,Composite Measure,New Hampshire,New England,2015-10-01,2016-09-30,28.708333333333332
07_2017,NH,H_COMP_5,15,17,68,Communication about Medicines,Composite Measure,New Hampshire,New England,2015-10-01,2016-09-30,28.708333333333332
07_2017,NH,H_COMP_6,10,0,90,Discharge Information,Composite Measure,New Hampshire,New England,2015-10-01,2016-09-30,28.708333333333332
07_2017,NH,H_COMP_7,4,41,55,Care Transition,Composite Measure,New Hampshire,New England,2015-10-01,2016-09-30,28.708333333333332
07_2017,NH,H_HSP_RATING,6,20,74,Overall Hospital Rating,Global Item,New Hampshire,New England,2015-10-01,2016-09-30,28.708333333333332
07_2017,NH,H_QUIET_HSP,10,32,58,Quietness of Hospital Environment,Individual Item,New Hampshire,New England,2015-10-01,2016-09-30,28.708333333333332
07_2017,NH,H_RECMND,4,21,75,Willingness to Recommend the Hospital,Global Item,New Hampshire,New England,2015-10-01,2016-09-30,28.708333333333332
07_2017,NJ,H_CLEAN_HSP,10,20,70,Cleanliness of Hospital Environment,Individual Item,New Jersey,Mid-Atlantic,2015-10-01,2016-09-30,22.5
07_2017,NJ,H_COMP_1,6,17,77,Communication with Nurses,Composite Measure,New Jersey,Mid-Atlantic,2015-10-01,2016-09-30,22.5
07_2017,NJ,H_COMP_2,6,17,77,Communication with Doctors,Composite Measure,New Jersey,Mid-Atlantic,2015-10-01,2016-09-30,22.5
07_2017,NJ,H_COMP_3,13,25,62,Responsiveness of Hospital Staff,Composite Measure,New Jersey,Mid-Atlantic,2015-10-01,2016-09-30,22.5
07_2017,NJ,H_COMP_5,22,18,60,Communication about Medicines,Composite Measure,New Jersey,Mid-Atlantic,2015-10-01,2016-09-30,22.5
07_2017,NJ,H_COMP_6,16,0,84,Discharge Information,Composite Measure,New Jersey,Mid-Atlantic,2015-10-01,2016-09-30,22.5
07_2017,NJ,H_COMP_7,6,47,47,Care Transition,Composite Measure,New Jersey,Mid-Atlantic,2015-10-01,2016-09-30,22.5
07_2017,NJ,H_HSP_RATING,10,24,66,Overall Hospital Rating,Global Item,New Jersey,Mid-Atlantic,2015-10-01,2016-09-30,22.5
07_2017,NJ,H_QUIET_HSP,15,31,54,Quietness of Hospital Environment,Individual Item,New Jersey,Mid-Atlantic,2015-10-01,2016-09-30,22.5
07_2017,NJ,H_RECMND,7,27,66,Willingness to Recommend the Hospital,Global Item,New Jersey,Mid-Atlantic,2015-10-01,2016-09-30,22.5
07_2017,NM,H_CLEAN_HSP,9,19,72,Cleanliness of Hospital Environment,Individual Item,New Mexico,Mountain,2015-10-01,2016-09-30,23.15625
07_2017,NM,H_COMP_1,5,18,77,Communication with Nurses,Composite Measure,New Mexico,Mountain,2015-10-01,2016-09-30,23.15625
07_2017,NM,H_COMP_2,5,16,79,Communication with Doctors,Composite Measure,New Mexico,Mountain,2015-10-01,2016-09-30,23.15625
07_2017,NM,H_COMP_3,9,24,67,Responsiveness of Hospital Staff,Composite Measure,New Mexico,Mountain,2015-10-01,2016-09-30,23.15625
07_2017,NM,H_COMP_5,18,17,65,Communication about Medicines,Composite Measure,New Mexico,Mountain,2015-10-01,2016-09-30,23.15625
07_2017,NM,H_COMP_6,14,0,86,Discharge Information,Composite Measure,New Mexico,Mountain,2015-10-01,2016-09-30,23.15625
07_2017,NM,H_COMP_7,6,45,49,Care Transition,Composite Measure,New Mexico,Mountain,2015-10-01,2016-09-30,23.15625
07_2017,NM,H_HSP_RATING,9,23,68,Overall Hospital Rating,Global Item,New Mexico,Mountain,2015-10-01,2016-09-30,23.15625
07_2017,NM,H_QUIET_HSP,10,29,61,Quietness of Hospital Environment,Individual Item,New Mexico,Mountain,2015-10-01,2016-09-30,23.15625
07_2017,NM,H_RECMND,6,28,66,Willingness to Recommend the Hospital,Global Item,New Mexico,Mountain,2015-10-01,2016-09-30,23.15625
07_2017,NV,H_CLEAN_HSP,11,21,68,Cleanliness of Hospital Environment,Individual Item,Nevada,Mountain,2015-10-01,2016-09-30,23.25
07_2017,NV,H_COMP_1,8,19,73,Communication with Nurses,Composite Measure,Nevada,Mountain,2015-10-01,2016-09-30,23.25
07_2017,NV,H_COMP_2,8,18,74,Communication with Doctors,Composite Measure,Nevada,Mountain,2015-10-01,2016-09-30,23.25
07_2017,NV,H_COMP_3,13,26,61,Responsiveness of Hospital Staff,Composite Measure,Nevada,Mountain,2015-10-01,2016-09-30,23.25
07_2017,NV,H_COMP_5,20,19,61,Communication about Medicines,Composite Measure,Nevada,Mountain,2015-10-01,2016-09-30,23.25
07_2017,NV,H_COMP_6,15,0,85,Discharge Information,Composite Measure,Nevada,Mountain,2015-10-01,2016-09-30,23.25
07_2017,NV,H_COMP_7,8,47,45,Care Transition,Composite Measure,Nevada,Mountain,2015-10-01,2016-09-30,23.25
07_2017,NV,H_HSP_RATING,11,25,64,Overall Hospital Rating,Global Item,Nevada,Mountain,2015-10-01,2016-09-30,23.25
07_2017,NV,H_QUIET_HSP,14,32,54,Quietness of Hospital Environment,Individual Item,Nevada,Mountain,2015-10-01,2016-09-30,23.25
07_2017,NV,H_RECMND,8,26,66,Willingness to Recommend the Hospital,Global Item,Nevada,Mountain,2015-10-01,2016-09-30,23.25
07_2017,NY,H_CLEAN_HSP,9,21,70,Cleanliness of Hospital Environment,Individual Item,New York,Mid-Atlantic,2015-10-01,2016-09-30,24.60759493670886
07_2017,NY,H_COMP_1,5,18,77,Communication with Nurses,Composite Measure,New York,Mid-Atlantic,2015-10-01,2016-09-30,24.60759493670886
07_2017,NY,H_COMP_2,6,16,78,Communication with Doctors,Composite Measure,New York,Mid-Atlantic,2015-10-01,2016-09-30,24.60759493670886
07_2017,NY,H_COMP_3,12,25,63,Responsiveness of Hospital Staff,Composite Measure,New York,Mid-Atlantic,2015-10-01,2016-09-30,24.60759493670886
07_2017,NY,H_COMP_5,21,18,61,Communication about Medicines,Composite Measure,New York,Mid-Atlantic,2015-10-01,2016-09-30,24.60759493670886
07_2017,NY,H_COMP_6,14,0,86,Discharge Information,Composite Measure,New York,Mid-Atlantic,2015-10-01,2016-09-30,24.60759493670886
07_2017,NY,H_COMP_7,6,46,48,Care Transition,Composite Measure,New York,Mid-Atlantic,2015-10-01,2016-09-30,24.60759493670886
07_2017,NY,H_HSP_RATING,10,25,65,Overall Hospital Rating,Global Item,New York,Mid-Atlantic,2015-10-01,2016-09-30,24.60759493670886
07_2017,NY,H_QUIET_HSP,15,32,53,Quietness of Hospital Environment,Individual Item,New York,Mid-Atlantic,2015-10-01,2016-09-30,24.60759493670886
07_2017,NY,H_RECMND,6,28,66,Willingness to Recommend the Hospital,Global Item,New York,Mid-Atlantic,2015-10-01,2016-09-30,24.60759493670886
07_2017,OH,H_CLEAN_HSP,7,17,76,Cleanliness of Hospital Environment,Individual Item,Ohio,East North Central,2015-10-01,2016-09-30,30.149350649350648
07_2017,OH,H_COMP_1,3,15,82,Communication with Nurses,Composite Measure,Ohio,East North Central,2015-10-01,2016-09-30,30.149350649350648
07_2017,OH,H_COMP_2,4,15,81,Communication with Doctors,Composite Measure,Ohio,East North Central,2015-10-01,2016-09-30,30.149350649350648
07_2017,OH,H_COMP_3,7,22,71,Responsiveness of Hospital Staff,Composite Measure,Ohio,East North Central,2015-10-01,2016-09-30,30.149350649350648
07_2017,OH,H_COMP_5,17,18,65,Communication about Medicines,Composite Measure,Ohio,East North Central,2015-10-01,2016-09-30,30.149350649350648
07_2017,OH,H_COMP_6,11,0,89,Discharge Information,Composite Measure,Ohio,East North Central,2015-10-01,2016-09-30,30.149350649350648
07_2017,OH,H_COMP_7,4,42,54,Care Transition,Composite Measure,Ohio,East North Central,2015-10-01,2016-09-30,30.149350649350648
07_2017,OH,H_HSP_RATING,7,19,74,Overall Hospital Rating,Global Item,Ohio,East North Central,2015-10-01,2016-09-30,30.149350649350648
07_2017,OH,H_QUIET_HSP,9,30,61,Quietness of Hospital Environment,Individual Item,Ohio,East North Central,2015-10-01,2016-09-30,30.149350649350648
07_2017,OH,H_RECMND,4,24,72,Willingness to Recommend the Hospital,Global Item,Ohio,East North Central,2015-10-01,2016-09-30,30.149350649350648
07_2017,OK,H_CLEAN_HSP,8,17,75,Cleanliness of Hospital Environment,Individual Item,Oklahoma,West South Central,2015-10-01,2016-09-30,27.0
07_2017,OK,H_COMP_1,4,15,81,Communication with Nurses,Composite Measure,Oklahoma,West South Central,2015-10-01,2016-09-30,27.0
07_2017,OK,H_COMP_2,4,12,84,Communication with Doctors,Composite Measure,Oklahoma,West South Central,2015-10-01,2016-09-30,27.0
07_2017,OK,H_COMP_3,7,21,72,Responsiveness of Hospital Staff,Composite Measure,Oklahoma,West South Central,2015-10-01,2016-09-30,27.0
07_2017,OK,H_COMP_5,17,17,66,Communication about Medicines,Composite Measure,Oklahoma,West South Central,2015-10-01,2016-09-30,27.0
07_2017,OK,H_COMP_6,13,0,87,Discharge Information,Composite Measure,Oklahoma,West South Central,2015-10-01,2016-09-30,27.0
07_2017,OK,H_COMP_7,5,43,52,Care Transition,Composite Measure,Oklahoma,West South Central,2015-10-01,2016-09-30,27.0
07_2017,OK,H_HSP_RATING,8,19,73,Overall Hospital Rating,Global Item,Oklahoma,West South Central,2015-10-01,2016-09-30,27.0
07_2017,OK,H_QUIET_HSP,6,25,69,Quietness of Hospital Environment,Individual Item,Oklahoma,West South Central,2015-10-01,2016-09-30,27.0
07_2017,OK,H_RECMND,5,22,73,Willingness to Recommend the Hospital,Global Item,Oklahoma,West South Central,2015-10-01,2016-09-30,27.0
07_2017,OR,H_CLEAN_HSP,7,18,75,Cleanliness of Hospital Environment,Individual Item,Oregon,Pacific,2015-10-01,2016-09-30,27.879310344827587
07_2017,OR,H_COMP_1,3,17,80,Communication with Nurses,Composite Measure,Oregon,Pacific,2015-10-01,2016-09-30,27.879310344827587
07_2017,OR,H_COMP_2,4,15,81,Communication with Doctors,Composite Measure,Oregon,Pacific,2015-10-01,2016-09-30,27.879310344827587
07_2017,OR,H_COMP_3,6,24,70,Responsiveness of Hospital Staff,Composite Measure,Oregon,Pacific,2015-10-01,2016-09-30,27.879310344827587
07_2017,OR,H_COMP_5,16,19,65,Communication about Medicines,Composite Measure,Oregon,Pacific,2015-10-01,2016-09-30,27.879310344827587
07_2017,OR,H_COMP_6,12,0,88,Discharge Information,Composite Measure,Oregon,Pacific,2015-10-01,2016-09-30,27.879310344827587
07_2017,OR,H_COMP_7,5,42,53,Care Transition,Composite Measure,Oregon,Pacific,2015-10-01,2016-09-30,27.879310344827587
07_2017,OR,H_HSP_RATING,7,21,72,Overall Hospital Rating,Global Item,Oregon,Pacific,2015-10-01,2016-09-30,27.879310344827587
07_2017,OR,H_QUIET_HSP,10,33,57,Quietness of Hospital Environment,Individual Item,Oregon,Pacific,2015-10-01,2016-09-30,27.879310344827587
07_2017,OR,H_RECMND,4,23,73,Willingness to Recommend the Hospital,Global Item,Oregon,Pacific,2015-10-01,2016-09-30,27.879310344827587
07_2017,PA,H_CLEAN_HSP,8,18,74,Cleanliness of Hospital Environment,Individual Item,Pennsylvania,Mid-Atlantic,2015-10-01,2016-09-30,32.5859872611465
07_2017,PA,H_COMP_1,4,15,81,Communication with Nurses,Composite Measure,Pennsylvania,Mid-Atlantic,2015-10-01,2016-09-30,32.5859872611465
07_2017,PA,H_COMP_2,4,16,80,Communication with Doctors,Composite Measure,Pennsylvania,Mid-Atlantic,2015-10-01,2016-09-30,32.5859872611465
07_2017,PA,H_COMP_3,8,24,68,Responsiveness of Hospital Staff,Composite Measure,Pennsylvania,Mid-Atlantic,2015-10-01,2016-09-30,32.5859872611465
07_2017,PA,H_COMP_5,18,18,64,Communication about Medicines,Composite Measure,Pennsylvania,Mid-Atlantic,2015-10-01,2016-09-30,32.5859872611465
07_2017,PA,H_COMP_6,12,0,88,Discharge Information,Composite Measure,Pennsylvania,Mid-Atlantic,2015-10-01,2016-09-30,32.5859872611465
07_2017,PA,H_COMP_7,5,43,52,Care Transition,Composite Measure,Pennsylvania,Mid-Atlantic,2015-10-01,2016-09-30,32.5859872611465
07_2017,PA,H_HSP_RATING,8,21,71,Overall Hospital Rating,Global Item,Pennsylvania,Mid-Atlantic,2015-10-01,2016-09-30,32.5859872611465
07_2017,PA,H_QUIET_HSP,12,32,56,Quietness of Hospital Environment,Individual Item,Pennsylvania,Mid-Atlantic,2015-10-01,2016-09-30,32.5859872611465
07_2017,PA,H_RECMND,5,25,70,Willingness to Recommend the Hospital,Global Item,Pennsylvania,Mid-Atlantic,2015-10-01,2016-09-30,32.5859872611465
07_2017,RI,H_CLEAN_HSP,7,19,74,Cleanliness of Hospital Environment,Individual Item,Rhode Island,New England,2015-10-01,2016-09-30,29.818181818181817
07_2017,RI,H_COMP_1,4,14,82,Communication with Nurses,Composite Measure,Rhode Island,New England,2015-10-01,2016-09-30,29.818181818181817
07_2017,RI,H_COMP_2,4,14,82,Communication with Doctors,Composite Measure,Rhode Island,New England,2015-10-01,2016-09-30,29.818181818181817
07_2017,RI,H_COMP_3,9,23,68,Responsiveness of Hospital Staff,Composite Measure,Rhode Island,New England,2015-10-01,2016-09-30,29.818181818181817
07_2017,RI,H_COMP_5,18,18,64,Communication about Medicines,Composite Measure,Rhode Island,New England,2015-10-01,2016-09-30,29.818181818181817
07_2017,RI,H_COMP_6,13,0,87,Discharge Information,Composite Measure,Rhode Island,New England,2015-10-01,2016-09-30,29.818181818181817
07_2017,RI,H_COMP_7,5,42,53,Care Transition,Composite Measure,Rhode Island,New England,2015-10-01,2016-09-30,29.818181818181817
07_2017,RI,H_HSP_RATING,8,21,71,Overall Hospital Rating,Global Item,Rhode Island,New England,2015-10-01,2016-09-30,29.818181818181817
07_2017,RI,H_QUIET_HSP,12,32,56,Quietness of Hospital Environment,Individual Item,Rhode Island,New England,2015-10-01,2016-09-30,29.818181818181817
07_2017,RI,H_RECMND,5,22,73,Willingness to Recommend the Hospital,Global Item,Rhode Island,New England,2015-10-01,2016-09-30,29.818181818181817
07_2017,SC,H_CLEAN_HSP,10,17,73,Cleanliness of Hospital Environment,Individual Item,South Carolina,South Atlantic,2015-10-01,2016-09-30,26.72222222222222
07_2017,SC,H_COMP_1,4,15,81,Communication with Nurses,Composite Measure,South Carolina,South Atlantic,2015-10-01,2016-09-30,26.72222222222222
07_2017,SC,H_COMP_2,4,12,84,Communication with Doctors,Composite Measure,South Carolina,South Atlantic,2015-10-01,2016-09-30,26.72222222222222
07_2017,SC,H_COMP_3,10,22,68,Responsiveness of Hospital Staff,Composite Measure,South Carolina,South Atlantic,2015-10-01,2016-09-30,26.72222222222222
07_2017,SC,H_COMP_5,18,15,67,Communication about Medicines,Composite Measure,South Carolina,South Atlantic,2015-10-01,2016-09-30,26.72222222222222
07_2017,SC,H_COMP_6,12,0,88,Discharge Information,Composite Measure,South Carolina,South Atlantic,2015-10-01,2016-09-30,26.72222222222222
07_2017,SC,H_COMP_7,6,42,52,Care Transition,Composite Measure,South Carolina,South Atlantic,2015-10-01,2016-09-30,26.72222222222222
07_2017,SC,H_HSP_RATING,8,20,72,Overall Hospital Rating,Global Item,South Carolina,South Atlantic,2015-10-01,2016-09-30,26.72222222222222
07_2017,SC,H_QUIET_HSP,7,25,68,Quietness of Hospital Environment,Individual Item,South Carolina,South Atlantic,2015-10-01,2016-09-30,26.72222222222222
07_2017,SC,H_RECMND,6,23,71,Willingness to Recommend the Hospital,Global Item,South Carolina,South Atlantic,2015-10-01,2016-09-30,26.72222222222222
07_2017,SD,H_CLEAN_HSP,6,14,80,Cleanliness of Hospital Environment,Individual Item,South Dakota,West North Central,2015-10-01,2016-09-30,36.351351351351354
07_2017,SD,H_COMP_1,2,13,85,Communication with Nurses,Composite Measure,South Dakota,West North Central,2015-10-01,2016-09-30,36.351351351351354
07_2017,SD,H_COMP_2,2,12,86,Communication with Doctors,Composite Measure,South Dakota,West North Central,2015-10-01,2016-09-30,36.351351351351354
07_2017,SD,H_COMP_3,3,19,78,Responsiveness of Hospital Staff,Composite Measure,South Dakota,West North Central,2015-10-01,2016-09-30,36.351351351351354
07_2017,SD,H_COMP_5,12,18,70,Communication about Medicines,Composite Measure,South Dakota,West North Central,2015-10-01,2016-09-30,36.351351351351354
07_2017,SD,H_COMP_6,10,0,90,Discharge Information,Composite Measure,South Dakota,West North Central,2015-10-01,2016-09-30,36.351351351351354
07_2017,SD,H_COMP_7,4,40,56,Care Transition,Composite Measure,South Dakota,West North Central,2015-10-01,2016-09-30,36.351351351351354
07_2017,SD,H_HSP_RATING,5,16,79,Overall Hospital Rating,Global Item,South Dakota,West North Central,2015-10-01,2016-09-30,36.351351351351354
07_2017,SD,H_QUIET_HSP,4,24,72,Quietness of Hospital Environment,Individual Item,South Dakota,West North Central,2015-10-01,2016-09-30,36.351351351351354
07_2017,SD,H_RECMND,2,19,79,Willingness to Recommend the Hospital,Global Item,South Dakota,West North Central,2015-10-01,2016-09-30,36.351351351351354
07_2017,TN,H_CLEAN_HSP,9,18,73,Cleanliness of Hospital Environment,Individual Item,Tennessee,East South Central,2015-10-01,2016-09-30,28.83
07_2017,TN,H_COMP_1,5,14,81,Communication with Nurses,Composite Measure,Tennessee,East South Central,2015-10-01,2016-09-30,28.83
07_2017,TN,H_COMP_2,4,13,83,Communication with Doctors,Composite Measure,Tennessee,East South Central,2015-10-01,2016-09-30,28.83
07_2017,TN,H_COMP_3,9,22,69,Responsiveness of Hospital Staff,Composite Measure,Tennessee,East South Central,2015-10-01,2016-09-30,28.83
07_2017,TN,H_COMP_5,18,17,65,Communication about Medicines,Composite Measure,Tennessee,East South Central,2015-10-01,2016-09-30,28.83
07_2017,TN,H_COMP_6,14,0,86,Discharge Information,Composite Measure,Tennessee,East South Central,2015-10-01,2016-09-30,28.83
07_2017,TN,H_COMP_7,6,43,51,Care Transition,Composite Measure,Tennessee,East South Central,2015-10-01,2016-09-30,28.83
07_2017,TN,H_HSP_RATING,8,20,72,Overall Hospital Rating,Global Item,Tennessee,East South Central,2015-10-01,2016-09-30,28.83
07_2017,TN,H_QUIET_HSP,6,27,67,Quietness of Hospital Environment,Individual Item,Tennessee,East South Central,2015-10-01,2016-09-30,28.83
07_2017,TN,H_RECMND,6,23,71,Willingness to Recommend the Hospital,Global Item,Tennessee,East South Central,2015-10-01,2016-09-30,28.83
07_2017,TX,H_CLEAN_HSP,8,16,76,Cleanliness of Hospital Environment,Individual Item,Texas,West South Central,2015-10-01,2016-09-30,25.647435897435898
07_2017,TX,H_COMP_1,4,15,81,Communication with Nurses,Composite Measure,Texas,West South Central,2015-10-01,2016-09-30,25.647435897435898
07_2017,TX,H_COMP_2,4,13,83,Communication with Doctors,Composite Measure,Texas,West South Central,2015-10-01,2016-09-30,25.647435897435898
07_2017,TX,H_COMP_3,8,22,70,Responsiveness of Hospital Staff,Composite Measure,Texas,West South Central,2015-10-01,2016-09-30,25.647435897435898
07_2017,TX,H_COMP_5,16,16,68,Communication about Medicines,Composite Measure,Texas,West South Central,2015-10-01,2016-09-30,25.647435897435898
07_2017,TX,H_COMP_6,13,0,87,Discharge Information,Composite Measure,Texas,West South Central,2015-10-01,2016-09-30,25.647435897435898
07_2017,TX,H_COMP_7,6,41,53,Care Transition,Composite Measure,Texas,West South Central,2015-10-01,2016-09-30,25.647435897435898
07_2017,TX,H_HSP_RATING,7,18,75,Overall Hospital Rating,Global Item,Texas,West South Central,2015-10-01,2016-09-30,25.647435897435898
07_2017,TX,H_QUIET_HSP,6,24,70,Quietness of Hospital Environment,Individual Item,Texas,West South Central,2015-10-01,2016-09-30,25.647435897435898
07_2017,TX,H_RECMND,5,21,74,Willingness to Recommend the Hospital,Global Item,Texas,West South Central,2015-10-01,2016-09-30,25.647435897435898
07_2017,UT,H_CLEAN_HSP,7,20,73,Cleanliness of Hospital Environment,Individual Item,Utah,Mountain,2015-10-01,2016-09-30,29.5609756097561
07_2017,UT,H_COMP_1,3,18,79,Communication with Nurses,Composite Measure,Utah,Mountain,2015-10-01,2016-09-30,29.5609756097561
07_2017,UT,H_COMP_2,3,14,83,Communication with Doctors,Composite Measure,Utah,Mountain,2015-10-01,2016-09-30,29.5609756097561
07_2017,UT,H_COMP_3,6,26,68,Responsiveness of Hospital Staff,Composite Measure,Utah,Mountain,2015-10-01,2016-09-30,29.5609756097561
07_2017,UT,H_COMP_5,15,20,65,Communication about Medicines,Composite Measure,Utah,Mountain,2015-10-01,2016-09-30,29.5609756097561
07_2017,UT,H_COMP_6,10,0,90,Discharge Information,Composite Measure,Utah,Mountain,2015-10-01,2016-09-30,29.5609756097561
07_2017,UT,H_COMP_7,5,39,56,Care Transition,Composite Measure,Utah,Mountain,2015-10-01,2016-09-30,29.5609756097561
07_2017,UT,H_HSP_RATING,5,18,77,Overall Hospital Rating,Global Item,Utah,Mountain,2015-10-01,2016-09-30,29.5609756097561
07_2017,UT,H_QUIET_HSP,6,32,62,Quietness of Hospital Environment,Individual Item,Utah,Mountain,2015-10-01,2016-09-30,29.5609756097561
07_2017,UT,H_RECMND,3,20,77,Willingness to Recommend the Hospital,Global Item,Utah,Mountain,2015-10-01,2016-09-30,29.5609756097561
07_2017,VA,H_CLEAN_HSP,9,19,72,Cleanliness of Hospital Environment,Individual Item,Virginia,South Atlantic,2015-10-01,2016-09-30,26.76923076923077
07_2017,VA,H_COMP_1,4,16,80,Communication with Nurses,Composite Measure,Virginia,South Atlantic,2015-10-01,2016-09-30,26.76923076923077
07_2017,VA,H_COMP_2,4,14,82,Communication with Doctors,Composite Measure,Virginia,South Atlantic,2015-10-01,2016-09-30,26.76923076923077
07_2017,VA,H_COMP_3,10,24,66,Responsiveness of Hospital Staff,Composite Measure,Virginia,South Atlantic,2015-10-01,2016-09-30,26.76923076923077
07_2017,VA,H_COMP_5,18,17,65,Communication about Medicines,Composite Measure,Virginia,South Atlantic,2015-10-01,2016-09-30,26.76923076923077
07_2017,VA,H_COMP_6,12,0,88,Discharge Information,Composite Measure,Virginia,South Atlantic,2015-10-01,2016-09-30,26.76923076923077
07_2017,VA,H_COMP_7,5,44,51,Care Transition,Composite Measure,Virginia,South Atlantic,2015-10-01,2016-09-30,26.76923076923077
07_2017,VA,H_HSP_RATING,8,21,71,Overall Hospital Rating,Global Item,Virginia,South Atlantic,2015-10-01,2016-09-30,26.76923076923077
07_2017,VA,H_QUIET_HSP,9,30,61,Quietness of Hospital Environment,Individual Item,Virginia,South Atlantic,2015-10-01,2016-09-30,26.76923076923077
07_2017,VA,H_RECMND,5,25,70,Willingness to Recommend the Hospital,Global Item,Virginia,South Atlantic,2015-10-01,2016-09-30,26.76923076923077
07_2017,VT,H_CLEAN_HSP,5,16,79,Cleanliness of Hospital Environment,Individual Item,Vermont,New England,2015-10-01,2016-09-30,31.285714285714285
07_2017,VT,H_COMP_1,3,15,82,Communication with Nurses,Composite Measure,Vermont,New England,2015-10-01,2016-09-30,31.285714285714285
07_2017,VT,H_COMP_2,3,14,83,Communication with Doctors,Composite Measure,Vermont,New England,2015-10-01,2016-09-30,31.285714285714285
07_2017,VT,H_COMP_3,6,23,71,Responsiveness of Hospital Staff,Composite Measure,Vermont,New England,2015-10-01,2016-09-30,31.285714285714285
07_2017,VT,H_COMP_5,14,17,69,Communication about Medicines,Composite Measure,Vermont,New England,2015-10-01,2016-09-30,31.285714285714285
07_2017,VT,H_COMP_6,9,0,91,Discharge Information,Composite Measure,Vermont,New England,2015-10-01,2016-09-30,31.285714285714285
07_2017,VT,H_COMP_7,4,40,56,Care Transition,Composite Measure,Vermont,New England,2015-10-01,2016-09-30,31.285714285714285
07_2017,VT,H_HSP_RATING,6,21,73,Overall Hospital Rating,Global Item,Vermont,New England,2015-10-01,2016-09-30,31.285714285714285
07_2017,VT,H_QUIET_HSP,10,35,55,Quietness of Hospital Environment,Individual Item,Vermont,New England,2015-10-01,2016-09-30,31.285714285714285
07_2017,VT,H_RECMND,3,23,74,Willingness to Recommend the Hospital,Global Item,Vermont,New England,2015-10-01,2016-09-30,31.285714285714285
07_2017,WA,H_CLEAN_HSP,8,18,74,Cleanliness of Hospital Environment,Individual Item,Washington,Pacific,2015-10-01,2016-09-30,27.294871794871796
07_2017,WA,H_COMP_1,4,18,78,Communication with Nurses,Composite Measure,Washington,Pacific,2015-10-01,2016-09-30,27.294871794871796
07_2017,WA,H_COMP_2,4,16,80,Communication with Doctors,Composite Measure,Washington,Pacific,2015-10-01,2016-09-30,27.294871794871796
07_2017,WA,H_COMP_3,8,26,66,Responsiveness of Hospital Staff,Composite Measure,Washington,Pacific,2015-10-01,2016-09-30,27.294871794871796
07_2017,WA,H_COMP_5,16,19,65,Communication about Medicines,Composite Measure,Washington,Pacific,2015-10-01,2016-09-30,27.294871794871796
07_2017,WA,H_COMP_6,12,0,88,Discharge Information,Composite Measure,Washington,Pacific,2015-10-01,2016-09-30,27.294871794871796
07_2017,WA,H_COMP_7,5,43,52,Care Transition,Composite Measure,Washington,Pacific,2015-10-01,2016-09-30,27.294871794871796
07_2017,WA,H_HSP_RATING,7,21,72,Overall Hospital Rating,Global Item,Washington,Pacific,2015-10-01,2016-09-30,27.294871794871796
07_2017,WA,H_QUIET_HSP,11,34,55,Quietness of Hospital Environment,Individual Item,Washington,Pacific,2015-10-01,2016-09-30,27.294871794871796
07_2017,WA,H_RECMND,5,22,73,Willingness to Recommend the Hospital,Global Item,Washington,Pacific,2015-10-01,2016-09-30,27.294871794871796
07_2017,WI,H_CLEAN_HSP,5,15,80,Cleanliness of Hospital Environment,Individual Item,Wisconsin,East North Central,2015-10-01,2016-09-30,36.622950819672134
07_2017,WI,H_COMP_1,2,15,83,Communication with Nurses,Composite Measure,Wisconsin,East North Central,2015-10-01,2016-09-30,36.622950819672134
07_2017,WI,H_COMP_2,3,13,84,Communication with Doctors,Composite Measure,Wisconsin,East North Central,2015-10-01,2016-09-30,36.622950819672134
07_2017,WI,H_COMP_3,5,21,74,Responsiveness of Hospital Staff,Composite Measure,Wisconsin,East North Central,2015-10-01,2016-09-30,36.622950819672134
07_2017,WI,H_COMP_5,13,18,69,Communication about Medicines,Composite Measure,Wisconsin,East North Central,2015-10-01,2016-09-30,36.622950819672134
07_2017,WI,H_COMP_6,10,0,90,Discharge Information,Composite Measure,Wisconsin,East North Central,2015-10-01,2016-09-30,36.622950819672134
07_2017,WI,H_COMP_7,4,39,57,Care Transition,Composite Measure,Wisconsin,East North Central,2015-10-01,2016-09-30,36.622950819672134
07_2017,WI,H_HSP_RATING,5,17,78,Overall Hospital Rating,Global Item,Wisconsin,East North Central,2015-10-01,2016-09-30,36.622950819672134
07_2017,WI,H_QUIET_HSP,6,29,65,Quietness of Hospital Environment,Individual Item,Wisconsin,East North Central,2015-10-01,2016-09-30,36.622950819672134
07_2017,WI,H_RECMND,3,21,76,Willingness to Recommend the Hospital,Global Item,Wisconsin,East North Central,2015-10-01,2016-09-30,36.622950819672134
07_2017,WV,H_CLEAN_HSP,8,18,74,Cleanliness of Hospital Environment,Individual Item,West Virginia,South Atlantic,2015-10-01,2016-09-30,27.97872340425532
07_2017,WV,H_COMP_1,5,15,80,Communication with Nurses,Composite Measure,West Virginia,South Atlantic,2015-10-01,2016-09-30,27.97872340425532
07_2017,WV,H_COMP_2,4,14,82,Communication with Doctors,Composite Measure,West Virginia,South Atlantic,2015-10-01,2016-09-30,27.97872340425532
07_2017,WV,H_COMP_3,9,23,68,Responsiveness of Hospital Staff,Composite Measure,West Virginia,South Atlantic,2015-10-01,2016-09-30,27.97872340425532
07_2017,WV,H_COMP_5,18,17,65,Communication about Medicines,Composite Measure,West Virginia,South Atlantic,2015-10-01,2016-09-30,27.97872340425532
07_2017,WV,H_COMP_6,13,0,87,Discharge Information,Composite Measure,West Virginia,South Atlantic,2015-10-01,2016-09-30,27.97872340425532
07_2017,WV,H_COMP_7,5,46,49,Care Transition,Composite Measure,West Virginia,South Atlantic,2015-10-01,2016-09-30,27.97872340425532
07_2017,WV,H_HSP_RATING,9,21,70,Overall Hospital Rating,Global Item,West Virginia,South Atlantic,2015-10-01,2016-09-30,27.97872340425532
07_2017,WV,H_QUIET_HSP,10,30,60,Quietness of Hospital Environment,Individual Item,West Virginia,South Atlantic,2015-10-01,2016-09-30,27.97872340425532
07_2017,WV,H_RECMND,5,26,69,Willingness to Recommend the Hospital,Global Item,West Virginia,South Atlantic,2015-10-01,2016-09-30,27.97872340425532
07_2017,WY,H_CLEAN_HSP,8,17,75,Cleanliness of Hospital Environment,Individual Item,Wyoming,Mountain,2015-10-01,2016-09-30,28.666666666666668
07_2017,WY,H_COMP_1,4,17,79,Communication with Nurses,Composite Measure,Wyoming,Mountain,2015-10-01,2016-09-30,28.666666666666668
07_2017,WY,H_COMP_2,3,15,82,Communication with Doctors,Composite Measure,Wyoming,Mountain,2015-10-01,2016-09-30,28.666666666666668
07_2017,WY,H_COMP_3,6,21,73,Responsiveness of Hospital Staff,Composite Measure,Wyoming,Mountain,2015-10-01,2016-09-30,28.666666666666668
07_2017,WY,H_COMP_5,13,18,69,Communication about Medicines,Composite Measure,Wyoming,Mountain,2015-10-01,2016-09-30,28.666666666666668
07_2017,WY,H_COMP_6,11,0,89,Discharge Information,Composite Measure,Wyoming,Mountain,2015-10-01,2016-09-30,28.666666666666668
07_2017,WY,H_COMP_7,5,42,53,Care Transition,Composite Measure,Wyoming,Mountain,2015-10-01,2016-09-30,28.666666666666668
07_2017,WY,H_HSP_RATING,7,21,72,Overall Hospital Rating,Global Item,Wyoming,Mountain,2015-10-01,2016-09-30,28.666666666666668
07_2017,WY,H_QUIET_HSP,7,28,65,Quietness of Hospital Environment,Individual Item,Wyoming,Mountain,2015-10-01,2016-09-30,28.666666666666668
07_2017,WY,H_RECMND,4,29,67,Willingness to Recommend the Hospital,Global Item,Wyoming,Mountain,2015-10-01,2016-09-30,28.666666666666668
07_2018,AK,H_CLEAN_HSP,7,19,74,Cleanliness of Hospital Environment,Individual Item,Alaska,Pacific,2016-10-01,2017-09-30,22.384615384615383
07_2018,AK,H_COMP_1,4,17,79,Communication with Nurses,Composite Measure,Alaska,Pacific,2016-10-01,2017-09-30,22.384615384615383
07_2018,AK,H_COMP_2,5,15,80,Communication with Doctors,Composite Measure,Alaska,Pacific,2016-10-01,2017-09-30,22.384615384615383
07_2018,AK,H_COMP_3,6,21,73,Responsiveness of Hospital Staff,Composite Measure,Alaska,Pacific,2016-10-01,2017-09-30,22.384615384615383
07_2018,AK,H_COMP_5,16,19,65,Communication about Medicines,Composite Measure,Alaska,Pacific,2016-10-01,2017-09-30,22.384615384615383
07_2018,AK,H_COMP_6,14,0,86,Discharge Information,Composite Measure,Alaska,Pacific,2016-10-01,2017-09-30,22.384615384615383
07_2018,AK,H_COMP_7,4,46,50,Care Transition,Composite Measure,Alaska,Pacific,2016-10-01,2017-09-30,22.384615384615383
07_2018,AK,H_HSP_RATING,8,23,69,Overall Hospital Rating,Global Item,Alaska,Pacific,2016-10-01,2017-09-30,22.384615384615383
07_2018,AK,H_QUIET_HSP,10,34,56,Quietness of Hospital Environment,Individual Item,Alaska,Pacific,2016-10-01,2017-09-30,22.384615384615383
07_2018,AK,H_RECMND,3,23,74,Willingness to Recommend the Hospital,Global Item,Alaska,Pacific,2016-10-01,2017-09-30,22.384615384615383
07_2018,AL,H_CLEAN_HSP,9,17,74,Cleanliness of Hospital Environment,Individual Item,Alabama,East South Central,2016-10-01,2017-09-30,26.44578313253012
07_2018,AL,H_COMP_1,5,14,81,Communication with Nurses,Composite Measure,Alabama,East South Central,2016-10-01,2017-09-30,26.44578313253012
07_2018,AL,H_COMP_2,4,12,84,Communication with Doctors,Composite Measure,Alabama,East South Central,2016-10-01,2017-09-30,26.44578313253012
07_2018,AL,H_COMP_3,10,19,71,Responsiveness of Hospital Staff,Composite Measure,Alabama,East South Central,2016-10-01,2017-09-30,26.44578313253012
07_2018,AL,H_COMP_5,16,16,68,Communication about Medicines,Composite Measure,Alabama,East South Central,2016-10-01,2017-09-30,26.44578313253012
07_2018,AL,H_COMP_6,13,0,87,Discharge Information,Composite Measure,Alabama,East South Central,2016-10-01,2017-09-30,26.44578313253012
07_2018,AL,H_COMP_7,5,45,50,Care Transition,Composite Measure,Alabama,East South Central,2016-10-01,2017-09-30,26.44578313253012
07_2018,AL,H_HSP_RATING,8,19,73,Overall Hospital Rating,Global Item,Alabama,East South Central,2016-10-01,2017-09-30,26.44578313253012
07_2018,AL,H_QUIET_HSP,7,22,71,Quietness of Hospital Environment,Individual Item,Alabama,East South Central,2016-10-01,2017-09-30,26.44578313253012
07_2018,AL,H_RECMND,5,24,71,Willingness to Recommend the Hospital,Global Item,Alabama,East South Central,2016-10-01,2017-09-30,26.44578313253012
07_2018,AR,H_CLEAN_HSP,8,17,75,Cleanliness of Hospital Environment,Individual Item,Arkansas,West South Central,2016-10-01,2017-09-30,25.83582089552239
07_2018,AR,H_COMP_1,5,14,81,Communication with Nurses,Composite Measure,Arkansas,West South Central,2016-10-01,2017-09-30,25.83582089552239
07_2018,AR,H_COMP_2,4,12,84,Communication with Doctors,Composite Measure,Arkansas,West South Central,2016-10-01,2017-09-30,25.83582089552239
07_2018,AR,H_COMP_3,8,20,72,Responsiveness of Hospital Staff,Composite Measure,Arkansas,West South Central,2016-10-01,2017-09-30,25.83582089552239
07_2018,AR,H_COMP_5,17,16,67,Communication about Medicines,Composite Measure,Arkansas,West South Central,2016-10-01,2017-09-30,25.83582089552239
07_2018,AR,H_COMP_6,16,0,84,Discharge Information,Composite Measure,Arkansas,West South Central,2016-10-01,2017-09-30,25.83582089552239
07_2018,AR,H_COMP_7,5,43,52,Care Transition,Composite Measure,Arkansas,West South Central,2016-10-01,2017-09-30,25.83582089552239
07_2018,AR,H_HSP_RATING,8,19,73,Overall Hospital Rating,Global Item,Arkansas,West South Central,2016-10-01,2017-09-30,25.83582089552239
07_2018,AR,H_QUIET_HSP,7,25,68,Quietness of Hospital Environment,Individual Item,Arkansas,West South Central,2016-10-01,2017-09-30,25.83582089552239
07_2018,AR,H_RECMND,5,24,71,Willingness to Recommend the Hospital,Global Item,Arkansas,West South Central,2016-10-01,2017-09-30,25.83582089552239
07_2018,AZ,H_CLEAN_HSP,10,19,71,Cleanliness of Hospital Environment,Individual Item,Arizona,Mountain,2016-10-01,2017-09-30,28.833333333333332
07_2018,AZ,H_COMP_1,5,18,77,Communication with Nurses,Composite Measure,Arizona,Mountain,2016-10-01,2017-09-30,28.833333333333332
07_2018,AZ,H_COMP_2,6,17,77,Communication with Doctors,Composite Measure,Arizona,Mountain,2016-10-01,2017-09-30,28.833333333333332
07_2018,AZ,H_COMP_3,10,23,67,Responsiveness of Hospital Staff,Composite Measure,Arizona,Mountain,2016-10-01,2017-09-30,28.833333333333332
07_2018,AZ,H_COMP_5,18,18,64,Communication about Medicines,Composite Measure,Arizona,Mountain,2016-10-01,2017-09-30,28.833333333333332
07_2018,AZ,H_COMP_6,13,0,87,Discharge Information,Composite Measure,Arizona,Mountain,2016-10-01,2017-09-30,28.833333333333332
07_2018,AZ,H_COMP_7,6,44,50,Care Transition,Composite Measure,Arizona,Mountain,2016-10-01,2017-09-30,28.833333333333332
07_2018,AZ,H_HSP_RATING,9,21,70,Overall Hospital Rating,Global Item,Arizona,Mountain,2016-10-01,2017-09-30,28.833333333333332
07_2018,AZ,H_QUIET_HSP,12,31,57,Quietness of Hospital Environment,Individual Item,Arizona,Mountain,2016-10-01,2017-09-30,28.833333333333332
07_2018,AZ,H_RECMND,6,24,70,Willingness to Recommend the Hospital,Global Item,Arizona,Mountain,2016-10-01,2017-09-30,28.833333333333332
07_2018,CA,H_CLEAN_HSP,9,19,72,Cleanliness of Hospital Environment,Individual Item,California,Pacific,2016-10-01,2017-09-30,22.757188498402556
07_2018,CA,H_COMP_1,6,18,76,Communication with Nurses,Composite Measure,California,Pacific,2016-10-01,2017-09-30,22.757188498402556
07_2018,CA,H_COMP_2,6,16,78,Communication with Doctors,Composite Measure,California,Pacific,2016-10-01,2017-09-30,22.757188498402556
07_2018,CA,H_COMP_3,12,25,63,Responsiveness of Hospital Staff,Composite Measure,California,Pacific,2016-10-01,2017-09-30,22.757188498402556
07_2018,CA,H_COMP_5,20,18,62,Communication about Medicines,Composite Measure,California,Pacific,2016-10-01,2017-09-30,22.757188498402556
07_2018,CA,H_COMP_6,15,0,85,Discharge Information,Composite Measure,California,Pacific,2016-10-01,2017-09-30,22.757188498402556
07_2018,CA,H_COMP_7,7,44,49,Care Transition,Composite Measure,California,Pacific,2016-10-01,2017-09-30,22.757188498402556
07_2018,CA,H_HSP_RATING,9,21,70,Overall Hospital Rating,Global Item,California,Pacific,2016-10-01,2017-09-30,22.757188498402556
07_2018,CA,H_QUIET_HSP,16,32,52,Quietness of Hospital Environment,Individual Item,California,Pacific,2016-10-01,2017-09-30,22.757188498402556
07_2018,CA,H_RECMND,6,24,70,Willingness to Recommend the Hospital,Global Item,California,Pacific,2016-10-01,2017-09-30,22.757188498402556
07_2018,CO,H_CLEAN_HSP,6,17,77,Cleanliness of Hospital Environment,Individual Item,Colorado,Mountain,2016-10-01,2017-09-30,27.241935483870968
07_2018,CO,H_COMP_1,3,17,80,Communication with Nurses,Composite Measure,Colorado,Mountain,2016-10-01,2017-09-30,27.241935483870968
07_2018,CO,H_COMP_2,4,15,81,Communication with Doctors,Composite Measure,Colorado,Mountain,2016-10-01,2017-09-30,27.241935483870968
07_2018,CO,H_COMP_3,6,22,72,Responsiveness of Hospital Staff,Composite Measure,Colorado,Mountain,2016-10-01,2017-09-30,27.241935483870968
07_2018,CO,H_COMP_5,15,18,67,Communication about Medicines,Composite Measure,Colorado,Mountain,2016-10-01,2017-09-30,27.241935483870968
07_2018,CO,H_COMP_6,11,0,89,Discharge Information,Composite Measure,Colorado,Mountain,2016-10-01,2017-09-30,27.241935483870968
07_2018,CO,H_COMP_7,5,39,56,Care Transition,Composite Measure,Colorado,Mountain,2016-10-01,2017-09-30,27.241935483870968
07_2018,CO,H_HSP_RATING,6,18,76,Overall Hospital Rating,Global Item,Colorado,Mountain,2016-10-01,2017-09-30,27.241935483870968
07_2018,CO,H_QUIET_HSP,7,29,64,Quietness of Hospital Environment,Individual Item,Colorado,Mountain,2016-10-01,2017-09-30,27.241935483870968
07_2018,CO,H_RECMND,4,20,76,Willingness to Recommend the Hospital,Global Item,Colorado,Mountain,2016-10-01,2017-09-30,27.241935483870968
07_2018,CT,H_CLEAN_HSP,8,19,73,Cleanliness of Hospital Environment,Individual Item,Connecticut,New England,2016-10-01,2017-09-30,25.035714285714285
07_2018,CT,H_COMP_1,4,17,79,Communication with Nurses,Composite Measure,Connecticut,New England,2016-10-01,2017-09-30,25.035714285714285
07_2018,CT,H_COMP_2,5,16,79,Communication with Doctors,Composite Measure,Connecticut,New England,2016-10-01,2017-09-30,25.035714285714285
07_2018,CT,H_COMP_3,11,25,64,Responsiveness of Hospital Staff,Composite Measure,Connecticut,New England,2016-10-01,2017-09-30,25.035714285714285
07_2018,CT,H_COMP_5,20,18,62,Communication about Medicines,Composite Measure,Connecticut,New England,2016-10-01,2017-09-30,25.035714285714285
07_2018,CT,H_COMP_6,13,0,87,Discharge Information,Composite Measure,Connecticut,New England,2016-10-01,2017-09-30,25.035714285714285
07_2018,CT,H_COMP_7,5,44,51,Care Transition,Composite Measure,Connecticut,New England,2016-10-01,2017-09-30,25.035714285714285
07_2018,CT,H_HSP_RATING,8,22,70,Overall Hospital Rating,Global Item,Connecticut,New England,2016-10-01,2017-09-30,25.035714285714285
07_2018,CT,H_QUIET_HSP,14,32,54,Quietness of Hospital Environment,Individual Item,Connecticut,New England,2016-10-01,2017-09-30,25.035714285714285
07_2018,CT,H_RECMND,5,23,72,Willingness to Recommend the Hospital,Global Item,Connecticut,New England,2016-10-01,2017-09-30,25.035714285714285
07_2018,DC,H_CLEAN_HSP,15,21,64,Cleanliness of Hospital Environment,Individual Item,District of Columbia,South Atlantic,2016-10-01,2017-09-30,22.428571428571427
07_2018,DC,H_COMP_1,10,19,71,Communication with Nurses,Composite Measure,District of Columbia,South Atlantic,2016-10-01,2017-09-30,22.428571428571427
07_2018,DC,H_COMP_2,7,17,76,Communication with Doctors,Composite Measure,District of Columbia,South Atlantic,2016-10-01,2017-09-30,22.428571428571427
07_2018,DC,H_COMP_3,20,28,52,Responsiveness of Hospital Staff,Composite Measure,District of Columbia,South Atlantic,2016-10-01,2017-09-30,22.428571428571427
07_2018,DC,H_COMP_5,24,18,58,Communication about Medicines,Composite Measure,District of Columbia,South Atlantic,2016-10-01,2017-09-30,22.428571428571427
07_2018,DC,H_COMP_6,18,0,82,Discharge Information,Composite Measure,District of Columbia,South Atlantic,2016-10-01,2017-09-30,22.428571428571427
07_2018,DC,H_COMP_7,9,47,44,Care Transition,Composite Measure,District of Columbia,South Atlantic,2016-10-01,2017-09-30,22.428571428571427
07_2018,DC,H_HSP_RATING,13,25,62,Overall Hospital Rating,Global Item,District of Columbia,South Atlantic,2016-10-01,2017-09-30,22.428571428571427
07_2018,DC,H_QUIET_HSP,16,28,56,Quietness of Hospital Environment,Individual Item,District of Columbia,South Atlantic,2016-10-01,2017-09-30,22.428571428571427
07_2018,DC,H_RECMND,11,26,63,Willingness to Recommend the Hospital,Global Item,District of Columbia,South Atlantic,2016-10-01,2017-09-30,22.428571428571427
07_2018,DE,H_CLEAN_HSP,9,18,73,Cleanliness of Hospital Environment,Individual Item,Delaware,South Atlantic,2016-10-01,2017-09-30,21.666666666666668
07_2018,DE,H_COMP_1,4,15,81,Communication with Nurses,Composite Measure,Delaware,South Atlantic,2016-10-01,2017-09-30,21.666666666666668
07_2018,DE,H_COMP_2,5,15,80,Communication with Doctors,Composite Measure,Delaware,South Atlantic,2016-10-01,2017-09-30,21.666666666666668
07_2018,DE,H_COMP_3,8,23,69,Responsiveness of Hospital Staff,Composite Measure,Delaware,South Atlantic,2016-10-01,2017-09-30,21.666666666666668
07_2018,DE,H_COMP_5,17,16,67,Communication about Medicines,Composite Measure,Delaware,South Atlantic,2016-10-01,2017-09-30,21.666666666666668
07_2018,DE,H_COMP_6,13,0,87,Discharge Information,Composite Measure,Delaware,South Atlantic,2016-10-01,2017-09-30,21.666666666666668
07_2018,DE,H_COMP_7,5,42,53,Care Transition,Composite Measure,Delaware,South Atlantic,2016-10-01,2017-09-30,21.666666666666668
07_2018,DE,H_HSP_RATING,8,21,71,Overall Hospital Rating,Global Item,Delaware,South Atlantic,2016-10-01,2017-09-30,21.666666666666668
07_2018,DE,H_QUIET_HSP,11,31,58,Quietness of Hospital Environment,Individual Item,Delaware,South Atlantic,2016-10-01,2017-09-30,21.666666666666668
07_2018,DE,H_RECMND,5,24,71,Willingness to Recommend the Hospital,Global Item,Delaware,South Atlantic,2016-10-01,2017-09-30,21.666666666666668
07_2018,FL,H_CLEAN_HSP,11,19,70,Cleanliness of Hospital Environment,Individual Item,Florida,South Atlantic,2016-10-01,2017-09-30,23.304093567251464
07_2018,FL,H_COMP_1,6,17,77,Communication with Nurses,Composite Measure,Florida,South Atlantic,2016-10-01,2017-09-30,23.304093567251464
07_2018,FL,H_COMP_2,6,17,77,Communication with Doctors,Composite Measure,Florida,South Atlantic,2016-10-01,2017-09-30,23.304093567251464
07_2018,FL,H_COMP_3,12,25,63,Responsiveness of Hospital Staff,Composite Measure,Florida,South Atlantic,2016-10-01,2017-09-30,23.304093567251464
07_2018,FL,H_COMP_5,20,18,62,Communication about Medicines,Composite Measure,Florida,South Atlantic,2016-10-01,2017-09-30,23.304093567251464
07_2018,FL,H_COMP_6,15,0,85,Discharge Information,Composite Measure,Florida,South Atlantic,2016-10-01,2017-09-30,23.304093567251464
07_2018,FL,H_COMP_7,7,43,50,Care Transition,Composite Measure,Florida,South Atlantic,2016-10-01,2017-09-30,23.304093567251464
07_2018,FL,H_HSP_RATING,10,21,69,Overall Hospital Rating,Global Item,Florida,South Atlantic,2016-10-01,2017-09-30,23.304093567251464
07_2018,FL,H_QUIET_HSP,12,29,59,Quietness of Hospital Environment,Individual Item,Florida,South Atlantic,2016-10-01,2017-09-30,23.304093567251464
07_2018,FL,H_RECMND,7,23,70,Willingness to Recommend the Hospital,Global Item,Florida,South Atlantic,2016-10-01,2017-09-30,23.304093567251464
07_2018,GA,H_CLEAN_HSP,9,18,73,Cleanliness of Hospital Environment,Individual Item,Georgia,South Atlantic,2016-10-01,2017-09-30,21.632
07_2018,GA,H_COMP_1,5,15,80,Communication with Nurses,Composite Measure,Georgia,South Atlantic,2016-10-01,2017-09-30,21.632
07_2018,GA,H_COMP_2,5,13,82,Communication with Doctors,Composite Measure,Georgia,South Atlantic,2016-10-01,2017-09-30,21.632
07_2018,GA,H_COMP_3,11,22,67,Responsiveness of Hospital Staff,Composite Measure,Georgia,South Atlantic,2016-10-01,2017-09-30,21.632
07_2018,GA,H_COMP_5,19,16,65,Communication about Medicines,Composite Measure,Georgia,South Atlantic,2016-10-01,2017-09-30,21.632
07_2018,GA,H_COMP_6,14,0,86,Discharge Information,Composite Measure,Georgia,South Atlantic,2016-10-01,2017-09-30,21.632
07_2018,GA,H_COMP_7,6,42,52,Care Transition,Composite Measure,Georgia,South Atlantic,2016-10-01,2017-09-30,21.632
07_2018,GA,H_HSP_RATING,8,20,72,Overall Hospital Rating,Global Item,Georgia,South Atlantic,2016-10-01,2017-09-30,21.632
07_2018,GA,H_QUIET_HSP,8,25,67,Quietness of Hospital Environment,Individual Item,Georgia,South Atlantic,2016-10-01,2017-09-30,21.632
07_2018,GA,H_RECMND,5,25,70,Willingness to Recommend the Hospital,Global Item,Georgia,South Atlantic,2016-10-01,2017-09-30,21.632
07_2018,HI,H_CLEAN_HSP,6,17,77,Cleanliness of Hospital Environment,Individual Item,Hawaii,Pacific,2016-10-01,2017-09-30,25.076923076923077
07_2018,HI,H_COMP_1,4,17,79,Communication with Nurses,Composite Measure,Hawaii,Pacific,2016-10-01,2017-09-30,25.076923076923077
07_2018,HI,H_COMP_2,4,15,81,Communication with Doctors,Composite Measure,Hawaii,Pacific,2016-10-01,2017-09-30,25.076923076923077
07_2018,HI,H_COMP_3,10,22,68,Responsiveness of Hospital Staff,Composite Measure,Hawaii,Pacific,2016-10-01,2017-09-30,25.076923076923077
07_2018,HI,H_COMP_5,19,19,62,Communication about Medicines,Composite Measure,Hawaii,Pacific,2016-10-01,2017-09-30,25.076923076923077
07_2018,HI,H_COMP_6,16,0,84,Discharge Information,Composite Measure,Hawaii,Pacific,2016-10-01,2017-09-30,25.076923076923077
07_2018,HI,H_COMP_7,6,44,50,Care Transition,Composite Measure,Hawaii,Pacific,2016-10-01,2017-09-30,25.076923076923077
07_2018,HI,H_HSP_RATING,7,22,71,Overall Hospital Rating,Global Item,Hawaii,Pacific,2016-10-01,2017-09-30,25.076923076923077
07_2018,HI,H_QUIET_HSP,12,30,58,Quietness of Hospital Environment,Individual Item,Hawaii,Pacific,2016-10-01,2017-09-30,25.076923076923077
07_2018,HI,H_RECMND,5,23,72,Willingness to Recommend the Hospital,Global Item,Hawaii,Pacific,2016-10-01,2017-09-30,25.076923076923077
07_2018,IA,H_CLEAN_HSP,5,15,80,Cleanliness of Hospital Environment,Individual Item,Iowa,West North Central,2016-10-01,2017-09-30,33.84615384615385
07_2018,IA,H_COMP_1,2,16,82,Communication with Nurses,Composite Measure,Iowa,West North Central,2016-10-01,2017-09-30,33.84615384615385
07_2018,IA,H_COMP_2,3,13,84,Communication with Doctors,Composite Measure,Iowa,West North Central,2016-10-01,2017-09-30,33.84615384615385
07_2018,IA,H_COMP_3,5,23,72,Responsiveness of Hospital Staff,Composite Measure,Iowa,West North Central,2016-10-01,2017-09-30,33.84615384615385
07_2018,IA,H_COMP_5,14,19,67,Communication about Medicines,Composite Measure,Iowa,West North Central,2016-10-01,2017-09-30,33.84615384615385
07_2018,IA,H_COMP_6,11,0,89,Discharge Information,Composite Measure,Iowa,West North Central,2016-10-01,2017-09-30,33.84615384615385
07_2018,IA,H_COMP_7,3,41,56,Care Transition,Composite Measure,Iowa,West North Central,2016-10-01,2017-09-30,33.84615384615385
07_2018,IA,H_HSP_RATING,5,16,79,Overall Hospital Rating,Global Item,Iowa,West North Central,2016-10-01,2017-09-30,33.84615384615385
07_2018,IA,H_QUIET_HSP,6,27,67,Quietness of Hospital Environment,Individual Item,Iowa,West North Central,2016-10-01,2017-09-30,33.84615384615385
07_2018,IA,H_RECMND,3,21,76,Willingness to Recommend the Hospital,Global Item,Iowa,West North Central,2016-10-01,2017-09-30,33.84615384615385
07_2018,ID,H_CLEAN_HSP,5,16,79,Cleanliness of Hospital Environment,Individual Item,Idaho,Mountain,2016-10-01,2017-09-30,31.694444444444443
07_2018,ID,H_COMP_1,3,15,82,Communication with Nurses,Composite Measure,Idaho,Mountain,2016-10-01,2017-09-30,31.694444444444443
07_2018,ID,H_COMP_2,3,12,85,Communication with Doctors,Composite Measure,Idaho,Mountain,2016-10-01,2017-09-30,31.694444444444443
07_2018,ID,H_COMP_3,5,20,75,Responsiveness of Hospital Staff,Composite Measure,Idaho,Mountain,2016-10-01,2017-09-30,31.694444444444443
07_2018,ID,H_COMP_5,14,18,68,Communication about Medicines,Composite Measure,Idaho,Mountain,2016-10-01,2017-09-30,31.694444444444443
07_2018,ID,H_COMP_6,9,0,91,Discharge Information,Composite Measure,Idaho,Mountain,2016-10-01,2017-09-30,31.694444444444443
07_2018,ID,H_COMP_7,5,41,54,Care Transition,Composite Measure,Idaho,Mountain,2016-10-01,2017-09-30,31.694444444444443
07_2018,ID,H_HSP_RATING,6,18,76,Overall Hospital Rating,Global Item,Idaho,Mountain,2016-10-01,2017-09-30,31.694444444444443
07_2018,ID,H_QUIET_HSP,7,31,62,Quietness of Hospital Environment,Individual Item,Idaho,Mountain,2016-10-01,2017-09-30,31.694444444444443
07_2018,ID,H_RECMND,4,20,76,Willingness to Recommend the Hospital,Global Item,Idaho,Mountain,2016-10-01,2017-09-30,31.694444444444443
07_2018,IL,H_CLEAN_HSP,7,17,76,Cleanliness of Hospital Environment,Individual Item,Illinois,East North Central,2016-10-01,2017-09-30,26.96
07_2018,IL,H_COMP_1,4,15,81,Communication with Nurses,Composite Measure,Illinois,East North Central,2016-10-01,2017-09-30,26.96
07_2018,IL,H_COMP_2,4,15,81,Communication with Doctors,Composite Measure,Illinois,East North Central,2016-10-01,2017-09-30,26.96
07_2018,IL,H_COMP_3,8,23,69,Responsiveness of Hospital Staff,Composite Measure,Illinois,East North Central,2016-10-01,2017-09-30,26.96
07_2018,IL,H_COMP_5,18,17,65,Communication about Medicines,Composite Measure,Illinois,East North Central,2016-10-01,2017-09-30,26.96
07_2018,IL,H_COMP_6,13,0,87,Discharge Information,Composite Measure,Illinois,East North Central,2016-10-01,2017-09-30,26.96
07_2018,IL,H_COMP_7,5,42,53,Care Transition,Composite Measure,Illinois,East North Central,2016-10-01,2017-09-30,26.96
07_2018,IL,H_HSP_RATING,7,21,72,Overall Hospital Rating,Global Item,Illinois,East North Central,2016-10-01,2017-09-30,26.96
07_2018,IL,H_QUIET_HSP,9,30,61,Quietness of Hospital Environment,Individual Item,Illinois,East North Central,2016-10-01,2017-09-30,26.96
07_2018,IL,H_RECMND,5,25,70,Willingness to Recommend the Hospital,Global Item,Illinois,East North Central,2016-10-01,2017-09-30,26.96
07_2018,IN,H_CLEAN_HSP,6,17,77,Cleanliness of Hospital Environment,Individual Item,Indiana,East North Central,2016-10-01,2017-09-30,28.940677966101696
07_2018,IN,H_COMP_1,3,15,82,Communication with Nurses,Composite Measure,Indiana,East North Central,2016-10-01,2017-09-30,28.940677966101696
07_2018,IN,H_COMP_2,4,14,82,Communication with Doctors,Composite Measure,Indiana,East North Central,2016-10-01,2017-09-30,28.940677966101696
07_2018,IN,H_COMP_3,6,23,71,Responsiveness of Hospital Staff,Composite Measure,Indiana,East North Central,2016-10-01,2017-09-30,28.940677966101696
07_2018,IN,H_COMP_5,16,18,66,Communication about Medicines,Composite Measure,Indiana,East North Central,2016-10-01,2017-09-30,28.940677966101696
07_2018,IN,H_COMP_6,11,0,89,Discharge Information,Composite Measure,Indiana,East North Central,2016-10-01,2017-09-30,28.940677966101696
07_2018,IN,H_COMP_7,4,41,55,Care Transition,Composite Measure,Indiana,East North Central,2016-10-01,2017-09-30,28.940677966101696
07_2018,IN,H_HSP_RATING,6,18,76,Overall Hospital Rating,Global Item,Indiana,East North Central,2016-10-01,2017-09-30,28.940677966101696
07_2018,IN,H_QUIET_HSP,8,29,63,Quietness of Hospital Environment,Individual Item,Indiana,East North Central,2016-10-01,2017-09-30,28.940677966101696
07_2018,IN,H_RECMND,4,22,74,Willingness to Recommend the Hospital,Global Item,Indiana,East North Central,2016-10-01,2017-09-30,28.940677966101696
07_2018,KS,H_CLEAN_HSP,5,16,79,Cleanliness of Hospital Environment,Individual Item,Kansas,West North Central,2016-10-01,2017-09-30,32.77319587628866
07_2018,KS,H_COMP_1,3,15,82,Communication with Nurses,Composite Measure,Kansas,West North Central,2016-10-01,2017-09-30,32.77319587628866
07_2018,KS,H_COMP_2,3,12,85,Communication with Doctors,Composite Measure,Kansas,West North Central,2016-10-01,2017-09-30,32.77319587628866
07_2018,KS,H_COMP_3,5,19,76,Responsiveness of Hospital Staff,Composite Measure,Kansas,West North Central,2016-10-01,2017-09-30,32.77319587628866
07_2018,KS,H_COMP_5,14,18,68,Communication about Medicines,Composite Measure,Kansas,West North Central,2016-10-01,2017-09-30,32.77319587628866
07_2018,KS,H_COMP_6,12,0,88,Discharge Information,Composite Measure,Kansas,West North Central,2016-10-01,2017-09-30,32.77319587628866
07_2018,KS,H_COMP_7,4,38,58,Care Transition,Composite Measure,Kansas,West North Central,2016-10-01,2017-09-30,32.77319587628866
07_2018,KS,H_HSP_RATING,5,17,78,Overall Hospital Rating,Global Item,Kansas,West North Central,2016-10-01,2017-09-30,32.77319587628866
07_2018,KS,H_QUIET_HSP,6,27,67,Quietness of Hospital Environment,Individual Item,Kansas,West North Central,2016-10-01,2017-09-30,32.77319587628866
07_2018,KS,H_RECMND,3,20,77,Willingness to Recommend the Hospital,Global Item,Kansas,West North Central,2016-10-01,2017-09-30,32.77319587628866
07_2018,KY,H_CLEAN_HSP,7,17,76,Cleanliness of Hospital Environment,Individual Item,Kentucky,East South Central,2016-10-01,2017-09-30,25.61627906976744
07_2018,KY,H_COMP_1,4,14,82,Communication with Nurses,Composite Measure,Kentucky,East South Central,2016-10-01,2017-09-30,25.61627906976744
07_2018,KY,H_COMP_2,4,12,84,Communication with Doctors,Composite Measure,Kentucky,East South Central,2016-10-01,2017-09-30,25.61627906976744
07_2018,KY,H_COMP_3,8,23,69,Responsiveness of Hospital Staff,Composite Measure,Kentucky,East South Central,2016-10-01,2017-09-30,25.61627906976744
07_2018,KY,H_COMP_5,16,16,68,Communication about Medicines,Composite Measure,Kentucky,East South Central,2016-10-01,2017-09-30,25.61627906976744
07_2018,KY,H_COMP_6,13,0,87,Discharge Information,Composite Measure,Kentucky,East South Central,2016-10-01,2017-09-30,25.61627906976744
07_2018,KY,H_COMP_7,5,42,53,Care Transition,Composite Measure,Kentucky,East South Central,2016-10-01,2017-09-30,25.61627906976744
07_2018,KY,H_HSP_RATING,7,20,73,Overall Hospital Rating,Global Item,Kentucky,East South Central,2016-10-01,2017-09-30,25.61627906976744
07_2018,KY,H_QUIET_HSP,8,27,65,Quietness of Hospital Environment,Individual Item,Kentucky,East South Central,2016-10-01,2017-09-30,25.61627906976744
07_2018,KY,H_RECMND,5,24,71,Willingness to Recommend the Hospital,Global Item,Kentucky,East South Central,2016-10-01,2017-09-30,25.61627906976744
07_2018,LA,H_CLEAN_HSP,7,16,77,Cleanliness of Hospital Environment,Individual Item,Louisiana,West South Central,2016-10-01,2017-09-30,24.408163265306122
07_2018,LA,H_COMP_1,4,11,85,Communication with Nurses,Composite Measure,Louisiana,West South Central,2016-10-01,2017-09-30,24.408163265306122
07_2018,LA,H_COMP_2,3,10,87,Communication with Doctors,Composite Measure,Louisiana,West South Central,2016-10-01,2017-09-30,24.408163265306122
07_2018,LA,H_COMP_3,8,18,74,Responsiveness of Hospital Staff,Composite Measure,Louisiana,West South Central,2016-10-01,2017-09-30,24.408163265306122
07_2018,LA,H_COMP_5,14,15,71,Communication about Medicines,Composite Measure,Louisiana,West South Central,2016-10-01,2017-09-30,24.408163265306122
07_2018,LA,H_COMP_6,13,0,87,Discharge Information,Composite Measure,Louisiana,West South Central,2016-10-01,2017-09-30,24.408163265306122
07_2018,LA,H_COMP_7,4,38,58,Care Transition,Composite Measure,Louisiana,West South Central,2016-10-01,2017-09-30,24.408163265306122
07_2018,LA,H_HSP_RATING,6,17,77,Overall Hospital Rating,Global Item,Louisiana,West South Central,2016-10-01,2017-09-30,24.408163265306122
07_2018,LA,H_QUIET_HSP,5,21,74,Quietness of Hospital Environment,Individual Item,Louisiana,West South Central,2016-10-01,2017-09-30,24.408163265306122
07_2018,LA,H_RECMND,4,20,76,Willingness to Recommend the Hospital,Global Item,Louisiana,West South Central,2016-10-01,2017-09-30,24.408163265306122
07_2018,MA,H_CLEAN_HSP,8,20,72,Cleanliness of Hospital Environment,Individual Item,Massachusetts,New England,2016-10-01,2017-09-30,25.49122807017544
07_2018,MA,H_COMP_1,4,15,81,Communication with Nurses,Composite Measure,Massachusetts,New England,2016-10-01,2017-09-30,25.49122807017544
07_2018,MA,H_COMP_2,4,15,81,Communication with Doctors,Composite Measure,Massachusetts,New England,2016-10-01,2017-09-30,25.49122807017544
07_2018,MA,H_COMP_3,9,25,66,Responsiveness of Hospital Staff,Composite Measure,Massachusetts,New England,2016-10-01,2017-09-30,25.49122807017544
07_2018,MA,H_COMP_5,18,18,64,Communication about Medicines,Composite Measure,Massachusetts,New England,2016-10-01,2017-09-30,25.49122807017544
07_2018,MA,H_COMP_6,11,0,89,Discharge Information,Composite Measure,Massachusetts,New England,2016-10-01,2017-09-30,25.49122807017544
07_2018,MA,H_COMP_7,4,43,53,Care Transition,Composite Measure,Massachusetts,New England,2016-10-01,2017-09-30,25.49122807017544
07_2018,MA,H_HSP_RATING,7,22,71,Overall Hospital Rating,Global Item,Massachusetts,New England,2016-10-01,2017-09-30,25.49122807017544
07_2018,MA,H_QUIET_HSP,14,34,52,Quietness of Hospital Environment,Individual Item,Massachusetts,New England,2016-10-01,2017-09-30,25.49122807017544
07_2018,MA,H_RECMND,5,21,74,Willingness to Recommend the Hospital,Global Item,Massachusetts,New England,2016-10-01,2017-09-30,25.49122807017544
07_2018,MD,H_CLEAN_HSP,11,21,68,Cleanliness of Hospital Environment,Individual Item,Maryland,South Atlantic,2016-10-01,2017-09-30,22.934782608695652
07_2018,MD,H_COMP_1,6,18,76,Communication with Nurses,Composite Measure,Maryland,South Atlantic,2016-10-01,2017-09-30,22.934782608695652
07_2018,MD,H_COMP_2,6,16,78,Communication with Doctors,Composite Measure,Maryland,South Atlantic,2016-10-01,2017-09-30,22.934782608695652
07_2018,MD,H_COMP_3,13,26,61,Responsiveness of Hospital Staff,Composite Measure,Maryland,South Atlantic,2016-10-01,2017-09-30,22.934782608695652
07_2018,MD,H_COMP_5,22,18,60,Communication about Medicines,Composite Measure,Maryland,South Atlantic,2016-10-01,2017-09-30,22.934782608695652
07_2018,MD,H_COMP_6,13,0,87,Discharge Information,Composite Measure,Maryland,South Atlantic,2016-10-01,2017-09-30,22.934782608695652
07_2018,MD,H_COMP_7,6,45,49,Care Transition,Composite Measure,Maryland,South Atlantic,2016-10-01,2017-09-30,22.934782608695652
07_2018,MD,H_HSP_RATING,9,24,67,Overall Hospital Rating,Global Item,Maryland,South Atlantic,2016-10-01,2017-09-30,22.934782608695652
07_2018,MD,H_QUIET_HSP,13,30,57,Quietness of Hospital Environment,Individual Item,Maryland,South Atlantic,2016-10-01,2017-09-30,22.934782608695652
07_2018,MD,H_RECMND,7,26,67,Willingness to Recommend the Hospital,Global Item,Maryland,South Atlantic,2016-10-01,2017-09-30,22.934782608695652
07_2018,ME,H_CLEAN_HSP,5,16,79,Cleanliness of Hospital Environment,Individual Item,Maine,New England,2016-10-01,2017-09-30,28.78787878787879
07_2018,ME,H_COMP_1,3,14,83,Communication with Nurses,Composite Measure,Maine,New England,2016-10-01,2017-09-30,28.78787878787879
07_2018,ME,H_COMP_2,4,13,83,Communication with Doctors,Composite Measure,Maine,New England,2016-10-01,2017-09-30,28.78787878787879
07_2018,ME,H_COMP_3,6,22,72,Responsiveness of Hospital Staff,Composite Measure,Maine,New England,2016-10-01,2017-09-30,28.78787878787879
07_2018,ME,H_COMP_5,14,16,70,Communication about Medicines,Composite Measure,Maine,New England,2016-10-01,2017-09-30,28.78787878787879
07_2018,ME,H_COMP_6,11,0,89,Discharge Information,Composite Measure,Maine,New England,2016-10-01,2017-09-30,28.78787878787879
07_2018,ME,H_COMP_7,4,40,56,Care Transition,Composite Measure,Maine,New England,2016-10-01,2017-09-30,28.78787878787879
07_2018,ME,H_HSP_RATING,6,18,76,Overall Hospital Rating,Global Item,Maine,New England,2016-10-01,2017-09-30,28.78787878787879
07_2018,ME,H_QUIET_HSP,9,31,60,Quietness of Hospital Environment,Individual Item,Maine,New England,2016-10-01,2017-09-30,28.78787878787879
07_2018,ME,H_RECMND,3,22,75,Willingness to Recommend the Hospital,Global Item,Maine,New England,2016-10-01,2017-09-30,28.78787878787879
07_2018,MI,H_CLEAN_HSP,7,18,75,Cleanliness of Hospital Environment,Individual Item,Michigan,East North Central,2016-10-01,2017-09-30,31.43801652892562
07_2018,MI,H_COMP_1,3,15,82,Communication with Nurses,Composite Measure,Michigan,East North Central,2016-10-01,2017-09-30,31.43801652892562
07_2018,MI,H_COMP_2,4,15,81,Communication with Doctors,Composite Measure,Michigan,East North Central,2016-10-01,2017-09-30,31.43801652892562
07_2018,MI,H_COMP_3,6,21,73,Responsiveness of Hospital Staff,Composite Measure,Michigan,East North Central,2016-10-01,2017-09-30,31.43801652892562
07_2018,MI,H_COMP_5,16,18,66,Communication about Medicines,Composite Measure,Michigan,East North Central,2016-10-01,2017-09-30,31.43801652892562
07_2018,MI,H_COMP_6,11,0,89,Discharge Information,Composite Measure,Michigan,East North Central,2016-10-01,2017-09-30,31.43801652892562
07_2018,MI,H_COMP_7,5,41,54,Care Transition,Composite Measure,Michigan,East North Central,2016-10-01,2017-09-30,31.43801652892562
07_2018,MI,H_HSP_RATING,7,19,74,Overall Hospital Rating,Global Item,Michigan,East North Central,2016-10-01,2017-09-30,31.43801652892562
07_2018,MI,H_QUIET_HSP,10,30,60,Quietness of Hospital Environment,Individual Item,Michigan,East North Central,2016-10-01,2017-09-30,31.43801652892562
07_2018,MI,H_RECMND,4,24,72,Willingness to Recommend the Hospital,Global Item,Michigan,East North Central,2016-10-01,2017-09-30,31.43801652892562
07_2018,MN,H_CLEAN_HSP,5,16,79,Cleanliness of Hospital Environment,Individual Item,Minnesota,West North Central,2016-10-01,2017-09-30,34.68807339449541
07_2018,MN,H_COMP_1,2,15,83,Communication with Nurses,Composite Measure,Minnesota,West North Central,2016-10-01,2017-09-30,34.68807339449541
07_2018,MN,H_COMP_2,3,13,84,Communication with Doctors,Composite Measure,Minnesota,West North Central,2016-10-01,2017-09-30,34.68807339449541
07_2018,MN,H_COMP_3,4,21,75,Responsiveness of Hospital Staff,Composite Measure,Minnesota,West North Central,2016-10-01,2017-09-30,34.68807339449541
07_2018,MN,H_COMP_5,14,18,68,Communication about Medicines,Composite Measure,Minnesota,West North Central,2016-10-01,2017-09-30,34.68807339449541
07_2018,MN,H_COMP_6,11,0,89,Discharge Information,Composite Measure,Minnesota,West North Central,2016-10-01,2017-09-30,34.68807339449541
07_2018,MN,H_COMP_7,3,41,56,Care Transition,Composite Measure,Minnesota,West North Central,2016-10-01,2017-09-30,34.68807339449541
07_2018,MN,H_HSP_RATING,5,18,77,Overall Hospital Rating,Global Item,Minnesota,West North Central,2016-10-01,2017-09-30,34.68807339449541
07_2018,MN,H_QUIET_HSP,6,28,66,Quietness of Hospital Environment,Individual Item,Minnesota,West North Central,2016-10-01,2017-09-30,34.68807339449541
07_2018,MN,H_RECMND,3,21,76,Willingness to Recommend the Hospital,Global Item,Minnesota,West North Central,2016-10-01,2017-09-30,34.68807339449541
07_2018,MO,H_CLEAN_HSP,8,17,75,Cleanliness of Hospital Environment,Individual Item,Missouri,West North Central,2016-10-01,2017-09-30,29.20212765957447
07_2018,MO,H_COMP_1,4,16,80,Communication with Nurses,Composite Measure,Missouri,West North Central,2016-10-01,2017-09-30,29.20212765957447
07_2018,MO,H_COMP_2,4,14,82,Communication with Doctors,Composite Measure,Missouri,West North Central,2016-10-01,2017-09-30,29.20212765957447
07_2018,MO,H_COMP_3,8,24,68,Responsiveness of Hospital Staff,Composite Measure,Missouri,West North Central,2016-10-01,2017-09-30,29.20212765957447
07_2018,MO,H_COMP_5,17,18,65,Communication about Medicines,Composite Measure,Missouri,West North Central,2016-10-01,2017-09-30,29.20212765957447
07_2018,MO,H_COMP_6,12,0,88,Discharge Information,Composite Measure,Missouri,West North Central,2016-10-01,2017-09-30,29.20212765957447
07_2018,MO,H_COMP_7,5,41,54,Care Transition,Composite Measure,Missouri,West North Central,2016-10-01,2017-09-30,29.20212765957447
07_2018,MO,H_HSP_RATING,7,20,73,Overall Hospital Rating,Global Item,Missouri,West North Central,2016-10-01,2017-09-30,29.20212765957447
07_2018,MO,H_QUIET_HSP,9,28,63,Quietness of Hospital Environment,Individual Item,Missouri,West North Central,2016-10-01,2017-09-30,29.20212765957447
07_2018,MO,H_RECMND,5,24,71,Willingness to Recommend the Hospital,Global Item,Missouri,West North Central,2016-10-01,2017-09-30,29.20212765957447
07_2018,MS,H_CLEAN_HSP,9,15,76,Cleanliness of Hospital Environment,Individual Item,Mississippi,East South Central,2016-10-01,2017-09-30,24.08974358974359
07_2018,MS,H_COMP_1,5,12,83,Communication with Nurses,Composite Measure,Mississippi,East South Central,2016-10-01,2017-09-30,24.08974358974359
07_2018,MS,H_COMP_2,3,10,87,Communication with Doctors,Composite Measure,Mississippi,East South Central,2016-10-01,2017-09-30,24.08974358974359
07_2018,MS,H_COMP_3,9,18,73,Responsiveness of Hospital Staff,Composite Measure,Mississippi,East South Central,2016-10-01,2017-09-30,24.08974358974359
07_2018,MS,H_COMP_5,16,15,69,Communication about Medicines,Composite Measure,Mississippi,East South Central,2016-10-01,2017-09-30,24.08974358974359
07_2018,MS,H_COMP_6,14,0,86,Discharge Information,Composite Measure,Mississippi,East South Central,2016-10-01,2017-09-30,24.08974358974359
07_2018,MS,H_COMP_7,5,43,52,Care Transition,Composite Measure,Mississippi,East South Central,2016-10-01,2017-09-30,24.08974358974359
07_2018,MS,H_HSP_RATING,7,20,73,Overall Hospital Rating,Global Item,Mississippi,East South Central,2016-10-01,2017-09-30,24.08974358974359
07_2018,MS,H_QUIET_HSP,6,21,73,Quietness of Hospital Environment,Individual Item,Mississippi,East South Central,2016-10-01,2017-09-30,24.08974358974359
07_2018,MS,H_RECMND,5,24,71,Willingness to Recommend the Hospital,Global Item,Mississippi,East South Central,2016-10-01,2017-09-30,24.08974358974359
07_2018,MT,H_CLEAN_HSP,9,18,73,Cleanliness of Hospital Environment,Individual Item,Montana,Mountain,2016-10-01,2017-09-30,31.57894736842105
07_2018,MT,H_COMP_1,4,16,80,Communication with Nurses,Composite Measure,Montana,Mountain,2016-10-01,2017-09-30,31.57894736842105
07_2018,MT,H_COMP_2,4,12,84,Communication with Doctors,Composite Measure,Montana,Mountain,2016-10-01,2017-09-30,31.57894736842105
07_2018,MT,H_COMP_3,6,21,73,Responsiveness of Hospital Staff,Composite Measure,Montana,Mountain,2016-10-01,2017-09-30,31.57894736842105
07_2018,MT,H_COMP_5,16,17,67,Communication about Medicines,Composite Measure,Montana,Mountain,2016-10-01,2017-09-30,31.57894736842105
07_2018,MT,H_COMP_6,16,0,84,Discharge Information,Composite Measure,Montana,Mountain,2016-10-01,2017-09-30,31.57894736842105
07_2018,MT,H_COMP_7,5,42,53,Care Transition,Composite Measure,Montana,Mountain,2016-10-01,2017-09-30,31.57894736842105
07_2018,MT,H_HSP_RATING,9,22,69,Overall Hospital Rating,Global Item,Montana,Mountain,2016-10-01,2017-09-30,31.57894736842105
07_2018,MT,H_QUIET_HSP,9,28,63,Quietness of Hospital Environment,Individual Item,Montana,Mountain,2016-10-01,2017-09-30,31.57894736842105
07_2018,MT,H_RECMND,5,25,70,Willingness to Recommend the Hospital,Global Item,Montana,Mountain,2016-10-01,2017-09-30,31.57894736842105
07_2018,NC,H_CLEAN_HSP,9,18,73,Cleanliness of Hospital Environment,Individual Item,North Carolina,South Atlantic,2016-10-01,2017-09-30,24.767676767676768
07_2018,NC,H_COMP_1,4,15,81,Communication with Nurses,Composite Measure,North Carolina,South Atlantic,2016-10-01,2017-09-30,24.767676767676768
07_2018,NC,H_COMP_2,4,13,83,Communication with Doctors,Composite Measure,North Carolina,South Atlantic,2016-10-01,2017-09-30,24.767676767676768
07_2018,NC,H_COMP_3,9,23,68,Responsiveness of Hospital Staff,Composite Measure,North Carolina,South Atlantic,2016-10-01,2017-09-30,24.767676767676768
07_2018,NC,H_COMP_5,17,17,66,Communication about Medicines,Composite Measure,North Carolina,South Atlantic,2016-10-01,2017-09-30,24.767676767676768
07_2018,NC,H_COMP_6,12,0,88,Discharge Information,Composite Measure,North Carolina,South Atlantic,2016-10-01,2017-09-30,24.767676767676768
07_2018,NC,H_COMP_7,5,42,53,Care Transition,Composite Measure,North Carolina,South Atlantic,2016-10-01,2017-09-30,24.767676767676768
07_2018,NC,H_HSP_RATING,8,19,73,Overall Hospital Rating,Global Item,North Carolina,South Atlantic,2016-10-01,2017-09-30,24.767676767676768
07_2018,NC,H_QUIET_HSP,9,27,64,Quietness of Hospital Environment,Individual Item,North Carolina,South Atlantic,2016-10-01,2017-09-30,24.767676767676768
07_2018,NC,H_RECMND,5,24,71,Willingness to Recommend the Hospital,Global Item,North Carolina,South Atlantic,2016-10-01,2017-09-30,24.767676767676768
07_2018,ND,H_CLEAN_HSP,6,17,77,Cleanliness of Hospital Environment,Individual Item,North Dakota,West North Central,2016-10-01,2017-09-30,34.80769230769231
07_2018,ND,H_COMP_1,3,13,84,Communication with Nurses,Composite Measure,North Dakota,West North Central,2016-10-01,2017-09-30,34.80769230769231
07_2018,ND,H_COMP_2,3,11,86,Communication with Doctors,Composite Measure,North Dakota,West North Central,2016-10-01,2017-09-30,34.80769230769231
07_2018,ND,H_COMP_3,4,19,77,Responsiveness of Hospital Staff,Composite Measure,North Dakota,West North Central,2016-10-01,2017-09-30,34.80769230769231
07_2018,ND,H_COMP_5,12,18,70,Communication about Medicines,Composite Measure,North Dakota,West North Central,2016-10-01,2017-09-30,34.80769230769231
07_2018,ND,H_COMP_6,13,0,87,Discharge Information,Composite Measure,North Dakota,West North Central,2016-10-01,2017-09-30,34.80769230769231
07_2018,ND,H_COMP_7,3,41,56,Care Transition,Composite Measure,North Dakota,West North Central,2016-10-01,2017-09-30,34.80769230769231
07_2018,ND,H_HSP_RATING,7,19,74,Overall Hospital Rating,Global Item,North Dakota,West North Central,2016-10-01,2017-09-30,34.80769230769231
07_2018,ND,H_QUIET_HSP,6,26,68,Quietness of Hospital Environment,Individual Item,North Dakota,West North Central,2016-10-01,2017-09-30,34.80769230769231
07_2018,ND,H_RECMND,3,22,75,Willingness to Recommend the Hospital,Global Item,North Dakota,West North Central,2016-10-01,2017-09-30,34.80769230769231
07_2018,NE,H_CLEAN_HSP,4,13,83,Cleanliness of Hospital Environment,Individual Item,Nebraska,West North Central,2016-10-01,2017-09-30,37.361111111111114
07_2018,NE,H_COMP_1,2,14,84,Communication with Nurses,Composite Measure,Nebraska,West North Central,2016-10-01,2017-09-30,37.361111111111114
07_2018,NE,H_COMP_2,2,12,86,Communication with Doctors,Composite Measure,Nebraska,West North Central,2016-10-01,2017-09-30,37.361111111111114
07_2018,NE,H_COMP_3,4,19,77,Responsiveness of Hospital Staff,Composite Measure,Nebraska,West North Central,2016-10-01,2017-09-30,37.361111111111114
07_2018,NE,H_COMP_5,13,18,69,Communication about Medicines,Composite Measure,Nebraska,West North Central,2016-10-01,2017-09-30,37.361111111111114
07_2018,NE,H_COMP_6,12,0,88,Discharge Information,Composite Measure,Nebraska,West North Central,2016-10-01,2017-09-30,37.361111111111114
07_2018,NE,H_COMP_7,3,39,58,Care Transition,Composite Measure,Nebraska,West North Central,2016-10-01,2017-09-30,37.361111111111114
07_2018,NE,H_HSP_RATING,5,15,80,Overall Hospital Rating,Global Item,Nebraska,West North Central,2016-10-01,2017-09-30,37.361111111111114
07_2018,NE,H_QUIET_HSP,4,24,72,Quietness of Hospital Environment,Individual Item,Nebraska,West North Central,2016-10-01,2017-09-30,37.361111111111114
07_2018,NE,H_RECMND,2,19,79,Willingness to Recommend the Hospital,Global Item,Nebraska,West North Central,2016-10-01,2017-09-30,37.361111111111114
07_2018,NH,H_CLEAN_HSP,6,16,78,Cleanliness of Hospital Environment,Individual Item,New Hampshire,New England,2016-10-01,2017-09-30,26.423076923076923
07_2018,NH,H_COMP_1,3,15,82,Communication with Nurses,Composite Measure,New Hampshire,New England,2016-10-01,2017-09-30,26.423076923076923
07_2018,NH,H_COMP_2,4,15,81,Communication with Doctors,Composite Measure,New Hampshire,New England,2016-10-01,2017-09-30,26.423076923076923
07_2018,NH,H_COMP_3,7,23,70,Responsiveness of Hospital Staff,Composite Measure,New Hampshire,New England,2016-10-01,2017-09-30,26.423076923076923
07_2018,NH,H_COMP_5,16,17,67,Communication about Medicines,Composite Measure,New Hampshire,New England,2016-10-01,2017-09-30,26.423076923076923
07_2018,NH,H_COMP_6,10,0,90,Discharge Information,Composite Measure,New Hampshire,New England,2016-10-01,2017-09-30,26.423076923076923
07_2018,NH,H_COMP_7,4,42,54,Care Transition,Composite Measure,New Hampshire,New England,2016-10-01,2017-09-30,26.423076923076923
07_2018,NH,H_HSP_RATING,6,20,74,Overall Hospital Rating,Global Item,New Hampshire,New England,2016-10-01,2017-09-30,26.423076923076923
07_2018,NH,H_QUIET_HSP,11,33,56,Quietness of Hospital Environment,Individual Item,New Hampshire,New England,2016-10-01,2017-09-30,26.423076923076923
07_2018,NH,H_RECMND,4,22,74,Willingness to Recommend the Hospital,Global Item,New Hampshire,New England,2016-10-01,2017-09-30,26.423076923076923
07_2018,NJ,H_CLEAN_HSP,10,20,70,Cleanliness of Hospital Environment,Individual Item,New Jersey,Mid-Atlantic,2016-10-01,2017-09-30,21.0625
07_2018,NJ,H_COMP_1,5,17,78,Communication with Nurses,Composite Measure,New Jersey,Mid-Atlantic,2016-10-01,2017-09-30,21.0625
07_2018,NJ,H_COMP_2,6,17,77,Communication with Doctors,Composite Measure,New Jersey,Mid-Atlantic,2016-10-01,2017-09-30,21.0625
07_2018,NJ,H_COMP_3,12,26,62,Responsiveness of Hospital Staff,Composite Measure,New Jersey,Mid-Atlantic,2016-10-01,2017-09-30,21.0625
07_2018,NJ,H_COMP_5,21,18,61,Communication about Medicines,Composite Measure,New Jersey,Mid-Atlantic,2016-10-01,2017-09-30,21.0625
07_2018,NJ,H_COMP_6,16,0,84,Discharge Information,Composite Measure,New Jersey,Mid-Atlantic,2016-10-01,2017-09-30,21.0625
07_2018,NJ,H_COMP_7,6,46,48,Care Transition,Composite Measure,New Jersey,Mid-Atlantic,2016-10-01,2017-09-30,21.0625
07_2018,NJ,H_HSP_RATING,10,23,67,Overall Hospital Rating,Global Item,New Jersey,Mid-Atlantic,2016-10-01,2017-09-30,21.0625
07_2018,NJ,H_QUIET_HSP,15,32,53,Quietness of Hospital Environment,Individual Item,New Jersey,Mid-Atlantic,2016-10-01,2017-09-30,21.0625
07_2018,NJ,H_RECMND,7,26,67,Willingness to Recommend the Hospital,Global Item,New Jersey,Mid-Atlantic,2016-10-01,2017-09-30,21.0625
07_2018,NM,H_CLEAN_HSP,9,18,73,Cleanliness of Hospital Environment,Individual Item,New Mexico,Mountain,2016-10-01,2017-09-30,21.0625
07_2018,NM,H_COMP_1,6,17,77,Communication with Nurses,Composite Measure,New Mexico,Mountain,2016-10-01,2017-09-30,21.0625
07_2018,NM,H_COMP_2,7,15,78,Communication with Doctors,Composite Measure,New Mexico,Mountain,2016-10-01,2017-09-30,21.0625
07_2018,NM,H_COMP_3,10,23,67,Responsiveness of Hospital Staff,Composite Measure,New Mexico,Mountain,2016-10-01,2017-09-30,21.0625
07_2018,NM,H_COMP_5,20,20,60,Communication about Medicines,Composite Measure,New Mexico,Mountain,2016-10-01,2017-09-30,21.0625
07_2018,NM,H_COMP_6,16,0,84,Discharge Information,Composite Measure,New Mexico,Mountain,2016-10-01,2017-09-30,21.0625
07_2018,NM,H_COMP_7,6,46,48,Care Transition,Composite Measure,New Mexico,Mountain,2016-10-01,2017-09-30,21.0625
07_2018,NM,H_HSP_RATING,11,21,68,Overall Hospital Rating,Global Item,New Mexico,Mountain,2016-10-01,2017-09-30,21.0625
07_2018,NM,H_QUIET_HSP,11,28,61,Quietness of Hospital Environment,Individual Item,New Mexico,Mountain,2016-10-01,2017-09-30,21.0625
07_2018,NM,H_RECMND,6,31,63,Willingness to Recommend the Hospital,Global Item,New Mexico,Mountain,2016-10-01,2017-09-30,21.0625
07_2018,NV,H_CLEAN_HSP,11,18,71,Cleanliness of Hospital Environment,Individual Item,Nevada,Mountain,2016-10-01,2017-09-30,21.96
07_2018,NV,H_COMP_1,7,18,75,Communication with Nurses,Composite Measure,Nevada,Mountain,2016-10-01,2017-09-30,21.96
07_2018,NV,H_COMP_2,7,17,76,Communication with Doctors,Composite Measure,Nevada,Mountain,2016-10-01,2017-09-30,21.96
07_2018,NV,H_COMP_3,12,26,62,Responsiveness of Hospital Staff,Composite Measure,Nevada,Mountain,2016-10-01,2017-09-30,21.96
07_2018,NV,H_COMP_5,20,18,62,Communication about Medicines,Composite Measure,Nevada,Mountain,2016-10-01,2017-09-30,21.96
07_2018,NV,H_COMP_6,15,0,85,Discharge Information,Composite Measure,Nevada,Mountain,2016-10-01,2017-09-30,21.96
07_2018,NV,H_COMP_7,8,43,49,Care Transition,Composite Measure,Nevada,Mountain,2016-10-01,2017-09-30,21.96
07_2018,NV,H_HSP_RATING,11,22,67,Overall Hospital Rating,Global Item,Nevada,Mountain,2016-10-01,2017-09-30,21.96
07_2018,NV,H_QUIET_HSP,13,31,56,Quietness of Hospital Environment,Individual Item,Nevada,Mountain,2016-10-01,2017-09-30,21.96
07_2018,NV,H_RECMND,8,24,68,Willingness to Recommend the Hospital,Global Item,Nevada,Mountain,2016-10-01,2017-09-30,21.96
07_2018,NY,H_CLEAN_HSP,9,20,71,Cleanliness of Hospital Environment,Individual Item,New York,Mid-Atlantic,2016-10-01,2017-09-30,23.280254777070063
07_2018,NY,H_COMP_1,5,18,77,Communication with Nurses,Composite Measure,New York,Mid-Atlantic,2016-10-01,2017-09-30,23.280254777070063
07_2018,NY,H_COMP_2,6,16,78,Communication with Doctors,Composite Measure,New York,Mid-Atlantic,2016-10-01,2017-09-30,23.280254777070063
07_2018,NY,H_COMP_3,12,24,64,Responsiveness of Hospital Staff,Composite Measure,New York,Mid-Atlantic,2016-10-01,2017-09-30,23.280254777070063
07_2018,NY,H_COMP_5,21,18,61,Communication about Medicines,Composite Measure,New York,Mid-Atlantic,2016-10-01,2017-09-30,23.280254777070063
07_2018,NY,H_COMP_6,15,0,85,Discharge Information,Composite Measure,New York,Mid-Atlantic,2016-10-01,2017-09-30,23.280254777070063
07_2018,NY,H_COMP_7,6,45,49,Care Transition,Composite Measure,New York,Mid-Atlantic,2016-10-01,2017-09-30,23.280254777070063
07_2018,NY,H_HSP_RATING,10,25,65,Overall Hospital Rating,Global Item,New York,Mid-Atlantic,2016-10-01,2017-09-30,23.280254777070063
07_2018,NY,H_QUIET_HSP,15,32,53,Quietness of Hospital Environment,Individual Item,New York,Mid-Atlantic,2016-10-01,2017-09-30,23.280254777070063
07_2018,NY,H_RECMND,7,26,67,Willingness to Recommend the Hospital,Global Item,New York,Mid-Atlantic,2016-10-01,2017-09-30,23.280254777070063
07_2018,OH,H_CLEAN_HSP,7,17,76,Cleanliness of Hospital Environment,Individual Item,Ohio,East North Central,2016-10-01,2017-09-30,28.58823529411765
07_2018,OH,H_COMP_1,3,15,82,Communication with Nurses,Composite Measure,Ohio,East North Central,2016-10-01,2017-09-30,28.58823529411765
07_2018,OH,H_COMP_2,4,15,81,Communication with Doctors,Composite Measure,Ohio,East North Central,2016-10-01,2017-09-30,28.58823529411765
07_2018,OH,H_COMP_3,7,23,70,Responsiveness of Hospital Staff,Composite Measure,Ohio,East North Central,2016-10-01,2017-09-30,28.58823529411765
07_2018,OH,H_COMP_5,17,18,65,Communication about Medicines,Composite Measure,Ohio,East North Central,2016-10-01,2017-09-30,28.58823529411765
07_2018,OH,H_COMP_6,11,0,89,Discharge Information,Composite Measure,Ohio,East North Central,2016-10-01,2017-09-30,28.58823529411765
07_2018,OH,H_COMP_7,4,42,54,Care Transition,Composite Measure,Ohio,East North Central,2016-10-01,2017-09-30,28.58823529411765
07_2018,OH,H_HSP_RATING,6,19,75,Overall Hospital Rating,Global Item,Ohio,East North Central,2016-10-01,2017-09-30,28.58823529411765
07_2018,OH,H_QUIET_HSP,9,31,60,Quietness of Hospital Environment,Individual Item,Ohio,East North Central,2016-10-01,2017-09-30,28.58823529411765
07_2018,OH,H_RECMND,4,24,72,Willingness to Recommend the Hospital,Global Item,Ohio,East North Central,2016-10-01,2017-09-30,28.58823529411765
07_2018,OK,H_CLEAN_HSP,7,16,77,Cleanliness of Hospital Environment,Individual Item,Oklahoma,West South Central,2016-10-01,2017-09-30,25.98876404494382
07_2018,OK,H_COMP_1,4,15,81,Communication with Nurses,Composite Measure,Oklahoma,West South Central,2016-10-01,2017-09-30,25.98876404494382
07_2018,OK,H_COMP_2,4,12,84,Communication with Doctors,Composite Measure,Oklahoma,West South Central,2016-10-01,2017-09-30,25.98876404494382
07_2018,OK,H_COMP_3,7,19,74,Responsiveness of Hospital Staff,Composite Measure,Oklahoma,West South Central,2016-10-01,2017-09-30,25.98876404494382
07_2018,OK,H_COMP_5,15,17,68,Communication about Medicines,Composite Measure,Oklahoma,West South Central,2016-10-01,2017-09-30,25.98876404494382
07_2018,OK,H_COMP_6,13,0,87,Discharge Information,Composite Measure,Oklahoma,West South Central,2016-10-01,2017-09-30,25.98876404494382
07_2018,OK,H_COMP_7,5,40,55,Care Transition,Composite Measure,Oklahoma,West South Central,2016-10-01,2017-09-30,25.98876404494382
07_2018,OK,H_HSP_RATING,7,18,75,Overall Hospital Rating,Global Item,Oklahoma,West South Central,2016-10-01,2017-09-30,25.98876404494382
07_2018,OK,H_QUIET_HSP,6,24,70,Quietness of Hospital Environment,Individual Item,Oklahoma,West South Central,2016-10-01,2017-09-30,25.98876404494382
07_2018,OK,H_RECMND,5,21,74,Willingness to Recommend the Hospital,Global Item,Oklahoma,West South Central,2016-10-01,2017-09-30,25.98876404494382
07_2018,OR,H_CLEAN_HSP,7,19,74,Cleanliness of Hospital Environment,Individual Item,Oregon,Pacific,2016-10-01,2017-09-30,26.03448275862069
07_2018,OR,H_COMP_1,3,17,80,Communication with Nurses,Composite Measure,Oregon,Pacific,2016-10-01,2017-09-30,26.03448275862069
07_2018,OR,H_COMP_2,4,15,81,Communication with Doctors,Composite Measure,Oregon,Pacific,2016-10-01,2017-09-30,26.03448275862069
07_2018,OR,H_COMP_3,6,24,70,Responsiveness of Hospital Staff,Composite Measure,Oregon,Pacific,2016-10-01,2017-09-30,26.03448275862069
07_2018,OR,H_COMP_5,15,18,67,Communication about Medicines,Composite Measure,Oregon,Pacific,2016-10-01,2017-09-30,26.03448275862069
07_2018,OR,H_COMP_6,11,0,89,Discharge Information,Composite Measure,Oregon,Pacific,2016-10-01,2017-09-30,26.03448275862069
07_2018,OR,H_COMP_7,5,41,54,Care Transition,Composite Measure,Oregon,Pacific,2016-10-01,2017-09-30,26.03448275862069
07_2018,OR,H_HSP_RATING,6,20,74,Overall Hospital Rating,Global Item,Oregon,Pacific,2016-10-01,2017-09-30,26.03448275862069
07_2018,OR,H_QUIET_HSP,10,34,56,Quietness of Hospital Environment,Individual Item,Oregon,Pacific,2016-10-01,2017-09-30,26.03448275862069
07_2018,OR,H_RECMND,4,22,74,Willingness to Recommend the Hospital,Global Item,Oregon,Pacific,2016-10-01,2017-09-30,26.03448275862069
07_2018,PA,H_CLEAN_HSP,8,18,74,Cleanliness of Hospital Environment,Individual Item,Pennsylvania,Mid-Atlantic,2016-10-01,2017-09-30,30.81645569620253
07_2018,PA,H_COMP_1,4,15,81,Communication with Nurses,Composite Measure,Pennsylvania,Mid-Atlantic,2016-10-01,2017-09-30,30.81645569620253
07_2018,PA,H_COMP_2,4,15,81,Communication with Doctors,Composite Measure,Pennsylvania,Mid-Atlantic,2016-10-01,2017-09-30,30.81645569620253
07_2018,PA,H_COMP_3,8,24,68,Responsiveness of Hospital Staff,Composite Measure,Pennsylvania,Mid-Atlantic,2016-10-01,2017-09-30,30.81645569620253
07_2018,PA,H_COMP_5,18,18,64,Communication about Medicines,Composite Measure,Pennsylvania,Mid-Atlantic,2016-10-01,2017-09-30,30.81645569620253
07_2018,PA,H_COMP_6,12,0,88,Discharge Information,Composite Measure,Pennsylvania,Mid-Atlantic,2016-10-01,2017-09-30,30.81645569620253
07_2018,PA,H_COMP_7,5,43,52,Care Transition,Composite Measure,Pennsylvania,Mid-Atlantic,2016-10-01,2017-09-30,30.81645569620253
07_2018,PA,H_HSP_RATING,8,21,71,Overall Hospital Rating,Global Item,Pennsylvania,Mid-Atlantic,2016-10-01,2017-09-30,30.81645569620253
07_2018,PA,H_QUIET_HSP,12,33,55,Quietness of Hospital Environment,Individual Item,Pennsylvania,Mid-Atlantic,2016-10-01,2017-09-30,30.81645569620253
07_2018,PA,H_RECMND,5,25,70,Willingness to Recommend the Hospital,Global Item,Pennsylvania,Mid-Atlantic,2016-10-01,2017-09-30,30.81645569620253
07_2018,RI,H_CLEAN_HSP,7,18,75,Cleanliness of Hospital Environment,Individual Item,Rhode Island,New England,2016-10-01,2017-09-30,26.636363636363637
07_2018,RI,H_COMP_1,4,14,82,Communication with Nurses,Composite Measure,Rhode Island,New England,2016-10-01,2017-09-30,26.636363636363637
07_2018,RI,H_COMP_2,5,14,81,Communication with Doctors,Composite Measure,Rhode Island,New England,2016-10-01,2017-09-30,26.636363636363637
07_2018,RI,H_COMP_3,9,23,68,Responsiveness of Hospital Staff,Composite Measure,Rhode Island,New England,2016-10-01,2017-09-30,26.636363636363637
07_2018,RI,H_COMP_5,18,18,64,Communication about Medicines,Composite Measure,Rhode Island,New England,2016-10-01,2017-09-30,26.636363636363637
07_2018,RI,H_COMP_6,13,0,87,Discharge Information,Composite Measure,Rhode Island,New England,2016-10-01,2017-09-30,26.636363636363637
07_2018,RI,H_COMP_7,5,43,52,Care Transition,Composite Measure,Rhode Island,New England,2016-10-01,2017-09-30,26.636363636363637
07_2018,RI,H_HSP_RATING,8,20,72,Overall Hospital Rating,Global Item,Rhode Island,New England,2016-10-01,2017-09-30,26.636363636363637
07_2018,RI,H_QUIET_HSP,13,32,55,Quietness of Hospital Environment,Individual Item,Rhode Island,New England,2016-10-01,2017-09-30,26.636363636363637
07_2018,RI,H_RECMND,5,21,74,Willingness to Recommend the Hospital,Global Item,Rhode Island,New England,2016-10-01,2017-09-30,26.636363636363637
07_2018,SC,H_CLEAN_HSP,9,20,71,Cleanliness of Hospital Environment,Individual Item,South Carolina,South Atlantic,2016-10-01,2017-09-30,24.59259259259259
07_2018,SC,H_COMP_1,5,14,81,Communication with Nurses,Composite Measure,South Carolina,South Atlantic,2016-10-01,2017-09-30,24.59259259259259
07_2018,SC,H_COMP_2,4,12,84,Communication with Doctors,Composite Measure,South Carolina,South Atlantic,2016-10-01,2017-09-30,24.59259259259259
07_2018,SC,H_COMP_3,10,21,69,Responsiveness of Hospital Staff,Composite Measure,South Carolina,South Atlantic,2016-10-01,2017-09-30,24.59259259259259
07_2018,SC,H_COMP_5,17,17,66,Communication about Medicines,Composite Measure,South Carolina,South Atlantic,2016-10-01,2017-09-30,24.59259259259259
07_2018,SC,H_COMP_6,12,0,88,Discharge Information,Composite Measure,South Carolina,South Atlantic,2016-10-01,2017-09-30,24.59259259259259
07_2018,SC,H_COMP_7,5,43,52,Care Transition,Composite Measure,South Carolina,South Atlantic,2016-10-01,2017-09-30,24.59259259259259
07_2018,SC,H_HSP_RATING,7,21,72,Overall Hospital Rating,Global Item,South Carolina,South Atlantic,2016-10-01,2017-09-30,24.59259259259259
07_2018,SC,H_QUIET_HSP,8,26,66,Quietness of Hospital Environment,Individual Item,South Carolina,South Atlantic,2016-10-01,2017-09-30,24.59259259259259
07_2018,SC,H_RECMND,5,24,71,Willingness to Recommend the Hospital,Global Item,South Carolina,South Atlantic,2016-10-01,2017-09-30,24.59259259259259
07_2018,SD,H_CLEAN_HSP,5,16,79,Cleanliness of Hospital Environment,Individual Item,South Dakota,West North Central,2016-10-01,2017-09-30,31.24390243902439
07_2018,SD,H_COMP_1,3,13,84,Communication with Nurses,Composite Measure,South Dakota,West North Central,2016-10-01,2017-09-30,31.24390243902439
07_2018,SD,H_COMP_2,3,11,86,Communication with Doctors,Composite Measure,South Dakota,West North Central,2016-10-01,2017-09-30,31.24390243902439
07_2018,SD,H_COMP_3,5,17,78,Responsiveness of Hospital Staff,Composite Measure,South Dakota,West North Central,2016-10-01,2017-09-30,31.24390243902439
07_2018,SD,H_COMP_5,12,18,70,Communication about Medicines,Composite Measure,South Dakota,West North Central,2016-10-01,2017-09-30,31.24390243902439
07_2018,SD,H_COMP_6,11,0,89,Discharge Information,Composite Measure,South Dakota,West North Central,2016-10-01,2017-09-30,31.24390243902439
07_2018,SD,H_COMP_7,3,41,56,Care Transition,Composite Measure,South Dakota,West North Central,2016-10-01,2017-09-30,31.24390243902439
07_2018,SD,H_HSP_RATING,5,16,79,Overall Hospital Rating,Global Item,South Dakota,West North Central,2016-10-01,2017-09-30,31.24390243902439
07_2018,SD,H_QUIET_HSP,5,23,72,Quietness of Hospital Environment,Individual Item,South Dakota,West North Central,2016-10-01,2017-09-30,31.24390243902439
07_2018,SD,H_RECMND,2,20,78,Willingness to Recommend the Hospital,Global Item,South Dakota,West North Central,2016-10-01,2017-09-30,31.24390243902439
07_2018,TN,H_CLEAN_HSP,8,18,74,Cleanliness of Hospital Environment,Individual Item,Tennessee,East South Central,2016-10-01,2017-09-30,28.804123711340207
07_2018,TN,H_COMP_1,5,14,81,Communication with Nurses,Composite Measure,Tennessee,East South Central,2016-10-01,2017-09-30,28.804123711340207
07_2018,TN,H_COMP_2,4,13,83,Communication with Doctors,Composite Measure,Tennessee,East South Central,2016-10-01,2017-09-30,28.804123711340207
07_2018,TN,H_COMP_3,8,21,71,Responsiveness of Hospital Staff,Composite Measure,Tennessee,East South Central,2016-10-01,2017-09-30,28.804123711340207
07_2018,TN,H_COMP_5,16,18,66,Communication about Medicines,Composite Measure,Tennessee,East South Central,2016-10-01,2017-09-30,28.804123711340207
07_2018,TN,H_COMP_6,13,0,87,Discharge Information,Composite Measure,Tennessee,East South Central,2016-10-01,2017-09-30,28.804123711340207
07_2018,TN,H_COMP_7,5,44,51,Care Transition,Composite Measure,Tennessee,East South Central,2016-10-01,2017-09-30,28.804123711340207
07_2018,TN,H_HSP_RATING,8,19,73,Overall Hospital Rating,Global Item,Tennessee,East South Central,2016-10-01,2017-09-30,28.804123711340207
07_2018,TN,H_QUIET_HSP,8,26,66,Quietness of Hospital Environment,Individual Item,Tennessee,East South Central,2016-10-01,2017-09-30,28.804123711340207
07_2018,TN,H_RECMND,5,24,71,Willingness to Recommend the Hospital,Global Item,Tennessee,East South Central,2016-10-01,2017-09-30,28.804123711340207
07_2018,TX,H_CLEAN_HSP,7,16,77,Cleanliness of Hospital Environment,Individual Item,Texas,West South Central,2016-10-01,2017-09-30,24.015974440894567
07_2018,TX,H_COMP_1,4,15,81,Communication with Nurses,Composite Measure,Texas,West South Central,2016-10-01,2017-09-30,24.015974440894567
07_2018,TX,H_COMP_2,4,13,83,Communication with Doctors,Composite Measure,Texas,West South Central,2016-10-01,2017-09-30,24.015974440894567
07_2018,TX,H_COMP_3,8,20,72,Responsiveness of Hospital Staff,Composite Measure,Texas,West South Central,2016-10-01,2017-09-30,24.015974440894567
07_2018,TX,H_COMP_5,16,16,68,Communication about Medicines,Composite Measure,Texas,West South Central,2016-10-01,2017-09-30,24.015974440894567
07_2018,TX,H_COMP_6,13,0,87,Discharge Information,Composite Measure,Texas,West South Central,2016-10-01,2017-09-30,24.015974440894567
07_2018,TX,H_COMP_7,5,41,54,Care Transition,Composite Measure,Texas,West South Central,2016-10-01,2017-09-30,24.015974440894567
07_2018,TX,H_HSP_RATING,7,17,76,Overall Hospital Rating,Global Item,Texas,West South Central,2016-10-01,2017-09-30,24.015974440894567
07_2018,TX,H_QUIET_HSP,7,24,69,Quietness of Hospital Environment,Individual Item,Texas,West South Central,2016-10-01,2017-09-30,24.015974440894567
07_2018,TX,H_RECMND,5,19,76,Willingness to Recommend the Hospital,Global Item,Texas,West South Central,2016-10-01,2017-09-30,24.015974440894567
07_2018,UT,H_CLEAN_HSP,7,18,75,Cleanliness of Hospital Environment,Individual Item,Utah,Mountain,2016-10-01,2017-09-30,25.69047619047619
07_2018,UT,H_COMP_1,4,17,79,Communication with Nurses,Composite Measure,Utah,Mountain,2016-10-01,2017-09-30,25.69047619047619
07_2018,UT,H_COMP_2,3,15,82,Communication with Doctors,Composite Measure,Utah,Mountain,2016-10-01,2017-09-30,25.69047619047619
07_2018,UT,H_COMP_3,6,23,71,Responsiveness of Hospital Staff,Composite Measure,Utah,Mountain,2016-10-01,2017-09-30,25.69047619047619
07_2018,UT,H_COMP_5,15,19,66,Communication about Medicines,Composite Measure,Utah,Mountain,2016-10-01,2017-09-30,25.69047619047619
07_2018,UT,H_COMP_6,10,0,90,Discharge Information,Composite Measure,Utah,Mountain,2016-10-01,2017-09-30,25.69047619047619
07_2018,UT,H_COMP_7,5,37,58,Care Transition,Composite Measure,Utah,Mountain,2016-10-01,2017-09-30,25.69047619047619
07_2018,UT,H_HSP_RATING,6,17,77,Overall Hospital Rating,Global Item,Utah,Mountain,2016-10-01,2017-09-30,25.69047619047619
07_2018,UT,H_QUIET_HSP,7,33,60,Quietness of Hospital Environment,Individual Item,Utah,Mountain,2016-10-01,2017-09-30,25.69047619047619
07_2018,UT,H_RECMND,4,19,77,Willingness to Recommend the Hospital,Global Item,Utah,Mountain,2016-10-01,2017-09-30,25.69047619047619
07_2018,VA,H_CLEAN_HSP,8,18,74,Cleanliness of Hospital Environment,Individual Item,Virginia,South Atlantic,2016-10-01,2017-09-30,24.50632911392405
07_2018,VA,H_COMP_1,4,16,80,Communication with Nurses,Composite Measure,Virginia,South Atlantic,2016-10-01,2017-09-30,24.50632911392405
07_2018,VA,H_COMP_2,4,15,81,Communication with Doctors,Composite Measure,Virginia,South Atlantic,2016-10-01,2017-09-30,24.50632911392405
07_2018,VA,H_COMP_3,10,24,66,Responsiveness of Hospital Staff,Composite Measure,Virginia,South Atlantic,2016-10-01,2017-09-30,24.50632911392405
07_2018,VA,H_COMP_5,18,18,64,Communication about Medicines,Composite Measure,Virginia,South Atlantic,2016-10-01,2017-09-30,24.50632911392405
07_2018,VA,H_COMP_6,12,0,88,Discharge Information,Composite Measure,Virginia,South Atlantic,2016-10-01,2017-09-30,24.50632911392405
07_2018,VA,H_COMP_7,5,43,52,Care Transition,Composite Measure,Virginia,South Atlantic,2016-10-01,2017-09-30,24.50632911392405
07_2018,VA,H_HSP_RATING,8,20,72,Overall Hospital Rating,Global Item,Virginia,South Atlantic,2016-10-01,2017-09-30,24.50632911392405
07_2018,VA,H_QUIET_HSP,10,29,61,Quietness of Hospital Environment,Individual Item,Virginia,South Atlantic,2016-10-01,2017-09-30,24.50632911392405
07_2018,VA,H_RECMND,5,25,70,Willingness to Recommend the Hospital,Global Item,Virginia,South Atlantic,2016-10-01,2017-09-30,24.50632911392405
07_2018,VT,H_CLEAN_HSP,5,17,78,Cleanliness of Hospital Environment,Individual Item,Vermont,New England,2016-10-01,2017-09-30,29.928571428571427
07_2018,VT,H_COMP_1,2,16,82,Communication with Nurses,Composite Measure,Vermont,New England,2016-10-01,2017-09-30,29.928571428571427
07_2018,VT,H_COMP_2,3,13,84,Communication with Doctors,Composite Measure,Vermont,New England,2016-10-01,2017-09-30,29.928571428571427
07_2018,VT,H_COMP_3,6,22,72,Responsiveness of Hospital Staff,Composite Measure,Vermont,New England,2016-10-01,2017-09-30,29.928571428571427
07_2018,VT,H_COMP_5,16,17,67,Communication about Medicines,Composite Measure,Vermont,New England,2016-10-01,2017-09-30,29.928571428571427
07_2018,VT,H_COMP_6,9,0,91,Discharge Information,Composite Measure,Vermont,New England,2016-10-01,2017-09-30,29.928571428571427
07_2018,VT,H_COMP_7,4,42,54,Care Transition,Composite Measure,Vermont,New England,2016-10-01,2017-09-30,29.928571428571427
07_2018,VT,H_HSP_RATING,6,20,74,Overall Hospital Rating,Global Item,Vermont,New England,2016-10-01,2017-09-30,29.928571428571427
07_2018,VT,H_QUIET_HSP,10,36,54,Quietness of Hospital Environment,Individual Item,Vermont,New England,2016-10-01,2017-09-30,29.928571428571427
07_2018,VT,H_RECMND,3,24,73,Willingness to Recommend the Hospital,Global Item,Vermont,New England,2016-10-01,2017-09-30,29.928571428571427
07_2018,WA,H_CLEAN_HSP,8,18,74,Cleanliness of Hospital Environment,Individual Item,Washington,Pacific,2016-10-01,2017-09-30,25.736842105263158
07_2018,WA,H_COMP_1,4,17,79,Communication with Nurses,Composite Measure,Washington,Pacific,2016-10-01,2017-09-30,25.736842105263158
07_2018,WA,H_COMP_2,4,15,81,Communication with Doctors,Composite Measure,Washington,Pacific,2016-10-01,2017-09-30,25.736842105263158
07_2018,WA,H_COMP_3,8,25,67,Responsiveness of Hospital Staff,Composite Measure,Washington,Pacific,2016-10-01,2017-09-30,25.736842105263158
07_2018,WA,H_COMP_5,17,20,63,Communication about Medicines,Composite Measure,Washington,Pacific,2016-10-01,2017-09-30,25.736842105263158
07_2018,WA,H_COMP_6,12,0,88,Discharge Information,Composite Measure,Washington,Pacific,2016-10-01,2017-09-30,25.736842105263158
07_2018,WA,H_COMP_7,5,43,52,Care Transition,Composite Measure,Washington,Pacific,2016-10-01,2017-09-30,25.736842105263158
07_2018,WA,H_HSP_RATING,7,22,71,Overall Hospital Rating,Global Item,Washington,Pacific,2016-10-01,2017-09-30,25.736842105263158
07_2018,WA,H_QUIET_HSP,11,35,54,Quietness of Hospital Environment,Individual Item,Washington,Pacific,2016-10-01,2017-09-30,25.736842105263158
07_2018,WA,H_RECMND,5,23,72,Willingness to Recommend the Hospital,Global Item,Washington,Pacific,2016-10-01,2017-09-30,25.736842105263158
07_2018,WI,H_CLEAN_HSP,5,15,80,Cleanliness of Hospital Environment,Individual Item,Wisconsin,East North Central,2016-10-01,2017-09-30,35.886178861788615
07_2018,WI,H_COMP_1,2,14,84,Communication with Nurses,Composite Measure,Wisconsin,East North Central,2016-10-01,2017-09-30,35.886178861788615
07_2018,WI,H_COMP_2,3,13,84,Communication with Doctors,Composite Measure,Wisconsin,East North Central,2016-10-01,2017-09-30,35.886178861788615
07_2018,WI,H_COMP_3,5,21,74,Responsiveness of Hospital Staff,Composite Measure,Wisconsin,East North Central,2016-10-01,2017-09-30,35.886178861788615
07_2018,WI,H_COMP_5,13,18,69,Communication about Medicines,Composite Measure,Wisconsin,East North Central,2016-10-01,2017-09-30,35.886178861788615
07_2018,WI,H_COMP_6,10,0,90,Discharge Information,Composite Measure,Wisconsin,East North Central,2016-10-01,2017-09-30,35.886178861788615
07_2018,WI,H_COMP_7,4,39,57,Care Transition,Composite Measure,Wisconsin,East North Central,2016-10-01,2017-09-30,35.886178861788615
07_2018,WI,H_HSP_RATING,5,17,78,Overall Hospital Rating,Global Item,Wisconsin,East North Central,2016-10-01,2017-09-30,35.886178861788615
07_2018,WI,H_QUIET_HSP,6,28,66,Quietness of Hospital Environment,Individual Item,Wisconsin,East North Central,2016-10-01,2017-09-30,35.886178861788615
07_2018,WI,H_RECMND,3,21,76,Willingness to Recommend the Hospital,Global Item,Wisconsin,East North Central,2016-10-01,2017-09-30,35.886178861788615
07_2018,WV,H_CLEAN_HSP,7,17,76,Cleanliness of Hospital Environment,Individual Item,West Virginia,South Atlantic,2016-10-01,2017-09-30,26.57777777777778
07_2018,WV,H_COMP_1,4,15,81,Communication with Nurses,Composite Measure,West Virginia,South Atlantic,2016-10-01,2017-09-30,26.57777777777778
07_2018,WV,H_COMP_2,4,13,83,Communication with Doctors,Composite Measure,West Virginia,South Atlantic,2016-10-01,2017-09-30,26.57777777777778
07_2018,WV,H_COMP_3,8,20,72,Responsiveness of Hospital Staff,Composite Measure,West Virginia,South Atlantic,2016-10-01,2017-09-30,26.57777777777778
07_2018,WV,H_COMP_5,16,17,67,Communication about Medicines,Composite Measure,West Virginia,South Atlantic,2016-10-01,2017-09-30,26.57777777777778
07_2018,WV,H_COMP_6,12,0,88,Discharge Information,Composite Measure,West Virginia,South Atlantic,2016-10-01,2017-09-30,26.57777777777778
07_2018,WV,H_COMP_7,4,43,53,Care Transition,Composite Measure,West Virginia,South Atlantic,2016-10-01,2017-09-30,26.57777777777778
07_2018,WV,H_HSP_RATING,7,20,73,Overall Hospital Rating,Global Item,West Virginia,South Atlantic,2016-10-01,2017-09-30,26.57777777777778
07_2018,WV,H_QUIET_HSP,9,31,60,Quietness of Hospital Environment,Individual Item,West Virginia,South Atlantic,2016-10-01,2017-09-30,26.57777777777778
07_2018,WV,H_RECMND,4,25,71,Willingness to Recommend the Hospital,Global Item,West Virginia,South Atlantic,2016-10-01,2017-09-30,26.57777777777778
07_2018,WY,H_CLEAN_HSP,7,18,75,Cleanliness of Hospital Environment,Individual Item,Wyoming,Mountain,2016-10-01,2017-09-30,27.35
07_2018,WY,H_COMP_1,4,15,81,Communication with Nurses,Composite Measure,Wyoming,Mountain,2016-10-01,2017-09-30,27.35
07_2018,WY,H_COMP_2,4,14,82,Communication with Doctors,Composite Measure,Wyoming,Mountain,2016-10-01,2017-09-30,27.35
07_2018,WY,H_COMP_3,6,19,75,Responsiveness of Hospital Staff,Composite Measure,Wyoming,Mountain,2016-10-01,2017-09-30,27.35
07_2018,WY,H_COMP_5,14,17,69,Communication about Medicines,Composite Measure,Wyoming,Mountain,2016-10-01,2017-09-30,27.35
07_2018,WY,H_COMP_6,13,0,87,Discharge Information,Composite Measure,Wyoming,Mountain,2016-10-01,2017-09-30,27.35
07_2018,WY,H_COMP_7,5,39,56,Care Transition,Composite Measure,Wyoming,Mountain,2016-10-01,2017-09-30,27.35
07_2018,WY,H_HSP_RATING,8,21,71,Overall Hospital Rating,Global Item,Wyoming,Mountain,2016-10-01,2017-09-30,27.35
07_2018,WY,H_QUIET_HSP,8,30,62,Quietness of Hospital Environment,Individual Item,Wyoming,Mountain,2016-10-01,2017-09-30,27.35
07_2018,WY,H_RECMND,5,26,69,Willingness to Recommend the Hospital,Global Item,Wyoming,Mountain,2016-10-01,2017-09-30,27.35
07_2019,AK,H_CLEAN_HSP,9,19,72,Cleanliness of Hospital Environment,Individual Item,Alaska,Pacific,2017-10-01,2018-09-30,19.571428571428573
07_2019,AK,H_COMP_1,4,16,80,Communication with Nurses,Composite Measure,Alaska,Pacific,2017-10-01,2018-09-30,19.571428571428573
07_2019,AK,H_COMP_2,5,16,79,Communication with Doctors,Composite Measure,Alaska,Pacific,2017-10-01,2018-09-30,19.571428571428573
07_2019,AK,H_COMP_3,9,22,69,Responsiveness of Hospital Staff,Composite Measure,Alaska,Pacific,2017-10-01,2018-09-30,19.571428571428573
07_2019,AK,H_COMP_5,16,20,64,Communication about Medicines,Composite Measure,Alaska,Pacific,2017-10-01,2018-09-30,19.571428571428573
07_2019,AK,H_COMP_6,14,0,86,Discharge Information,Composite Measure,Alaska,Pacific,2017-10-01,2018-09-30,19.571428571428573
07_2019,AK,H_COMP_7,5,42,53,Care Transition,Composite Measure,Alaska,Pacific,2017-10-01,2018-09-30,19.571428571428573
07_2019,AK,H_HSP_RATING,10,26,64,Overall Hospital Rating,Global Item,Alaska,Pacific,2017-10-01,2018-09-30,19.571428571428573
07_2019,AK,H_QUIET_HSP,8,35,57,Quietness of Hospital Environment,Individual Item,Alaska,Pacific,2017-10-01,2018-09-30,19.571428571428573
07_2019,AK,H_RECMND,4,30,66,Willingness to Recommend the Hospital,Global Item,Alaska,Pacific,2017-10-01,2018-09-30,19.571428571428573
07_2019,AL,H_CLEAN_HSP,9,16,75,Cleanliness of Hospital Environment,Individual Item,Alabama,East South Central,2017-10-01,2018-09-30,25.529411764705884
07_2019,AL,H_COMP_1,5,13,82,Communication with Nurses,Composite Measure,Alabama,East South Central,2017-10-01,2018-09-30,25.529411764705884
07_2019,AL,H_COMP_2,4,12,84,Communication with Doctors,Composite Measure,Alabama,East South Central,2017-10-01,2018-09-30,25.529411764705884
07_2019,AL,H_COMP_3,10,17,73,Responsiveness of Hospital Staff,Composite Measure,Alabama,East South Central,2017-10-01,2018-09-30,25.529411764705884
07_2019,AL,H_COMP_5,15,17,68,Communication about Medicines,Composite Measure,Alabama,East South Central,2017-10-01,2018-09-30,25.529411764705884
07_2019,AL,H_COMP_6,14,0,86,Discharge Information,Composite Measure,Alabama,East South Central,2017-10-01,2018-09-30,25.529411764705884
07_2019,AL,H_COMP_7,5,43,52,Care Transition,Composite Measure,Alabama,East South Central,2017-10-01,2018-09-30,25.529411764705884
07_2019,AL,H_HSP_RATING,8,19,73,Overall Hospital Rating,Global Item,Alabama,East South Central,2017-10-01,2018-09-30,25.529411764705884
07_2019,AL,H_QUIET_HSP,8,22,70,Quietness of Hospital Environment,Individual Item,Alabama,East South Central,2017-10-01,2018-09-30,25.529411764705884
07_2019,AL,H_RECMND,5,24,71,Willingness to Recommend the Hospital,Global Item,Alabama,East South Central,2017-10-01,2018-09-30,25.529411764705884
07_2019,AR,H_CLEAN_HSP,7,16,77,Cleanliness of Hospital Environment,Individual Item,Arkansas,West South Central,2017-10-01,2018-09-30,25.071428571428573
07_2019,AR,H_COMP_1,5,14,81,Communication with Nurses,Composite Measure,Arkansas,West South Central,2017-10-01,2018-09-30,25.071428571428573
07_2019,AR,H_COMP_2,5,12,83,Communication with Doctors,Composite Measure,Arkansas,West South Central,2017-10-01,2018-09-30,25.071428571428573
07_2019,AR,H_COMP_3,8,20,72,Responsiveness of Hospital Staff,Composite Measure,Arkansas,West South Central,2017-10-01,2018-09-30,25.071428571428573
07_2019,AR,H_COMP_5,16,16,68,Communication about Medicines,Composite Measure,Arkansas,West South Central,2017-10-01,2018-09-30,25.071428571428573
07_2019,AR,H_COMP_6,15,0,85,Discharge Information,Composite Measure,Arkansas,West South Central,2017-10-01,2018-09-30,25.071428571428573
07_2019,AR,H_COMP_7,5,42,53,Care Transition,Composite Measure,Arkansas,West South Central,2017-10-01,2018-09-30,25.071428571428573
07_2019,AR,H_HSP_RATING,7,19,74,Overall Hospital Rating,Global Item,Arkansas,West South Central,2017-10-01,2018-09-30,25.071428571428573
07_2019,AR,H_QUIET_HSP,7,26,67,Quietness of Hospital Environment,Individual Item,Arkansas,West South Central,2017-10-01,2018-09-30,25.071428571428573
07_2019,AR,H_RECMND,5,24,71,Willingness to Recommend the Hospital,Global Item,Arkansas,West South Central,2017-10-01,2018-09-30,25.071428571428573
07_2019,AZ,H_CLEAN_HSP,10,19,71,Cleanliness of Hospital Environment,Individual Item,Arizona,Mountain,2017-10-01,2018-09-30,27.95774647887324
07_2019,AZ,H_COMP_1,5,17,78,Communication with Nurses,Composite Measure,Arizona,Mountain,2017-10-01,2018-09-30,27.95774647887324
07_2019,AZ,H_COMP_2,6,17,77,Communication with Doctors,Composite Measure,Arizona,Mountain,2017-10-01,2018-09-30,27.95774647887324
07_2019,AZ,H_COMP_3,10,23,67,Responsiveness of Hospital Staff,Composite Measure,Arizona,Mountain,2017-10-01,2018-09-30,27.95774647887324
07_2019,AZ,H_COMP_5,18,17,65,Communication about Medicines,Composite Measure,Arizona,Mountain,2017-10-01,2018-09-30,27.95774647887324
07_2019,AZ,H_COMP_6,13,0,87,Discharge Information,Composite Measure,Arizona,Mountain,2017-10-01,2018-09-30,27.95774647887324
07_2019,AZ,H_COMP_7,6,42,52,Care Transition,Composite Measure,Arizona,Mountain,2017-10-01,2018-09-30,27.95774647887324
07_2019,AZ,H_HSP_RATING,9,21,70,Overall Hospital Rating,Global Item,Arizona,Mountain,2017-10-01,2018-09-30,27.95774647887324
07_2019,AZ,H_QUIET_HSP,13,31,56,Quietness of Hospital Environment,Individual Item,Arizona,Mountain,2017-10-01,2018-09-30,27.95774647887324
07_2019,AZ,H_RECMND,6,24,70,Willingness to Recommend the Hospital,Global Item,Arizona,Mountain,2017-10-01,2018-09-30,27.95774647887324
07_2019,CA,H_CLEAN_HSP,9,19,72,Cleanliness of Hospital Environment,Individual Item,California,Pacific,2017-10-01,2018-09-30,21.82758620689655
07_2019,CA,H_COMP_1,6,18,76,Communication with Nurses,Composite Measure,California,Pacific,2017-10-01,2018-09-30,21.82758620689655
07_2019,CA,H_COMP_2,6,17,77,Communication with Doctors,Composite Measure,California,Pacific,2017-10-01,2018-09-30,21.82758620689655
07_2019,CA,H_COMP_3,11,25,64,Responsiveness of Hospital Staff,Composite Measure,California,Pacific,2017-10-01,2018-09-30,21.82758620689655
07_2019,CA,H_COMP_5,19,18,63,Communication about Medicines,Composite Measure,California,Pacific,2017-10-01,2018-09-30,21.82758620689655
07_2019,CA,H_COMP_6,15,0,85,Discharge Information,Composite Measure,California,Pacific,2017-10-01,2018-09-30,21.82758620689655
07_2019,CA,H_COMP_7,7,44,49,Care Transition,Composite Measure,California,Pacific,2017-10-01,2018-09-30,21.82758620689655
07_2019,CA,H_HSP_RATING,9,22,69,Overall Hospital Rating,Global Item,California,Pacific,2017-10-01,2018-09-30,21.82758620689655
07_2019,CA,H_QUIET_HSP,16,33,51,Quietness of Hospital Environment,Individual Item,California,Pacific,2017-10-01,2018-09-30,21.82758620689655
07_2019,CA,H_RECMND,7,23,70,Willingness to Recommend the Hospital,Global Item,California,Pacific,2017-10-01,2018-09-30,21.82758620689655
07_2019,CO,H_CLEAN_HSP,6,17,77,Cleanliness of Hospital Environment,Individual Item,Colorado,Mountain,2017-10-01,2018-09-30,26.818181818181817
07_2019,CO,H_COMP_1,4,16,80,Communication with Nurses,Composite Measure,Colorado,Mountain,2017-10-01,2018-09-30,26.818181818181817
07_2019,CO,H_COMP_2,4,14,82,Communication with Doctors,Composite Measure,Colorado,Mountain,2017-10-01,2018-09-30,26.818181818181817
07_2019,CO,H_COMP_3,7,21,72,Responsiveness of Hospital Staff,Composite Measure,Colorado,Mountain,2017-10-01,2018-09-30,26.818181818181817
07_2019,CO,H_COMP_5,15,18,67,Communication about Medicines,Composite Measure,Colorado,Mountain,2017-10-01,2018-09-30,26.818181818181817
07_2019,CO,H_COMP_6,12,0,88,Discharge Information,Composite Measure,Colorado,Mountain,2017-10-01,2018-09-30,26.818181818181817
07_2019,CO,H_COMP_7,5,39,56,Care Transition,Composite Measure,Colorado,Mountain,2017-10-01,2018-09-30,26.818181818181817
07_2019,CO,H_HSP_RATING,7,17,76,Overall Hospital Rating,Global Item,Colorado,Mountain,2017-10-01,2018-09-30,26.818181818181817
07_2019,CO,H_QUIET_HSP,8,28,64,Quietness of Hospital Environment,Individual Item,Colorado,Mountain,2017-10-01,2018-09-30,26.818181818181817
07_2019,CO,H_RECMND,5,20,75,Willingness to Recommend the Hospital,Global Item,Colorado,Mountain,2017-10-01,2018-09-30,26.818181818181817
07_2019,CT,H_CLEAN_HSP,8,18,74,Cleanliness of Hospital Environment,Individual Item,Connecticut,New England,2017-10-01,2018-09-30,24.821428571428573
07_2019,CT,H_COMP_1,5,15,80,Communication with Nurses,Composite Measure,Connecticut,New England,2017-10-01,2018-09-30,24.821428571428573
07_2019,CT,H_COMP_2,5,15,80,Communication with Doctors,Composite Measure,Connecticut,New England,2017-10-01,2018-09-30,24.821428571428573
07_2019,CT,H_COMP_3,10,25,65,Responsiveness of Hospital Staff,Composite Measure,Connecticut,New England,2017-10-01,2018-09-30,24.821428571428573
07_2019,CT,H_COMP_5,19,18,63,Communication about Medicines,Composite Measure,Connecticut,New England,2017-10-01,2018-09-30,24.821428571428573
07_2019,CT,H_COMP_6,12,0,88,Discharge Information,Composite Measure,Connecticut,New England,2017-10-01,2018-09-30,24.821428571428573
07_2019,CT,H_COMP_7,5,43,52,Care Transition,Composite Measure,Connecticut,New England,2017-10-01,2018-09-30,24.821428571428573
07_2019,CT,H_HSP_RATING,8,21,71,Overall Hospital Rating,Global Item,Connecticut,New England,2017-10-01,2018-09-30,24.821428571428573
07_2019,CT,H_QUIET_HSP,14,32,54,Quietness of Hospital Environment,Individual Item,Connecticut,New England,2017-10-01,2018-09-30,24.821428571428573
07_2019,CT,H_RECMND,5,23,72,Willingness to Recommend the Hospital,Global Item,Connecticut,New England,2017-10-01,2018-09-30,24.821428571428573
07_2019,DC,H_CLEAN_HSP,14,21,65,Cleanliness of Hospital Environment,Individual Item,District of Columbia,South Atlantic,2017-10-01,2018-09-30,21.125
07_2019,DC,H_COMP_1,11,19,70,Communication with Nurses,Composite Measure,District of Columbia,South Atlantic,2017-10-01,2018-09-30,21.125
07_2019,DC,H_COMP_2,8,16,76,Communication with Doctors,Composite Measure,District of Columbia,South Atlantic,2017-10-01,2018-09-30,21.125
07_2019,DC,H_COMP_3,21,25,54,Responsiveness of Hospital Staff,Composite Measure,District of Columbia,South Atlantic,2017-10-01,2018-09-30,21.125
07_2019,DC,H_COMP_5,24,18,58,Communication about Medicines,Composite Measure,District of Columbia,South Atlantic,2017-10-01,2018-09-30,21.125
07_2019,DC,H_COMP_6,17,0,83,Discharge Information,Composite Measure,District of Columbia,South Atlantic,2017-10-01,2018-09-30,21.125
07_2019,DC,H_COMP_7,8,47,45,Care Transition,Composite Measure,District of Columbia,South Atlantic,2017-10-01,2018-09-30,21.125
07_2019,DC,H_HSP_RATING,14,25,61,Overall Hospital Rating,Global Item,District of Columbia,South Atlantic,2017-10-01,2018-09-30,21.125
07_2019,DC,H_QUIET_HSP,18,27,55,Quietness of Hospital Environment,Individual Item,District of Columbia,South Atlantic,2017-10-01,2018-09-30,21.125
07_2019,DC,H_RECMND,11,28,61,Willingness to Recommend the Hospital,Global Item,District of Columbia,South Atlantic,2017-10-01,2018-09-30,21.125
07_2019,DE,H_CLEAN_HSP,8,21,71,Cleanliness of Hospital Environment,Individual Item,Delaware,South Atlantic,2017-10-01,2018-09-30,22.714285714285715
07_2019,DE,H_COMP_1,4,15,81,Communication with Nurses,Composite Measure,Delaware,South Atlantic,2017-10-01,2018-09-30,22.714285714285715
07_2019,DE,H_COMP_2,4,16,80,Communication with Doctors,Composite Measure,Delaware,South Atlantic,2017-10-01,2018-09-30,22.714285714285715
07_2019,DE,H_COMP_3,8,23,69,Responsiveness of Hospital Staff,Composite Measure,Delaware,South Atlantic,2017-10-01,2018-09-30,22.714285714285715
07_2019,DE,H_COMP_5,18,18,64,Communication about Medicines,Composite Measure,Delaware,South Atlantic,2017-10-01,2018-09-30,22.714285714285715
07_2019,DE,H_COMP_6,12,0,88,Discharge Information,Composite Measure,Delaware,South Atlantic,2017-10-01,2018-09-30,22.714285714285715
07_2019,DE,H_COMP_7,5,42,53,Care Transition,Composite Measure,Delaware,South Atlantic,2017-10-01,2018-09-30,22.714285714285715
07_2019,DE,H_HSP_RATING,7,22,71,Overall Hospital Rating,Global Item,Delaware,South Atlantic,2017-10-01,2018-09-30,22.714285714285715
07_2019,DE,H_QUIET_HSP,11,32,57,Quietness of Hospital Environment,Individual Item,Delaware,South Atlantic,2017-10-01,2018-09-30,22.714285714285715
07_2019,DE,H_RECMND,4,27,69,Willingness to Recommend the Hospital,Global Item,Delaware,South Atlantic,2017-10-01,2018-09-30,22.714285714285715
07_2019,FL,H_CLEAN_HSP,10,20,70,Cleanliness of Hospital Environment,Individual Item,Florida,South Atlantic,2017-10-01,2018-09-30,22.045197740112993
07_2019,FL,H_COMP_1,7,17,76,Communication with Nurses,Composite Measure,Florida,South Atlantic,2017-10-01,2018-09-30,22.045197740112993
07_2019,FL,H_COMP_2,7,17,76,Communication with Doctors,Composite Measure,Florida,South Atlantic,2017-10-01,2018-09-30,22.045197740112993
07_2019,FL,H_COMP_3,12,24,64,Responsiveness of Hospital Staff,Composite Measure,Florida,South Atlantic,2017-10-01,2018-09-30,22.045197740112993
07_2019,FL,H_COMP_5,20,18,62,Communication about Medicines,Composite Measure,Florida,South Atlantic,2017-10-01,2018-09-30,22.045197740112993
07_2019,FL,H_COMP_6,15,0,85,Discharge Information,Composite Measure,Florida,South Atlantic,2017-10-01,2018-09-30,22.045197740112993
07_2019,FL,H_COMP_7,7,43,50,Care Transition,Composite Measure,Florida,South Atlantic,2017-10-01,2018-09-30,22.045197740112993
07_2019,FL,H_HSP_RATING,11,21,68,Overall Hospital Rating,Global Item,Florida,South Atlantic,2017-10-01,2018-09-30,22.045197740112993
07_2019,FL,H_QUIET_HSP,13,29,58,Quietness of Hospital Environment,Individual Item,Florida,South Atlantic,2017-10-01,2018-09-30,22.045197740112993
07_2019,FL,H_RECMND,7,24,69,Willingness to Recommend the Hospital,Global Item,Florida,South Atlantic,2017-10-01,2018-09-30,22.045197740112993
07_2019,GA,H_CLEAN_HSP,9,17,74,Cleanliness of Hospital Environment,Individual Item,Georgia,South Atlantic,2017-10-01,2018-09-30,20.4390243902439
07_2019,GA,H_COMP_1,5,16,79,Communication with Nurses,Composite Measure,Georgia,South Atlantic,2017-10-01,2018-09-30,20.4390243902439
07_2019,GA,H_COMP_2,5,13,82,Communication with Doctors,Composite Measure,Georgia,South Atlantic,2017-10-01,2018-09-30,20.4390243902439
07_2019,GA,H_COMP_3,11,22,67,Responsiveness of Hospital Staff,Composite Measure,Georgia,South Atlantic,2017-10-01,2018-09-30,20.4390243902439
07_2019,GA,H_COMP_5,19,16,65,Communication about Medicines,Composite Measure,Georgia,South Atlantic,2017-10-01,2018-09-30,20.4390243902439
07_2019,GA,H_COMP_6,15,0,85,Discharge Information,Composite Measure,Georgia,South Atlantic,2017-10-01,2018-09-30,20.4390243902439
07_2019,GA,H_COMP_7,6,42,52,Care Transition,Composite Measure,Georgia,South Atlantic,2017-10-01,2018-09-30,20.4390243902439
07_2019,GA,H_HSP_RATING,9,20,71,Overall Hospital Rating,Global Item,Georgia,South Atlantic,2017-10-01,2018-09-30,20.4390243902439
07_2019,GA,H_QUIET_HSP,8,25,67,Quietness of Hospital Environment,Individual Item,Georgia,South Atlantic,2017-10-01,2018-09-30,20.4390243902439
07_2019,GA,H_RECMND,6,24,70,Willingness to Recommend the Hospital,Global Item,Georgia,South Atlantic,2017-10-01,2018-09-30,20.4390243902439
07_2019,HI,H_CLEAN_HSP,6,17,77,Cleanliness of Hospital Environment,Individual Item,Hawaii,Pacific,2017-10-01,2018-09-30,24.23076923076923
07_2019,HI,H_COMP_1,6,15,79,Communication with Nurses,Composite Measure,Hawaii,Pacific,2017-10-01,2018-09-30,24.23076923076923
07_2019,HI,H_COMP_2,5,13,82,Communication with Doctors,Composite Measure,Hawaii,Pacific,2017-10-01,2018-09-30,24.23076923076923
07_2019,HI,H_COMP_3,9,23,68,Responsiveness of Hospital Staff,Composite Measure,Hawaii,Pacific,2017-10-01,2018-09-30,24.23076923076923
07_2019,HI,H_COMP_5,19,18,63,Communication about Medicines,Composite Measure,Hawaii,Pacific,2017-10-01,2018-09-30,24.23076923076923
07_2019,HI,H_COMP_6,14,0,86,Discharge Information,Composite Measure,Hawaii,Pacific,2017-10-01,2018-09-30,24.23076923076923
07_2019,HI,H_COMP_7,6,42,52,Care Transition,Composite Measure,Hawaii,Pacific,2017-10-01,2018-09-30,24.23076923076923
07_2019,HI,H_HSP_RATING,9,20,71,Overall Hospital Rating,Global Item,Hawaii,Pacific,2017-10-01,2018-09-30,24.23076923076923
07_2019,HI,H_QUIET_HSP,10,30,60,Quietness of Hospital Environment,Individual Item,Hawaii,Pacific,2017-10-01,2018-09-30,24.23076923076923
07_2019,HI,H_RECMND,5,23,72,Willingness to Recommend the Hospital,Global Item,Hawaii,Pacific,2017-10-01,2018-09-30,24.23076923076923
07_2019,IA,H_CLEAN_HSP,4,16,80,Cleanliness of Hospital Environment,Individual Item,Iowa,West North Central,2017-10-01,2018-09-30,33.31818181818182
07_2019,IA,H_COMP_1,2,15,83,Communication with Nurses,Composite Measure,Iowa,West North Central,2017-10-01,2018-09-30,33.31818181818182
07_2019,IA,H_COMP_2,3,13,84,Communication with Doctors,Composite Measure,Iowa,West North Central,2017-10-01,2018-09-30,33.31818181818182
07_2019,IA,H_COMP_3,5,22,73,Responsiveness of Hospital Staff,Composite Measure,Iowa,West North Central,2017-10-01,2018-09-30,33.31818181818182
07_2019,IA,H_COMP_5,13,19,68,Communication about Medicines,Composite Measure,Iowa,West North Central,2017-10-01,2018-09-30,33.31818181818182
07_2019,IA,H_COMP_6,11,0,89,Discharge Information,Composite Measure,Iowa,West North Central,2017-10-01,2018-09-30,33.31818181818182
07_2019,IA,H_COMP_7,3,41,56,Care Transition,Composite Measure,Iowa,West North Central,2017-10-01,2018-09-30,33.31818181818182
07_2019,IA,H_HSP_RATING,5,16,79,Overall Hospital Rating,Global Item,Iowa,West North Central,2017-10-01,2018-09-30,33.31818181818182
07_2019,IA,H_QUIET_HSP,6,27,67,Quietness of Hospital Environment,Individual Item,Iowa,West North Central,2017-10-01,2018-09-30,33.31818181818182
07_2019,IA,H_RECMND,2,22,76,Willingness to Recommend the Hospital,Global Item,Iowa,West North Central,2017-10-01,2018-09-30,33.31818181818182
07_2019,ID,H_CLEAN_HSP,5,14,81,Cleanliness of Hospital Environment,Individual Item,Idaho,Mountain,2017-10-01,2018-09-30,30.72222222222222
07_2019,ID,H_COMP_1,3,15,82,Communication with Nurses,Composite Measure,Idaho,Mountain,2017-10-01,2018-09-30,30.72222222222222
07_2019,ID,H_COMP_2,3,13,84,Communication with Doctors,Composite Measure,Idaho,Mountain,2017-10-01,2018-09-30,30.72222222222222
07_2019,ID,H_COMP_3,5,20,75,Responsiveness of Hospital Staff,Composite Measure,Idaho,Mountain,2017-10-01,2018-09-30,30.72222222222222
07_2019,ID,H_COMP_5,14,17,69,Communication about Medicines,Composite Measure,Idaho,Mountain,2017-10-01,2018-09-30,30.72222222222222
07_2019,ID,H_COMP_6,11,0,89,Discharge Information,Composite Measure,Idaho,Mountain,2017-10-01,2018-09-30,30.72222222222222
07_2019,ID,H_COMP_7,4,40,56,Care Transition,Composite Measure,Idaho,Mountain,2017-10-01,2018-09-30,30.72222222222222
07_2019,ID,H_HSP_RATING,6,17,77,Overall Hospital Rating,Global Item,Idaho,Mountain,2017-10-01,2018-09-30,30.72222222222222
07_2019,ID,H_QUIET_HSP,8,29,63,Quietness of Hospital Environment,Individual Item,Idaho,Mountain,2017-10-01,2018-09-30,30.72222222222222
07_2019,ID,H_RECMND,3,21,76,Willingness to Recommend the Hospital,Global Item,Idaho,Mountain,2017-10-01,2018-09-30,30.72222222222222
07_2019,IL,H_CLEAN_HSP,7,17,76,Cleanliness of Hospital Environment,Individual Item,Illinois,East North Central,2017-10-01,2018-09-30,26.134078212290504
07_2019,IL,H_COMP_1,4,15,81,Communication with Nurses,Composite Measure,Illinois,East North Central,2017-10-01,2018-09-30,26.134078212290504
07_2019,IL,H_COMP_2,5,14,81,Communication with Doctors,Composite Measure,Illinois,East North Central,2017-10-01,2018-09-30,26.134078212290504
07_2019,IL,H_COMP_3,8,23,69,Responsiveness of Hospital Staff,Composite Measure,Illinois,East North Central,2017-10-01,2018-09-30,26.134078212290504
07_2019,IL,H_COMP_5,17,17,66,Communication about Medicines,Composite Measure,Illinois,East North Central,2017-10-01,2018-09-30,26.134078212290504
07_2019,IL,H_COMP_6,13,0,87,Discharge Information,Composite Measure,Illinois,East North Central,2017-10-01,2018-09-30,26.134078212290504
07_2019,IL,H_COMP_7,5,42,53,Care Transition,Composite Measure,Illinois,East North Central,2017-10-01,2018-09-30,26.134078212290504
07_2019,IL,H_HSP_RATING,8,20,72,Overall Hospital Rating,Global Item,Illinois,East North Central,2017-10-01,2018-09-30,26.134078212290504
07_2019,IL,H_QUIET_HSP,9,29,62,Quietness of Hospital Environment,Individual Item,Illinois,East North Central,2017-10-01,2018-09-30,26.134078212290504
07_2019,IL,H_RECMND,5,25,70,Willingness to Recommend the Hospital,Global Item,Illinois,East North Central,2017-10-01,2018-09-30,26.134078212290504
07_2019,IN,H_CLEAN_HSP,6,17,77,Cleanliness of Hospital Environment,Individual Item,Indiana,East North Central,2017-10-01,2018-09-30,28.41592920353982
07_2019,IN,H_COMP_1,3,16,81,Communication with Nurses,Composite Measure,Indiana,East North Central,2017-10-01,2018-09-30,28.41592920353982
07_2019,IN,H_COMP_2,4,15,81,Communication with Doctors,Composite Measure,Indiana,East North Central,2017-10-01,2018-09-30,28.41592920353982
07_2019,IN,H_COMP_3,7,22,71,Responsiveness of Hospital Staff,Composite Measure,Indiana,East North Central,2017-10-01,2018-09-30,28.41592920353982
07_2019,IN,H_COMP_5,17,18,65,Communication about Medicines,Composite Measure,Indiana,East North Central,2017-10-01,2018-09-30,28.41592920353982
07_2019,IN,H_COMP_6,12,0,88,Discharge Information,Composite Measure,Indiana,East North Central,2017-10-01,2018-09-30,28.41592920353982
07_2019,IN,H_COMP_7,4,41,55,Care Transition,Composite Measure,Indiana,East North Central,2017-10-01,2018-09-30,28.41592920353982
07_2019,IN,H_HSP_RATING,7,18,75,Overall Hospital Rating,Global Item,Indiana,East North Central,2017-10-01,2018-09-30,28.41592920353982
07_2019,IN,H_QUIET_HSP,9,30,61,Quietness of Hospital Environment,Individual Item,Indiana,East North Central,2017-10-01,2018-09-30,28.41592920353982
07_2019,IN,H_RECMND,4,23,73,Willingness to Recommend the Hospital,Global Item,Indiana,East North Central,2017-10-01,2018-09-30,28.41592920353982
07_2019,KS,H_CLEAN_HSP,5,15,80,Cleanliness of Hospital Environment,Individual Item,Kansas,West North Central,2017-10-01,2018-09-30,32.22549019607843
07_2019,KS,H_COMP_1,3,14,83,Communication with Nurses,Composite Measure,Kansas,West North Central,2017-10-01,2018-09-30,32.22549019607843
07_2019,KS,H_COMP_2,3,13,84,Communication with Doctors,Composite Measure,Kansas,West North Central,2017-10-01,2018-09-30,32.22549019607843
07_2019,KS,H_COMP_3,5,18,77,Responsiveness of Hospital Staff,Composite Measure,Kansas,West North Central,2017-10-01,2018-09-30,32.22549019607843
07_2019,KS,H_COMP_5,14,18,68,Communication about Medicines,Composite Measure,Kansas,West North Central,2017-10-01,2018-09-30,32.22549019607843
07_2019,KS,H_COMP_6,13,0,87,Discharge Information,Composite Measure,Kansas,West North Central,2017-10-01,2018-09-30,32.22549019607843
07_2019,KS,H_COMP_7,3,40,57,Care Transition,Composite Measure,Kansas,West North Central,2017-10-01,2018-09-30,32.22549019607843
07_2019,KS,H_HSP_RATING,6,16,78,Overall Hospital Rating,Global Item,Kansas,West North Central,2017-10-01,2018-09-30,32.22549019607843
07_2019,KS,H_QUIET_HSP,7,26,67,Quietness of Hospital Environment,Individual Item,Kansas,West North Central,2017-10-01,2018-09-30,32.22549019607843
07_2019,KS,H_RECMND,3,20,77,Willingness to Recommend the Hospital,Global Item,Kansas,West North Central,2017-10-01,2018-09-30,32.22549019607843
07_2019,KY,H_CLEAN_HSP,8,17,75,Cleanliness of Hospital Environment,Individual Item,Kentucky,East South Central,2017-10-01,2018-09-30,23.98780487804878
07_2019,KY,H_COMP_1,4,15,81,Communication with Nurses,Composite Measure,Kentucky,East South Central,2017-10-01,2018-09-30,23.98780487804878
07_2019,KY,H_COMP_2,4,13,83,Communication with Doctors,Composite Measure,Kentucky,East South Central,2017-10-01,2018-09-30,23.98780487804878
07_2019,KY,H_COMP_3,9,21,70,Responsiveness of Hospital Staff,Composite Measure,Kentucky,East South Central,2017-10-01,2018-09-30,23.98780487804878
07_2019,KY,H_COMP_5,17,16,67,Communication about Medicines,Composite Measure,Kentucky,East South Central,2017-10-01,2018-09-30,23.98780487804878
07_2019,KY,H_COMP_6,13,0,87,Discharge Information,Composite Measure,Kentucky,East South Central,2017-10-01,2018-09-30,23.98780487804878
07_2019,KY,H_COMP_7,4,42,54,Care Transition,Composite Measure,Kentucky,East South Central,2017-10-01,2018-09-30,23.98780487804878
07_2019,KY,H_HSP_RATING,8,20,72,Overall Hospital Rating,Global Item,Kentucky,East South Central,2017-10-01,2018-09-30,23.98780487804878
07_2019,KY,H_QUIET_HSP,9,27,64,Quietness of Hospital Environment,Individual Item,Kentucky,East South Central,2017-10-01,2018-09-30,23.98780487804878
07_2019,KY,H_RECMND,5,25,70,Willingness to Recommend the Hospital,Global Item,Kentucky,East South Central,2017-10-01,2018-09-30,23.98780487804878
07_2019,LA,H_CLEAN_HSP,8,15,77,Cleanliness of Hospital Environment,Individual Item,Louisiana,West South Central,2017-10-01,2018-09-30,23.514851485148515
07_2019,LA,H_COMP_1,4,11,85,Communication with Nurses,Composite Measure,Louisiana,West South Central,2017-10-01,2018-09-30,23.514851485148515
07_2019,LA,H_COMP_2,4,10,86,Communication with Doctors,Composite Measure,Louisiana,West South Central,2017-10-01,2018-09-30,23.514851485148515
07_2019,LA,H_COMP_3,9,16,75,Responsiveness of Hospital Staff,Composite Measure,Louisiana,West South Central,2017-10-01,2018-09-30,23.514851485148515
07_2019,LA,H_COMP_5,14,15,71,Communication about Medicines,Composite Measure,Louisiana,West South Central,2017-10-01,2018-09-30,23.514851485148515
07_2019,LA,H_COMP_6,13,0,87,Discharge Information,Composite Measure,Louisiana,West South Central,2017-10-01,2018-09-30,23.514851485148515
07_2019,LA,H_COMP_7,4,38,58,Care Transition,Composite Measure,Louisiana,West South Central,2017-10-01,2018-09-30,23.514851485148515
07_2019,LA,H_HSP_RATING,7,16,77,Overall Hospital Rating,Global Item,Louisiana,West South Central,2017-10-01,2018-09-30,23.514851485148515
07_2019,LA,H_QUIET_HSP,7,20,73,Quietness of Hospital Environment,Individual Item,Louisiana,West South Central,2017-10-01,2018-09-30,23.514851485148515
07_2019,LA,H_RECMND,4,20,76,Willingness to Recommend the Hospital,Global Item,Louisiana,West South Central,2017-10-01,2018-09-30,23.514851485148515
07_2019,MA,H_CLEAN_HSP,9,20,71,Cleanliness of Hospital Environment,Individual Item,Massachusetts,New England,2017-10-01,2018-09-30,24.448275862068964
07_2019,MA,H_COMP_1,4,15,81,Communication with Nurses,Composite Measure,Massachusetts,New England,2017-10-01,2018-09-30,24.448275862068964
07_2019,MA,H_COMP_2,5,15,80,Communication with Doctors,Composite Measure,Massachusetts,New England,2017-10-01,2018-09-30,24.448275862068964
07_2019,MA,H_COMP_3,9,26,65,Responsiveness of Hospital Staff,Composite Measure,Massachusetts,New England,2017-10-01,2018-09-30,24.448275862068964
07_2019,MA,H_COMP_5,18,18,64,Communication about Medicines,Composite Measure,Massachusetts,New England,2017-10-01,2018-09-30,24.448275862068964
07_2019,MA,H_COMP_6,11,0,89,Discharge Information,Composite Measure,Massachusetts,New England,2017-10-01,2018-09-30,24.448275862068964
07_2019,MA,H_COMP_7,5,43,52,Care Transition,Composite Measure,Massachusetts,New England,2017-10-01,2018-09-30,24.448275862068964
07_2019,MA,H_HSP_RATING,7,22,71,Overall Hospital Rating,Global Item,Massachusetts,New England,2017-10-01,2018-09-30,24.448275862068964
07_2019,MA,H_QUIET_HSP,15,34,51,Quietness of Hospital Environment,Individual Item,Massachusetts,New England,2017-10-01,2018-09-30,24.448275862068964
07_2019,MA,H_RECMND,5,22,73,Willingness to Recommend the Hospital,Global Item,Massachusetts,New England,2017-10-01,2018-09-30,24.448275862068964
07_2019,MD,H_CLEAN_HSP,11,20,69,Cleanliness of Hospital Environment,Individual Item,Maryland,South Atlantic,2017-10-01,2018-09-30,21.595744680851062
07_2019,MD,H_COMP_1,7,17,76,Communication with Nurses,Composite Measure,Maryland,South Atlantic,2017-10-01,2018-09-30,21.595744680851062
07_2019,MD,H_COMP_2,7,16,77,Communication with Doctors,Composite Measure,Maryland,South Atlantic,2017-10-01,2018-09-30,21.595744680851062
07_2019,MD,H_COMP_3,14,26,60,Responsiveness of Hospital Staff,Composite Measure,Maryland,South Atlantic,2017-10-01,2018-09-30,21.595744680851062
07_2019,MD,H_COMP_5,21,18,61,Communication about Medicines,Composite Measure,Maryland,South Atlantic,2017-10-01,2018-09-30,21.595744680851062
07_2019,MD,H_COMP_6,14,0,86,Discharge Information,Composite Measure,Maryland,South Atlantic,2017-10-01,2018-09-30,21.595744680851062
07_2019,MD,H_COMP_7,7,44,49,Care Transition,Composite Measure,Maryland,South Atlantic,2017-10-01,2018-09-30,21.595744680851062
07_2019,MD,H_HSP_RATING,11,24,65,Overall Hospital Rating,Global Item,Maryland,South Atlantic,2017-10-01,2018-09-30,21.595744680851062
07_2019,MD,H_QUIET_HSP,14,30,56,Quietness of Hospital Environment,Individual Item,Maryland,South Atlantic,2017-10-01,2018-09-30,21.595744680851062
07_2019,MD,H_RECMND,8,27,65,Willingness to Recommend the Hospital,Global Item,Maryland,South Atlantic,2017-10-01,2018-09-30,21.595744680851062
07_2019,ME,H_CLEAN_HSP,5,16,79,Cleanliness of Hospital Environment,Individual Item,Maine,New England,2017-10-01,2018-09-30,28.647058823529413
07_2019,ME,H_COMP_1,3,13,84,Communication with Nurses,Composite Measure,Maine,New England,2017-10-01,2018-09-30,28.647058823529413
07_2019,ME,H_COMP_2,4,13,83,Communication with Doctors,Composite Measure,Maine,New England,2017-10-01,2018-09-30,28.647058823529413
07_2019,ME,H_COMP_3,6,21,73,Responsiveness of Hospital Staff,Composite Measure,Maine,New England,2017-10-01,2018-09-30,28.647058823529413
07_2019,ME,H_COMP_5,14,17,69,Communication about Medicines,Composite Measure,Maine,New England,2017-10-01,2018-09-30,28.647058823529413
07_2019,ME,H_COMP_6,11,0,89,Discharge Information,Composite Measure,Maine,New England,2017-10-01,2018-09-30,28.647058823529413
07_2019,ME,H_COMP_7,4,40,56,Care Transition,Composite Measure,Maine,New England,2017-10-01,2018-09-30,28.647058823529413
07_2019,ME,H_HSP_RATING,6,18,76,Overall Hospital Rating,Global Item,Maine,New England,2017-10-01,2018-09-30,28.647058823529413
07_2019,ME,H_QUIET_HSP,9,31,60,Quietness of Hospital Environment,Individual Item,Maine,New England,2017-10-01,2018-09-30,28.647058823529413
07_2019,ME,H_RECMND,4,21,75,Willingness to Recommend the Hospital,Global Item,Maine,New England,2017-10-01,2018-09-30,28.647058823529413
07_2019,MI,H_CLEAN_HSP,7,18,75,Cleanliness of Hospital Environment,Individual Item,Michigan,East North Central,2017-10-01,2018-09-30,30.10236220472441
07_2019,MI,H_COMP_1,4,14,82,Communication with Nurses,Composite Measure,Michigan,East North Central,2017-10-01,2018-09-30,30.10236220472441
07_2019,MI,H_COMP_2,5,15,80,Communication with Doctors,Composite Measure,Michigan,East North Central,2017-10-01,2018-09-30,30.10236220472441
07_2019,MI,H_COMP_3,7,20,73,Responsiveness of Hospital Staff,Composite Measure,Michigan,East North Central,2017-10-01,2018-09-30,30.10236220472441
07_2019,MI,H_COMP_5,16,18,66,Communication about Medicines,Composite Measure,Michigan,East North Central,2017-10-01,2018-09-30,30.10236220472441
07_2019,MI,H_COMP_6,11,0,89,Discharge Information,Composite Measure,Michigan,East North Central,2017-10-01,2018-09-30,30.10236220472441
07_2019,MI,H_COMP_7,5,41,54,Care Transition,Composite Measure,Michigan,East North Central,2017-10-01,2018-09-30,30.10236220472441
07_2019,MI,H_HSP_RATING,7,19,74,Overall Hospital Rating,Global Item,Michigan,East North Central,2017-10-01,2018-09-30,30.10236220472441
07_2019,MI,H_QUIET_HSP,11,29,60,Quietness of Hospital Environment,Individual Item,Michigan,East North Central,2017-10-01,2018-09-30,30.10236220472441
07_2019,MI,H_RECMND,5,24,71,Willingness to Recommend the Hospital,Global Item,Michigan,East North Central,2017-10-01,2018-09-30,30.10236220472441
07_2019,MN,H_CLEAN_HSP,5,15,80,Cleanliness of Hospital Environment,Individual Item,Minnesota,West North Central,2017-10-01,2018-09-30,33.75
07_2019,MN,H_COMP_1,2,14,84,Communication with Nurses,Composite Measure,Minnesota,West North Central,2017-10-01,2018-09-30,33.75
07_2019,MN,H_COMP_2,3,12,85,Communication with Doctors,Composite Measure,Minnesota,West North Central,2017-10-01,2018-09-30,33.75
07_2019,MN,H_COMP_3,5,19,76,Responsiveness of Hospital Staff,Composite Measure,Minnesota,West North Central,2017-10-01,2018-09-30,33.75
07_2019,MN,H_COMP_5,13,19,68,Communication about Medicines,Composite Measure,Minnesota,West North Central,2017-10-01,2018-09-30,33.75
07_2019,MN,H_COMP_6,11,0,89,Discharge Information,Composite Measure,Minnesota,West North Central,2017-10-01,2018-09-30,33.75
07_2019,MN,H_COMP_7,3,40,57,Care Transition,Composite Measure,Minnesota,West North Central,2017-10-01,2018-09-30,33.75
07_2019,MN,H_HSP_RATING,5,17,78,Overall Hospital Rating,Global Item,Minnesota,West North Central,2017-10-01,2018-09-30,33.75
07_2019,MN,H_QUIET_HSP,6,26,68,Quietness of Hospital Environment,Individual Item,Minnesota,West North Central,2017-10-01,2018-09-30,33.75
07_2019,MN,H_RECMND,3,20,77,Willingness to Recommend the Hospital,Global Item,Minnesota,West North Central,2017-10-01,2018-09-30,33.75
07_2019,MO,H_CLEAN_HSP,7,18,75,Cleanliness of Hospital Environment,Individual Item,Missouri,West North Central,2017-10-01,2018-09-30,27.540816326530614
07_2019,MO,H_COMP_1,4,17,79,Communication with Nurses,Composite Measure,Missouri,West North Central,2017-10-01,2018-09-30,27.540816326530614
07_2019,MO,H_COMP_2,4,15,81,Communication with Doctors,Composite Measure,Missouri,West North Central,2017-10-01,2018-09-30,27.540816326530614
07_2019,MO,H_COMP_3,8,23,69,Responsiveness of Hospital Staff,Composite Measure,Missouri,West North Central,2017-10-01,2018-09-30,27.540816326530614
07_2019,MO,H_COMP_5,17,19,64,Communication about Medicines,Composite Measure,Missouri,West North Central,2017-10-01,2018-09-30,27.540816326530614
07_2019,MO,H_COMP_6,14,0,86,Discharge Information,Composite Measure,Missouri,West North Central,2017-10-01,2018-09-30,27.540816326530614
07_2019,MO,H_COMP_7,5,42,53,Care Transition,Composite Measure,Missouri,West North Central,2017-10-01,2018-09-30,27.540816326530614
07_2019,MO,H_HSP_RATING,8,20,72,Overall Hospital Rating,Global Item,Missouri,West North Central,2017-10-01,2018-09-30,27.540816326530614
07_2019,MO,H_QUIET_HSP,10,29,61,Quietness of Hospital Environment,Individual Item,Missouri,West North Central,2017-10-01,2018-09-30,27.540816326530614
07_2019,MO,H_RECMND,5,25,70,Willingness to Recommend the Hospital,Global Item,Missouri,West North Central,2017-10-01,2018-09-30,27.540816326530614
07_2019,MS,H_CLEAN_HSP,9,15,76,Cleanliness of Hospital Environment,Individual Item,Mississippi,East South Central,2017-10-01,2018-09-30,22.794871794871796
07_2019,MS,H_COMP_1,5,12,83,Communication with Nurses,Composite Measure,Mississippi,East South Central,2017-10-01,2018-09-30,22.794871794871796
07_2019,MS,H_COMP_2,4,10,86,Communication with Doctors,Composite Measure,Mississippi,East South Central,2017-10-01,2018-09-30,22.794871794871796
07_2019,MS,H_COMP_3,10,17,73,Responsiveness of Hospital Staff,Composite Measure,Mississippi,East South Central,2017-10-01,2018-09-30,22.794871794871796
07_2019,MS,H_COMP_5,17,15,68,Communication about Medicines,Composite Measure,Mississippi,East South Central,2017-10-01,2018-09-30,22.794871794871796
07_2019,MS,H_COMP_6,17,0,83,Discharge Information,Composite Measure,Mississippi,East South Central,2017-10-01,2018-09-30,22.794871794871796
07_2019,MS,H_COMP_7,5,43,52,Care Transition,Composite Measure,Mississippi,East South Central,2017-10-01,2018-09-30,22.794871794871796
07_2019,MS,H_HSP_RATING,9,19,72,Overall Hospital Rating,Global Item,Mississippi,East South Central,2017-10-01,2018-09-30,22.794871794871796
07_2019,MS,H_QUIET_HSP,7,20,73,Quietness of Hospital Environment,Individual Item,Mississippi,East South Central,2017-10-01,2018-09-30,22.794871794871796
07_2019,MS,H_RECMND,6,23,71,Willingness to Recommend the Hospital,Global Item,Mississippi,East South Central,2017-10-01,2018-09-30,22.794871794871796
07_2019,MT,H_CLEAN_HSP,8,19,73,Cleanliness of Hospital Environment,Individual Item,Montana,Mountain,2017-10-01,2018-09-30,29.54054054054054
07_2019,MT,H_COMP_1,4,16,80,Communication with Nurses,Composite Measure,Montana,Mountain,2017-10-01,2018-09-30,29.54054054054054
07_2019,MT,H_COMP_2,4,14,82,Communication with Doctors,Composite Measure,Montana,Mountain,2017-10-01,2018-09-30,29.54054054054054
07_2019,MT,H_COMP_3,5,20,75,Responsiveness of Hospital Staff,Composite Measure,Montana,Mountain,2017-10-01,2018-09-30,29.54054054054054
07_2019,MT,H_COMP_5,16,17,67,Communication about Medicines,Composite Measure,Montana,Mountain,2017-10-01,2018-09-30,29.54054054054054
07_2019,MT,H_COMP_6,16,0,84,Discharge Information,Composite Measure,Montana,Mountain,2017-10-01,2018-09-30,29.54054054054054
07_2019,MT,H_COMP_7,5,41,54,Care Transition,Composite Measure,Montana,Mountain,2017-10-01,2018-09-30,29.54054054054054
07_2019,MT,H_HSP_RATING,9,21,70,Overall Hospital Rating,Global Item,Montana,Mountain,2017-10-01,2018-09-30,29.54054054054054
07_2019,MT,H_QUIET_HSP,8,32,60,Quietness of Hospital Environment,Individual Item,Montana,Mountain,2017-10-01,2018-09-30,29.54054054054054
07_2019,MT,H_RECMND,4,26,70,Willingness to Recommend the Hospital,Global Item,Montana,Mountain,2017-10-01,2018-09-30,29.54054054054054
07_2019,NC,H_CLEAN_HSP,9,18,73,Cleanliness of Hospital Environment,Individual Item,North Carolina,South Atlantic,2017-10-01,2018-09-30,22.96969696969697
07_2019,NC,H_COMP_1,4,15,81,Communication with Nurses,Composite Measure,North Carolina,South Atlantic,2017-10-01,2018-09-30,22.96969696969697
07_2019,NC,H_COMP_2,5,13,82,Communication with Doctors,Composite Measure,North Carolina,South Atlantic,2017-10-01,2018-09-30,22.96969696969697
07_2019,NC,H_COMP_3,10,21,69,Responsiveness of Hospital Staff,Composite Measure,North Carolina,South Atlantic,2017-10-01,2018-09-30,22.96969696969697
07_2019,NC,H_COMP_5,17,17,66,Communication about Medicines,Composite Measure,North Carolina,South Atlantic,2017-10-01,2018-09-30,22.96969696969697
07_2019,NC,H_COMP_6,13,0,87,Discharge Information,Composite Measure,North Carolina,South Atlantic,2017-10-01,2018-09-30,22.96969696969697
07_2019,NC,H_COMP_7,5,42,53,Care Transition,Composite Measure,North Carolina,South Atlantic,2017-10-01,2018-09-30,22.96969696969697
07_2019,NC,H_HSP_RATING,8,20,72,Overall Hospital Rating,Global Item,North Carolina,South Atlantic,2017-10-01,2018-09-30,22.96969696969697
07_2019,NC,H_QUIET_HSP,10,27,63,Quietness of Hospital Environment,Individual Item,North Carolina,South Atlantic,2017-10-01,2018-09-30,22.96969696969697
07_2019,NC,H_RECMND,6,24,70,Willingness to Recommend the Hospital,Global Item,North Carolina,South Atlantic,2017-10-01,2018-09-30,22.96969696969697
07_2019,ND,H_CLEAN_HSP,5,15,80,Cleanliness of Hospital Environment,Individual Item,North Dakota,West North Central,2017-10-01,2018-09-30,33.17857142857143
07_2019,ND,H_COMP_1,3,12,85,Communication with Nurses,Composite Measure,North Dakota,West North Central,2017-10-01,2018-09-30,33.17857142857143
07_2019,ND,H_COMP_2,4,11,85,Communication with Doctors,Composite Measure,North Dakota,West North Central,2017-10-01,2018-09-30,33.17857142857143
07_2019,ND,H_COMP_3,5,19,76,Responsiveness of Hospital Staff,Composite Measure,North Dakota,West North Central,2017-10-01,2018-09-30,33.17857142857143
07_2019,ND,H_COMP_5,13,19,68,Communication about Medicines,Composite Measure,North Dakota,West North Central,2017-10-01,2018-09-30,33.17857142857143
07_2019,ND,H_COMP_6,16,0,84,Discharge Information,Composite Measure,North Dakota,West North Central,2017-10-01,2018-09-30,33.17857142857143
07_2019,ND,H_COMP_7,3,40,57,Care Transition,Composite Measure,North Dakota,West North Central,2017-10-01,2018-09-30,33.17857142857143
07_2019,ND,H_HSP_RATING,7,17,76,Overall Hospital Rating,Global Item,North Dakota,West North Central,2017-10-01,2018-09-30,33.17857142857143
07_2019,ND,H_QUIET_HSP,6,25,69,Quietness of Hospital Environment,Individual Item,North Dakota,West North Central,2017-10-01,2018-09-30,33.17857142857143
07_2019,ND,H_RECMND,3,21,76,Willingness to Recommend the Hospital,Global Item,North Dakota,West North Central,2017-10-01,2018-09-30,33.17857142857143
07_2019,NE,H_CLEAN_HSP,5,13,82,Cleanliness of Hospital Environment,Individual Item,Nebraska,West North Central,2017-10-01,2018-09-30,36.84507042253521
07_2019,NE,H_COMP_1,3,14,83,Communication with Nurses,Composite Measure,Nebraska,West North Central,2017-10-01,2018-09-30,36.84507042253521
07_2019,NE,H_COMP_2,3,13,84,Communication with Doctors,Composite Measure,Nebraska,West North Central,2017-10-01,2018-09-30,36.84507042253521
07_2019,NE,H_COMP_3,4,18,78,Responsiveness of Hospital Staff,Composite Measure,Nebraska,West North Central,2017-10-01,2018-09-30,36.84507042253521
07_2019,NE,H_COMP_5,13,18,69,Communication about Medicines,Composite Measure,Nebraska,West North Central,2017-10-01,2018-09-30,36.84507042253521
07_2019,NE,H_COMP_6,11,0,89,Discharge Information,Composite Measure,Nebraska,West North Central,2017-10-01,2018-09-30,36.84507042253521
07_2019,NE,H_COMP_7,3,39,58,Care Transition,Composite Measure,Nebraska,West North Central,2017-10-01,2018-09-30,36.84507042253521
07_2019,NE,H_HSP_RATING,5,17,78,Overall Hospital Rating,Global Item,Nebraska,West North Central,2017-10-01,2018-09-30,36.84507042253521
07_2019,NE,H_QUIET_HSP,5,25,70,Quietness of Hospital Environment,Individual Item,Nebraska,West North Central,2017-10-01,2018-09-30,36.84507042253521
07_2019,NE,H_RECMND,3,20,77,Willingness to Recommend the Hospital,Global Item,Nebraska,West North Central,2017-10-01,2018-09-30,36.84507042253521
07_2019,NH,H_CLEAN_HSP,6,16,78,Cleanliness of Hospital Environment,Individual Item,New Hampshire,New England,2017-10-01,2018-09-30,26.076923076923077
07_2019,NH,H_COMP_1,3,15,82,Communication with Nurses,Composite Measure,New Hampshire,New England,2017-10-01,2018-09-30,26.076923076923077
07_2019,NH,H_COMP_2,4,14,82,Communication with Doctors,Composite Measure,New Hampshire,New England,2017-10-01,2018-09-30,26.076923076923077
07_2019,NH,H_COMP_3,7,22,71,Responsiveness of Hospital Staff,Composite Measure,New Hampshire,New England,2017-10-01,2018-09-30,26.076923076923077
07_2019,NH,H_COMP_5,17,18,65,Communication about Medicines,Composite Measure,New Hampshire,New England,2017-10-01,2018-09-30,26.076923076923077
07_2019,NH,H_COMP_6,11,0,89,Discharge Information,Composite Measure,New Hampshire,New England,2017-10-01,2018-09-30,26.076923076923077
07_2019,NH,H_COMP_7,5,41,54,Care Transition,Composite Measure,New Hampshire,New England,2017-10-01,2018-09-30,26.076923076923077
07_2019,NH,H_HSP_RATING,7,21,72,Overall Hospital Rating,Global Item,New Hampshire,New England,2017-10-01,2018-09-30,26.076923076923077
07_2019,NH,H_QUIET_HSP,12,33,55,Quietness of Hospital Environment,Individual Item,New Hampshire,New England,2017-10-01,2018-09-30,26.076923076923077
07_2019,NH,H_RECMND,5,22,73,Willingness to Recommend the Hospital,Global Item,New Hampshire,New England,2017-10-01,2018-09-30,26.076923076923077
07_2019,NJ,H_CLEAN_HSP,9,21,70,Cleanliness of Hospital Environment,Individual Item,New Jersey,Mid-Atlantic,2017-10-01,2018-09-30,20.384615384615383
07_2019,NJ,H_COMP_1,6,17,77,Communication with Nurses,Composite Measure,New Jersey,Mid-Atlantic,2017-10-01,2018-09-30,20.384615384615383
07_2019,NJ,H_COMP_2,6,17,77,Communication with Doctors,Composite Measure,New Jersey,Mid-Atlantic,2017-10-01,2018-09-30,20.384615384615383
07_2019,NJ,H_COMP_3,13,26,61,Responsiveness of Hospital Staff,Composite Measure,New Jersey,Mid-Atlantic,2017-10-01,2018-09-30,20.384615384615383
07_2019,NJ,H_COMP_5,21,19,60,Communication about Medicines,Composite Measure,New Jersey,Mid-Atlantic,2017-10-01,2018-09-30,20.384615384615383
07_2019,NJ,H_COMP_6,15,0,85,Discharge Information,Composite Measure,New Jersey,Mid-Atlantic,2017-10-01,2018-09-30,20.384615384615383
07_2019,NJ,H_COMP_7,6,46,48,Care Transition,Composite Measure,New Jersey,Mid-Atlantic,2017-10-01,2018-09-30,20.384615384615383
07_2019,NJ,H_HSP_RATING,10,24,66,Overall Hospital Rating,Global Item,New Jersey,Mid-Atlantic,2017-10-01,2018-09-30,20.384615384615383
07_2019,NJ,H_QUIET_HSP,15,32,53,Quietness of Hospital Environment,Individual Item,New Jersey,Mid-Atlantic,2017-10-01,2018-09-30,20.384615384615383
07_2019,NJ,H_RECMND,7,27,66,Willingness to Recommend the Hospital,Global Item,New Jersey,Mid-Atlantic,2017-10-01,2018-09-30,20.384615384615383
07_2019,NM,H_CLEAN_HSP,8,18,74,Cleanliness of Hospital Environment,Individual Item,New Mexico,Mountain,2017-10-01,2018-09-30,20.6
07_2019,NM,H_COMP_1,5,16,79,Communication with Nurses,Composite Measure,New Mexico,Mountain,2017-10-01,2018-09-30,20.6
07_2019,NM,H_COMP_2,6,14,80,Communication with Doctors,Composite Measure,New Mexico,Mountain,2017-10-01,2018-09-30,20.6
07_2019,NM,H_COMP_3,9,21,70,Responsiveness of Hospital Staff,Composite Measure,New Mexico,Mountain,2017-10-01,2018-09-30,20.6
07_2019,NM,H_COMP_5,17,16,67,Communication about Medicines,Composite Measure,New Mexico,Mountain,2017-10-01,2018-09-30,20.6
07_2019,NM,H_COMP_6,14,0,86,Discharge Information,Composite Measure,New Mexico,Mountain,2017-10-01,2018-09-30,20.6
07_2019,NM,H_COMP_7,6,43,51,Care Transition,Composite Measure,New Mexico,Mountain,2017-10-01,2018-09-30,20.6
07_2019,NM,H_HSP_RATING,9,21,70,Overall Hospital Rating,Global Item,New Mexico,Mountain,2017-10-01,2018-09-30,20.6
07_2019,NM,H_QUIET_HSP,11,26,63,Quietness of Hospital Environment,Individual Item,New Mexico,Mountain,2017-10-01,2018-09-30,20.6
07_2019,NM,H_RECMND,5,27,68,Willingness to Recommend the Hospital,Global Item,New Mexico,Mountain,2017-10-01,2018-09-30,20.6
07_2019,NV,H_CLEAN_HSP,11,17,72,Cleanliness of Hospital Environment,Individual Item,Nevada,Mountain,2017-10-01,2018-09-30,20.1
07_2019,NV,H_COMP_1,8,18,74,Communication with Nurses,Composite Measure,Nevada,Mountain,2017-10-01,2018-09-30,20.1
07_2019,NV,H_COMP_2,11,17,72,Communication with Doctors,Composite Measure,Nevada,Mountain,2017-10-01,2018-09-30,20.1
07_2019,NV,H_COMP_3,13,23,64,Responsiveness of Hospital Staff,Composite Measure,Nevada,Mountain,2017-10-01,2018-09-30,20.1
07_2019,NV,H_COMP_5,21,19,60,Communication about Medicines,Composite Measure,Nevada,Mountain,2017-10-01,2018-09-30,20.1
07_2019,NV,H_COMP_6,16,0,84,Discharge Information,Composite Measure,Nevada,Mountain,2017-10-01,2018-09-30,20.1
07_2019,NV,H_COMP_7,8,45,47,Care Transition,Composite Measure,Nevada,Mountain,2017-10-01,2018-09-30,20.1
07_2019,NV,H_HSP_RATING,10,24,66,Overall Hospital Rating,Global Item,Nevada,Mountain,2017-10-01,2018-09-30,20.1
07_2019,NV,H_QUIET_HSP,15,32,53,Quietness of Hospital Environment,Individual Item,Nevada,Mountain,2017-10-01,2018-09-30,20.1
07_2019,NV,H_RECMND,9,25,66,Willingness to Recommend the Hospital,Global Item,Nevada,Mountain,2017-10-01,2018-09-30,20.1
07_2019,NY,H_CLEAN_HSP,9,20,71,Cleanliness of Hospital Environment,Individual Item,New York,Mid-Atlantic,2017-10-01,2018-09-30,23.18633540372671
07_2019,NY,H_COMP_1,6,17,77,Communication with Nurses,Composite Measure,New York,Mid-Atlantic,2017-10-01,2018-09-30,23.18633540372671
07_2019,NY,H_COMP_2,6,16,78,Communication with Doctors,Composite Measure,New York,Mid-Atlantic,2017-10-01,2018-09-30,23.18633540372671
07_2019,NY,H_COMP_3,12,25,63,Responsiveness of Hospital Staff,Composite Measure,New York,Mid-Atlantic,2017-10-01,2018-09-30,23.18633540372671
07_2019,NY,H_COMP_5,21,18,61,Communication about Medicines,Composite Measure,New York,Mid-Atlantic,2017-10-01,2018-09-30,23.18633540372671
07_2019,NY,H_COMP_6,15,0,85,Discharge Information,Composite Measure,New York,Mid-Atlantic,2017-10-01,2018-09-30,23.18633540372671
07_2019,NY,H_COMP_7,6,45,49,Care Transition,Composite Measure,New York,Mid-Atlantic,2017-10-01,2018-09-30,23.18633540372671
07_2019,NY,H_HSP_RATING,11,23,66,Overall Hospital Rating,Global Item,New York,Mid-Atlantic,2017-10-01,2018-09-30,23.18633540372671
07_2019,NY,H_QUIET_HSP,15,33,52,Quietness of Hospital Environment,Individual Item,New York,Mid-Atlantic,2017-10-01,2018-09-30,23.18633540372671
07_2019,NY,H_RECMND,7,27,66,Willingness to Recommend the Hospital,Global Item,New York,Mid-Atlantic,2017-10-01,2018-09-30,23.18633540372671
07_2019,OH,H_CLEAN_HSP,7,18,75,Cleanliness of Hospital Environment,Individual Item,Ohio,East North Central,2017-10-01,2018-09-30,27.66025641025641
07_2019,OH,H_COMP_1,3,15,82,Communication with Nurses,Composite Measure,Ohio,East North Central,2017-10-01,2018-09-30,27.66025641025641
07_2019,OH,H_COMP_2,4,16,80,Communication with Doctors,Composite Measure,Ohio,East North Central,2017-10-01,2018-09-30,27.66025641025641
07_2019,OH,H_COMP_3,7,23,70,Responsiveness of Hospital Staff,Composite Measure,Ohio,East North Central,2017-10-01,2018-09-30,27.66025641025641
07_2019,OH,H_COMP_5,17,18,65,Communication about Medicines,Composite Measure,Ohio,East North Central,2017-10-01,2018-09-30,27.66025641025641
07_2019,OH,H_COMP_6,11,0,89,Discharge Information,Composite Measure,Ohio,East North Central,2017-10-01,2018-09-30,27.66025641025641
07_2019,OH,H_COMP_7,5,42,53,Care Transition,Composite Measure,Ohio,East North Central,2017-10-01,2018-09-30,27.66025641025641
07_2019,OH,H_HSP_RATING,7,19,74,Overall Hospital Rating,Global Item,Ohio,East North Central,2017-10-01,2018-09-30,27.66025641025641
07_2019,OH,H_QUIET_HSP,9,32,59,Quietness of Hospital Environment,Individual Item,Ohio,East North Central,2017-10-01,2018-09-30,27.66025641025641
07_2019,OH,H_RECMND,4,25,71,Willingness to Recommend the Hospital,Global Item,Ohio,East North Central,2017-10-01,2018-09-30,27.66025641025641
07_2019,OK,H_CLEAN_HSP,7,16,77,Cleanliness of Hospital Environment,Individual Item,Oklahoma,West South Central,2017-10-01,2018-09-30,26.06451612903226
07_2019,OK,H_COMP_1,4,15,81,Communication with Nurses,Composite Measure,Oklahoma,West South Central,2017-10-01,2018-09-30,26.06451612903226
07_2019,OK,H_COMP_2,4,13,83,Communication with Doctors,Composite Measure,Oklahoma,West South Central,2017-10-01,2018-09-30,26.06451612903226
07_2019,OK,H_COMP_3,7,19,74,Responsiveness of Hospital Staff,Composite Measure,Oklahoma,West South Central,2017-10-01,2018-09-30,26.06451612903226
07_2019,OK,H_COMP_5,15,16,69,Communication about Medicines,Composite Measure,Oklahoma,West South Central,2017-10-01,2018-09-30,26.06451612903226
07_2019,OK,H_COMP_6,14,0,86,Discharge Information,Composite Measure,Oklahoma,West South Central,2017-10-01,2018-09-30,26.06451612903226
07_2019,OK,H_COMP_7,5,41,54,Care Transition,Composite Measure,Oklahoma,West South Central,2017-10-01,2018-09-30,26.06451612903226
07_2019,OK,H_HSP_RATING,7,19,74,Overall Hospital Rating,Global Item,Oklahoma,West South Central,2017-10-01,2018-09-30,26.06451612903226
07_2019,OK,H_QUIET_HSP,8,25,67,Quietness of Hospital Environment,Individual Item,Oklahoma,West South Central,2017-10-01,2018-09-30,26.06451612903226
07_2019,OK,H_RECMND,5,23,72,Willingness to Recommend the Hospital,Global Item,Oklahoma,West South Central,2017-10-01,2018-09-30,26.06451612903226
07_2019,OR,H_CLEAN_HSP,6,18,76,Cleanliness of Hospital Environment,Individual Item,Oregon,Pacific,2017-10-01,2018-09-30,25.372881355932204
07_2019,OR,H_COMP_1,3,16,81,Communication with Nurses,Composite Measure,Oregon,Pacific,2017-10-01,2018-09-30,25.372881355932204
07_2019,OR,H_COMP_2,4,14,82,Communication with Doctors,Composite Measure,Oregon,Pacific,2017-10-01,2018-09-30,25.372881355932204
07_2019,OR,H_COMP_3,6,22,72,Responsiveness of Hospital Staff,Composite Measure,Oregon,Pacific,2017-10-01,2018-09-30,25.372881355932204
07_2019,OR,H_COMP_5,14,18,68,Communication about Medicines,Composite Measure,Oregon,Pacific,2017-10-01,2018-09-30,25.372881355932204
07_2019,OR,H_COMP_6,11,0,89,Discharge Information,Composite Measure,Oregon,Pacific,2017-10-01,2018-09-30,25.372881355932204
07_2019,OR,H_COMP_7,4,41,55,Care Transition,Composite Measure,Oregon,Pacific,2017-10-01,2018-09-30,25.372881355932204
07_2019,OR,H_HSP_RATING,6,20,74,Overall Hospital Rating,Global Item,Oregon,Pacific,2017-10-01,2018-09-30,25.372881355932204
07_2019,OR,H_QUIET_HSP,10,33,57,Quietness of Hospital Environment,Individual Item,Oregon,Pacific,2017-10-01,2018-09-30,25.372881355932204
07_2019,OR,H_RECMND,4,22,74,Willingness to Recommend the Hospital,Global Item,Oregon,Pacific,2017-10-01,2018-09-30,25.372881355932204
07_2019,PA,H_CLEAN_HSP,8,18,74,Cleanliness of Hospital Environment,Individual Item,Pennsylvania,Mid-Atlantic,2017-10-01,2018-09-30,30.35185185185185
07_2019,PA,H_COMP_1,4,15,81,Communication with Nurses,Composite Measure,Pennsylvania,Mid-Atlantic,2017-10-01,2018-09-30,30.35185185185185
07_2019,PA,H_COMP_2,4,15,81,Communication with Doctors,Composite Measure,Pennsylvania,Mid-Atlantic,2017-10-01,2018-09-30,30.35185185185185
07_2019,PA,H_COMP_3,8,23,69,Responsiveness of Hospital Staff,Composite Measure,Pennsylvania,Mid-Atlantic,2017-10-01,2018-09-30,30.35185185185185
07_2019,PA,H_COMP_5,18,18,64,Communication about Medicines,Composite Measure,Pennsylvania,Mid-Atlantic,2017-10-01,2018-09-30,30.35185185185185
07_2019,PA,H_COMP_6,12,0,88,Discharge Information,Composite Measure,Pennsylvania,Mid-Atlantic,2017-10-01,2018-09-30,30.35185185185185
07_2019,PA,H_COMP_7,5,43,52,Care Transition,Composite Measure,Pennsylvania,Mid-Atlantic,2017-10-01,2018-09-30,30.35185185185185
07_2019,PA,H_HSP_RATING,8,21,71,Overall Hospital Rating,Global Item,Pennsylvania,Mid-Atlantic,2017-10-01,2018-09-30,30.35185185185185
07_2019,PA,H_QUIET_HSP,12,32,56,Quietness of Hospital Environment,Individual Item,Pennsylvania,Mid-Atlantic,2017-10-01,2018-09-30,30.35185185185185
07_2019,PA,H_RECMND,5,25,70,Willingness to Recommend the Hospital,Global Item,Pennsylvania,Mid-Atlantic,2017-10-01,2018-09-30,30.35185185185185
07_2019,RI,H_CLEAN_HSP,7,18,75,Cleanliness of Hospital Environment,Individual Item,Rhode Island,New England,2017-10-01,2018-09-30,27.0
07_2019,RI,H_COMP_1,4,15,81,Communication with Nurses,Composite Measure,Rhode Island,New England,2017-10-01,2018-09-30,27.0
07_2019,RI,H_COMP_2,5,14,81,Communication with Doctors,Composite Measure,Rhode Island,New England,2017-10-01,2018-09-30,27.0
07_2019,RI,H_COMP_3,10,23,67,Responsiveness of Hospital Staff,Composite Measure,Rhode Island,New England,2017-10-01,2018-09-30,27.0
07_2019,RI,H_COMP_5,19,17,64,Communication about Medicines,Composite Measure,Rhode Island,New England,2017-10-01,2018-09-30,27.0
07_2019,RI,H_COMP_6,13,0,87,Discharge Information,Composite Measure,Rhode Island,New England,2017-10-01,2018-09-30,27.0
07_2019,RI,H_COMP_7,5,43,52,Care Transition,Composite Measure,Rhode Island,New England,2017-10-01,2018-09-30,27.0
07_2019,RI,H_HSP_RATING,8,20,72,Overall Hospital Rating,Global Item,Rhode Island,New England,2017-10-01,2018-09-30,27.0
07_2019,RI,H_QUIET_HSP,14,32,54,Quietness of Hospital Environment,Individual Item,Rhode Island,New England,2017-10-01,2018-09-30,27.0
07_2019,RI,H_RECMND,5,22,73,Willingness to Recommend the Hospital,Global Item,Rhode Island,New England,2017-10-01,2018-09-30,27.0
07_2019,SC,H_CLEAN_HSP,10,19,71,Cleanliness of Hospital Environment,Individual Item,South Carolina,South Atlantic,2017-10-01,2018-09-30,22.36842105263158
07_2019,SC,H_COMP_1,5,14,81,Communication with Nurses,Composite Measure,South Carolina,South Atlantic,2017-10-01,2018-09-30,22.36842105263158
07_2019,SC,H_COMP_2,4,13,83,Communication with Doctors,Composite Measure,South Carolina,South Atlantic,2017-10-01,2018-09-30,22.36842105263158
07_2019,SC,H_COMP_3,10,21,69,Responsiveness of Hospital Staff,Composite Measure,South Carolina,South Atlantic,2017-10-01,2018-09-30,22.36842105263158
07_2019,SC,H_COMP_5,17,16,67,Communication about Medicines,Composite Measure,South Carolina,South Atlantic,2017-10-01,2018-09-30,22.36842105263158
07_2019,SC,H_COMP_6,13,0,87,Discharge Information,Composite Measure,South Carolina,South Atlantic,2017-10-01,2018-09-30,22.36842105263158
07_2019,SC,H_COMP_7,5,41,54,Care Transition,Composite Measure,South Carolina,South Atlantic,2017-10-01,2018-09-30,22.36842105263158
07_2019,SC,H_HSP_RATING,8,20,72,Overall Hospital Rating,Global Item,South Carolina,South Atlantic,2017-10-01,2018-09-30,22.36842105263158
07_2019,SC,H_QUIET_HSP,8,27,65,Quietness of Hospital Environment,Individual Item,South Carolina,South Atlantic,2017-10-01,2018-09-30,22.36842105263158
07_2019,SC,H_RECMND,6,23,71,Willingness to Recommend the Hospital,Global Item,South Carolina,South Atlantic,2017-10-01,2018-09-30,22.36842105263158
07_2019,SD,H_CLEAN_HSP,5,14,81,Cleanliness of Hospital Environment,Individual Item,South Dakota,West North Central,2017-10-01,2018-09-30,31.048780487804876
07_2019,SD,H_COMP_1,3,14,83,Communication with Nurses,Composite Measure,South Dakota,West North Central,2017-10-01,2018-09-30,31.048780487804876
07_2019,SD,H_COMP_2,4,13,83,Communication with Doctors,Composite Measure,South Dakota,West North Central,2017-10-01,2018-09-30,31.048780487804876
07_2019,SD,H_COMP_3,5,15,80,Responsiveness of Hospital Staff,Composite Measure,South Dakota,West North Central,2017-10-01,2018-09-30,31.048780487804876
07_2019,SD,H_COMP_5,11,18,71,Communication about Medicines,Composite Measure,South Dakota,West North Central,2017-10-01,2018-09-30,31.048780487804876
07_2019,SD,H_COMP_6,13,0,87,Discharge Information,Composite Measure,South Dakota,West North Central,2017-10-01,2018-09-30,31.048780487804876
07_2019,SD,H_COMP_7,3,41,56,Care Transition,Composite Measure,South Dakota,West North Central,2017-10-01,2018-09-30,31.048780487804876
07_2019,SD,H_HSP_RATING,7,16,77,Overall Hospital Rating,Global Item,South Dakota,West North Central,2017-10-01,2018-09-30,31.048780487804876
07_2019,SD,H_QUIET_HSP,6,25,69,Quietness of Hospital Environment,Individual Item,South Dakota,West North Central,2017-10-01,2018-09-30,31.048780487804876
07_2019,SD,H_RECMND,3,20,77,Willingness to Recommend the Hospital,Global Item,South Dakota,West North Central,2017-10-01,2018-09-30,31.048780487804876
07_2019,TN,H_CLEAN_HSP,8,17,75,Cleanliness of Hospital Environment,Individual Item,Tennessee,East South Central,2017-10-01,2018-09-30,26.408163265306122
07_2019,TN,H_COMP_1,5,14,81,Communication with Nurses,Composite Measure,Tennessee,East South Central,2017-10-01,2018-09-30,26.408163265306122
07_2019,TN,H_COMP_2,5,12,83,Communication with Doctors,Composite Measure,Tennessee,East South Central,2017-10-01,2018-09-30,26.408163265306122
07_2019,TN,H_COMP_3,9,19,72,Responsiveness of Hospital Staff,Composite Measure,Tennessee,East South Central,2017-10-01,2018-09-30,26.408163265306122
07_2019,TN,H_COMP_5,16,17,67,Communication about Medicines,Composite Measure,Tennessee,East South Central,2017-10-01,2018-09-30,26.408163265306122
07_2019,TN,H_COMP_6,13,0,87,Discharge Information,Composite Measure,Tennessee,East South Central,2017-10-01,2018-09-30,26.408163265306122
07_2019,TN,H_COMP_7,5,41,54,Care Transition,Composite Measure,Tennessee,East South Central,2017-10-01,2018-09-30,26.408163265306122
07_2019,TN,H_HSP_RATING,8,19,73,Overall Hospital Rating,Global Item,Tennessee,East South Central,2017-10-01,2018-09-30,26.408163265306122
07_2019,TN,H_QUIET_HSP,8,26,66,Quietness of Hospital Environment,Individual Item,Tennessee,East South Central,2017-10-01,2018-09-30,26.408163265306122
07_2019,TN,H_RECMND,5,23,72,Willingness to Recommend the Hospital,Global Item,Tennessee,East South Central,2017-10-01,2018-09-30,26.408163265306122
07_2019,TX,H_CLEAN_HSP,7,16,77,Cleanliness of Hospital Environment,Individual Item,Texas,West South Central,2017-10-01,2018-09-30,22.077639751552795
07_2019,TX,H_COMP_1,4,15,81,Communication with Nurses,Composite Measure,Texas,West South Central,2017-10-01,2018-09-30,22.077639751552795
07_2019,TX,H_COMP_2,5,13,82,Communication with Doctors,Composite Measure,Texas,West South Central,2017-10-01,2018-09-30,22.077639751552795
07_2019,TX,H_COMP_3,8,20,72,Responsiveness of Hospital Staff,Composite Measure,Texas,West South Central,2017-10-01,2018-09-30,22.077639751552795
07_2019,TX,H_COMP_5,16,16,68,Communication about Medicines,Composite Measure,Texas,West South Central,2017-10-01,2018-09-30,22.077639751552795
07_2019,TX,H_COMP_6,13,0,87,Discharge Information,Composite Measure,Texas,West South Central,2017-10-01,2018-09-30,22.077639751552795
07_2019,TX,H_COMP_7,5,41,54,Care Transition,Composite Measure,Texas,West South Central,2017-10-01,2018-09-30,22.077639751552795
07_2019,TX,H_HSP_RATING,7,18,75,Overall Hospital Rating,Global Item,Texas,West South Central,2017-10-01,2018-09-30,22.077639751552795
07_2019,TX,H_QUIET_HSP,8,24,68,Quietness of Hospital Environment,Individual Item,Texas,West South Central,2017-10-01,2018-09-30,22.077639751552795
07_2019,TX,H_RECMND,5,21,74,Willingness to Recommend the Hospital,Global Item,Texas,West South Central,2017-10-01,2018-09-30,22.077639751552795
07_2019,UT,H_CLEAN_HSP,5,18,77,Cleanliness of Hospital Environment,Individual Item,Utah,Mountain,2017-10-01,2018-09-30,24.6046511627907
07_2019,UT,H_COMP_1,3,16,81,Communication with Nurses,Composite Measure,Utah,Mountain,2017-10-01,2018-09-30,24.6046511627907
07_2019,UT,H_COMP_2,3,15,82,Communication with Doctors,Composite Measure,Utah,Mountain,2017-10-01,2018-09-30,24.6046511627907
07_2019,UT,H_COMP_3,6,23,71,Responsiveness of Hospital Staff,Composite Measure,Utah,Mountain,2017-10-01,2018-09-30,24.6046511627907
07_2019,UT,H_COMP_5,15,19,66,Communication about Medicines,Composite Measure,Utah,Mountain,2017-10-01,2018-09-30,24.6046511627907
07_2019,UT,H_COMP_6,11,0,89,Discharge Information,Composite Measure,Utah,Mountain,2017-10-01,2018-09-30,24.6046511627907
07_2019,UT,H_COMP_7,4,38,58,Care Transition,Composite Measure,Utah,Mountain,2017-10-01,2018-09-30,24.6046511627907
07_2019,UT,H_HSP_RATING,6,17,77,Overall Hospital Rating,Global Item,Utah,Mountain,2017-10-01,2018-09-30,24.6046511627907
07_2019,UT,H_QUIET_HSP,8,30,62,Quietness of Hospital Environment,Individual Item,Utah,Mountain,2017-10-01,2018-09-30,24.6046511627907
07_2019,UT,H_RECMND,4,19,77,Willingness to Recommend the Hospital,Global Item,Utah,Mountain,2017-10-01,2018-09-30,24.6046511627907
07_2019,VA,H_CLEAN_HSP,8,18,74,Cleanliness of Hospital Environment,Individual Item,Virginia,South Atlantic,2017-10-01,2018-09-30,23.135802469135804
07_2019,VA,H_COMP_1,4,16,80,Communication with Nurses,Composite Measure,Virginia,South Atlantic,2017-10-01,2018-09-30,23.135802469135804
07_2019,VA,H_COMP_2,5,14,81,Communication with Doctors,Composite Measure,Virginia,South Atlantic,2017-10-01,2018-09-30,23.135802469135804
07_2019,VA,H_COMP_3,10,23,67,Responsiveness of Hospital Staff,Composite Measure,Virginia,South Atlantic,2017-10-01,2018-09-30,23.135802469135804
07_2019,VA,H_COMP_5,18,18,64,Communication about Medicines,Composite Measure,Virginia,South Atlantic,2017-10-01,2018-09-30,23.135802469135804
07_2019,VA,H_COMP_6,12,0,88,Discharge Information,Composite Measure,Virginia,South Atlantic,2017-10-01,2018-09-30,23.135802469135804
07_2019,VA,H_COMP_7,5,44,51,Care Transition,Composite Measure,Virginia,South Atlantic,2017-10-01,2018-09-30,23.135802469135804
07_2019,VA,H_HSP_RATING,8,20,72,Overall Hospital Rating,Global Item,Virginia,South Atlantic,2017-10-01,2018-09-30,23.135802469135804
07_2019,VA,H_QUIET_HSP,10,31,59,Quietness of Hospital Environment,Individual Item,Virginia,South Atlantic,2017-10-01,2018-09-30,23.135802469135804
07_2019,VA,H_RECMND,5,25,70,Willingness to Recommend the Hospital,Global Item,Virginia,South Atlantic,2017-10-01,2018-09-30,23.135802469135804
07_2019,VT,H_CLEAN_HSP,6,17,77,Cleanliness of Hospital Environment,Individual Item,Vermont,New England,2017-10-01,2018-09-30,30.533333333333335
07_2019,VT,H_COMP_1,3,15,82,Communication with Nurses,Composite Measure,Vermont,New England,2017-10-01,2018-09-30,30.533333333333335
07_2019,VT,H_COMP_2,3,14,83,Communication with Doctors,Composite Measure,Vermont,New England,2017-10-01,2018-09-30,30.533333333333335
07_2019,VT,H_COMP_3,6,24,70,Responsiveness of Hospital Staff,Composite Measure,Vermont,New England,2017-10-01,2018-09-30,30.533333333333335
07_2019,VT,H_COMP_5,14,17,69,Communication about Medicines,Composite Measure,Vermont,New England,2017-10-01,2018-09-30,30.533333333333335
07_2019,VT,H_COMP_6,10,0,90,Discharge Information,Composite Measure,Vermont,New England,2017-10-01,2018-09-30,30.533333333333335
07_2019,VT,H_COMP_7,4,41,55,Care Transition,Composite Measure,Vermont,New England,2017-10-01,2018-09-30,30.533333333333335
07_2019,VT,H_HSP_RATING,6,20,74,Overall Hospital Rating,Global Item,Vermont,New England,2017-10-01,2018-09-30,30.533333333333335
07_2019,VT,H_QUIET_HSP,11,36,53,Quietness of Hospital Environment,Individual Item,Vermont,New England,2017-10-01,2018-09-30,30.533333333333335
07_2019,VT,H_RECMND,3,23,74,Willingness to Recommend the Hospital,Global Item,Vermont,New England,2017-10-01,2018-09-30,30.533333333333335
07_2019,WA,H_CLEAN_HSP,7,18,75,Cleanliness of Hospital Environment,Individual Item,Washington,Pacific,2017-10-01,2018-09-30,24.714285714285715
07_2019,WA,H_COMP_1,4,17,79,Communication with Nurses,Composite Measure,Washington,Pacific,2017-10-01,2018-09-30,24.714285714285715
07_2019,WA,H_COMP_2,4,15,81,Communication with Doctors,Composite Measure,Washington,Pacific,2017-10-01,2018-09-30,24.714285714285715
07_2019,WA,H_COMP_3,8,24,68,Responsiveness of Hospital Staff,Composite Measure,Washington,Pacific,2017-10-01,2018-09-30,24.714285714285715
07_2019,WA,H_COMP_5,16,18,66,Communication about Medicines,Composite Measure,Washington,Pacific,2017-10-01,2018-09-30,24.714285714285715
07_2019,WA,H_COMP_6,12,0,88,Discharge Information,Composite Measure,Washington,Pacific,2017-10-01,2018-09-30,24.714285714285715
07_2019,WA,H_COMP_7,5,41,54,Care Transition,Composite Measure,Washington,Pacific,2017-10-01,2018-09-30,24.714285714285715
07_2019,WA,H_HSP_RATING,8,20,72,Overall Hospital Rating,Global Item,Washington,Pacific,2017-10-01,2018-09-30,24.714285714285715
07_2019,WA,H_QUIET_HSP,12,34,54,Quietness of Hospital Environment,Individual Item,Washington,Pacific,2017-10-01,2018-09-30,24.714285714285715
07_2019,WA,H_RECMND,5,23,72,Willingness to Recommend the Hospital,Global Item,Washington,Pacific,2017-10-01,2018-09-30,24.714285714285715
07_2019,WI,H_CLEAN_HSP,5,15,80,Cleanliness of Hospital Environment,Individual Item,Wisconsin,East North Central,2017-10-01,2018-09-30,34.84552845528455
07_2019,WI,H_COMP_1,3,14,83,Communication with Nurses,Composite Measure,Wisconsin,East North Central,2017-10-01,2018-09-30,34.84552845528455
07_2019,WI,H_COMP_2,3,13,84,Communication with Doctors,Composite Measure,Wisconsin,East North Central,2017-10-01,2018-09-30,34.84552845528455
07_2019,WI,H_COMP_3,5,21,74,Responsiveness of Hospital Staff,Composite Measure,Wisconsin,East North Central,2017-10-01,2018-09-30,34.84552845528455
07_2019,WI,H_COMP_5,13,18,69,Communication about Medicines,Composite Measure,Wisconsin,East North Central,2017-10-01,2018-09-30,34.84552845528455
07_2019,WI,H_COMP_6,10,0,90,Discharge Information,Composite Measure,Wisconsin,East North Central,2017-10-01,2018-09-30,34.84552845528455
07_2019,WI,H_COMP_7,4,39,57,Care Transition,Composite Measure,Wisconsin,East North Central,2017-10-01,2018-09-30,34.84552845528455
07_2019,WI,H_HSP_RATING,5,17,78,Overall Hospital Rating,Global Item,Wisconsin,East North Central,2017-10-01,2018-09-30,34.84552845528455
07_2019,WI,H_QUIET_HSP,7,27,66,Quietness of Hospital Environment,Individual Item,Wisconsin,East North Central,2017-10-01,2018-09-30,34.84552845528455
07_2019,WI,H_RECMND,3,21,76,Willingness to Recommend the Hospital,Global Item,Wisconsin,East North Central,2017-10-01,2018-09-30,34.84552845528455
07_2019,WV,H_CLEAN_HSP,7,16,77,Cleanliness of Hospital Environment,Individual Item,West Virginia,South Atlantic,2017-10-01,2018-09-30,26.897959183673468
07_2019,WV,H_COMP_1,4,15,81,Communication with Nurses,Composite Measure,West Virginia,South Atlantic,2017-10-01,2018-09-30,26.897959183673468
07_2019,WV,H_COMP_2,4,13,83,Communication with Doctors,Composite Measure,West Virginia,South Atlantic,2017-10-01,2018-09-30,26.897959183673468
07_2019,WV,H_COMP_3,8,20,72,Responsiveness of Hospital Staff,Composite Measure,West Virginia,South Atlantic,2017-10-01,2018-09-30,26.897959183673468
07_2019,WV,H_COMP_5,16,17,67,Communication about Medicines,Composite Measure,West Virginia,South Atlantic,2017-10-01,2018-09-30,26.897959183673468
07_2019,WV,H_COMP_6,13,0,87,Discharge Information,Composite Measure,West Virginia,South Atlantic,2017-10-01,2018-09-30,26.897959183673468
07_2019,WV,H_COMP_7,5,43,52,Care Transition,Composite Measure,West Virginia,South Atlantic,2017-10-01,2018-09-30,26.897959183673468
07_2019,WV,H_HSP_RATING,8,21,71,Overall Hospital Rating,Global Item,West Virginia,South Atlantic,2017-10-01,2018-09-30,26.897959183673468
07_2019,WV,H_QUIET_HSP,10,30,60,Quietness of Hospital Environment,Individual Item,West Virginia,South Atlantic,2017-10-01,2018-09-30,26.897959183673468
07_2019,WV,H_RECMND,5,25,70,Willingness to Recommend the Hospital,Global Item,West Virginia,South Atlantic,2017-10-01,2018-09-30,26.897959183673468
07_2019,WY,H_CLEAN_HSP,6,17,77,Cleanliness of Hospital Environment,Individual Item,Wyoming,Mountain,2017-10-01,2018-09-30,27.73913043478261
07_2019,WY,H_COMP_1,3,17,80,Communication with Nurses,Composite Measure,Wyoming,Mountain,2017-10-01,2018-09-30,27.73913043478261
07_2019,WY,H_COMP_2,5,15,80,Communication with Doctors,Composite Measure,Wyoming,Mountain,2017-10-01,2018-09-30,27.73913043478261
07_2019,WY,H_COMP_3,6,18,76,Responsiveness of Hospital Staff,Composite Measure,Wyoming,Mountain,2017-10-01,2018-09-30,27.73913043478261
07_2019,WY,H_COMP_5,14,18,68,Communication about Medicines,Composite Measure,Wyoming,Mountain,2017-10-01,2018-09-30,27.73913043478261
07_2019,WY,H_COMP_6,13,0,87,Discharge Information,Composite Measure,Wyoming,Mountain,2017-10-01,2018-09-30,27.73913043478261
07_2019,WY,H_COMP_7,5,40,55,Care Transition,Composite Measure,Wyoming,Mountain,2017-10-01,2018-09-30,27.73913043478261
07_2019,WY,H_HSP_RATING,8,21,71,Overall Hospital Rating,Global Item,Wyoming,Mountain,2017-10-01,2018-09-30,27.73913043478261
07_2019,WY,H_QUIET_HSP,8,30,62,Quietness of Hospital Environment,Individual Item,Wyoming,Mountain,2017-10-01,2018-09-30,27.73913043478261
07_2019,WY,H_RECMND,4,26,70,Willingness to Recommend the Hospital,Global Item,Wyoming,Mountain,2017-10-01,2018-09-30,27.73913043478261
07_2020,AK,H_CLEAN_HSP,7,19,74,Cleanliness of Hospital Environment,Individual Item,Alaska,Pacific,2018-10-01,2019-09-30,20.928571428571427
07_2020,AK,H_COMP_1,4,18,78,Communication with Nurses,Composite Measure,Alaska,Pacific,2018-10-01,2019-09-30,20.928571428571427
07_2020,AK,H_COMP_2,4,14,82,Communication with Doctors,Composite Measure,Alaska,Pacific,2018-10-01,2019-09-30,20.928571428571427
07_2020,AK,H_COMP_3,7,20,73,Responsiveness of Hospital Staff,Composite Measure,Alaska,Pacific,2018-10-01,2019-09-30,20.928571428571427
07_2020,AK,H_COMP_5,17,17,66,Communication about Medicines,Composite Measure,Alaska,Pacific,2018-10-01,2019-09-30,20.928571428571427
07_2020,AK,H_COMP_6,11,0,89,Discharge Information,Composite Measure,Alaska,Pacific,2018-10-01,2019-09-30,20.928571428571427
07_2020,AK,H_COMP_7,4,45,51,Care Transition,Composite Measure,Alaska,Pacific,2018-10-01,2019-09-30,20.928571428571427
07_2020,AK,H_HSP_RATING,8,19,73,Overall Hospital Rating,Global Item,Alaska,Pacific,2018-10-01,2019-09-30,20.928571428571427
07_2020,AK,H_QUIET_HSP,9,32,59,Quietness of Hospital Environment,Individual Item,Alaska,Pacific,2018-10-01,2019-09-30,20.928571428571427
07_2020,AK,H_RECMND,5,21,74,Willingness to Recommend the Hospital,Global Item,Alaska,Pacific,2018-10-01,2019-09-30,20.928571428571427
07_2020,AL,H_CLEAN_HSP,9,16,75,Cleanliness of Hospital Environment,Individual Item,Alabama,East South Central,2018-10-01,2019-09-30,24.048192771084338
07_2020,AL,H_COMP_1,6,13,81,Communication with Nurses,Composite Measure,Alabama,East South Central,2018-10-01,2019-09-30,24.048192771084338
07_2020,AL,H_COMP_2,5,11,84,Communication with Doctors,Composite Measure,Alabama,East South Central,2018-10-01,2019-09-30,24.048192771084338
07_2020,AL,H_COMP_3,10,17,73,Responsiveness of Hospital Staff,Composite Measure,Alabama,East South Central,2018-10-01,2019-09-30,24.048192771084338
07_2020,AL,H_COMP_5,16,15,69,Communication about Medicines,Composite Measure,Alabama,East South Central,2018-10-01,2019-09-30,24.048192771084338
07_2020,AL,H_COMP_6,15,0,85,Discharge Information,Composite Measure,Alabama,East South Central,2018-10-01,2019-09-30,24.048192771084338
07_2020,AL,H_COMP_7,5,42,53,Care Transition,Composite Measure,Alabama,East South Central,2018-10-01,2019-09-30,24.048192771084338
07_2020,AL,H_HSP_RATING,8,19,73,Overall Hospital Rating,Global Item,Alabama,East South Central,2018-10-01,2019-09-30,24.048192771084338
07_2020,AL,H_QUIET_HSP,7,23,70,Quietness of Hospital Environment,Individual Item,Alabama,East South Central,2018-10-01,2019-09-30,24.048192771084338
07_2020,AL,H_RECMND,6,24,70,Willingness to Recommend the Hospital,Global Item,Alabama,East South Central,2018-10-01,2019-09-30,24.048192771084338
07_2020,AR,H_CLEAN_HSP,7,17,76,Cleanliness of Hospital Environment,Individual Item,Arkansas,West South Central,2018-10-01,2019-09-30,24.442857142857143
07_2020,AR,H_COMP_1,4,15,81,Communication with Nurses,Composite Measure,Arkansas,West South Central,2018-10-01,2019-09-30,24.442857142857143
07_2020,AR,H_COMP_2,4,12,84,Communication with Doctors,Composite Measure,Arkansas,West South Central,2018-10-01,2019-09-30,24.442857142857143
07_2020,AR,H_COMP_3,8,20,72,Responsiveness of Hospital Staff,Composite Measure,Arkansas,West South Central,2018-10-01,2019-09-30,24.442857142857143
07_2020,AR,H_COMP_5,18,16,66,Communication about Medicines,Composite Measure,Arkansas,West South Central,2018-10-01,2019-09-30,24.442857142857143
07_2020,AR,H_COMP_6,15,0,85,Discharge Information,Composite Measure,Arkansas,West South Central,2018-10-01,2019-09-30,24.442857142857143
07_2020,AR,H_COMP_7,5,42,53,Care Transition,Composite Measure,Arkansas,West South Central,2018-10-01,2019-09-30,24.442857142857143
07_2020,AR,H_HSP_RATING,7,21,72,Overall Hospital Rating,Global Item,Arkansas,West South Central,2018-10-01,2019-09-30,24.442857142857143
07_2020,AR,H_QUIET_HSP,7,27,66,Quietness of Hospital Environment,Individual Item,Arkansas,West South Central,2018-10-01,2019-09-30,24.442857142857143
07_2020,AR,H_RECMND,5,24,71,Willingness to Recommend the Hospital,Global Item,Arkansas,West South Central,2018-10-01,2019-09-30,24.442857142857143
07_2020,AZ,H_CLEAN_HSP,9,19,72,Cleanliness of Hospital Environment,Individual Item,Arizona,Mountain,2018-10-01,2019-09-30,26.704225352112676
07_2020,AZ,H_COMP_1,6,17,77,Communication with Nurses,Composite Measure,Arizona,Mountain,2018-10-01,2019-09-30,26.704225352112676
07_2020,AZ,H_COMP_2,7,17,76,Communication with Doctors,Composite Measure,Arizona,Mountain,2018-10-01,2019-09-30,26.704225352112676
07_2020,AZ,H_COMP_3,10,23,67,Responsiveness of Hospital Staff,Composite Measure,Arizona,Mountain,2018-10-01,2019-09-30,26.704225352112676
07_2020,AZ,H_COMP_5,18,17,65,Communication about Medicines,Composite Measure,Arizona,Mountain,2018-10-01,2019-09-30,26.704225352112676
07_2020,AZ,H_COMP_6,14,0,86,Discharge Information,Composite Measure,Arizona,Mountain,2018-10-01,2019-09-30,26.704225352112676
07_2020,AZ,H_COMP_7,7,42,51,Care Transition,Composite Measure,Arizona,Mountain,2018-10-01,2019-09-30,26.704225352112676
07_2020,AZ,H_HSP_RATING,9,22,69,Overall Hospital Rating,Global Item,Arizona,Mountain,2018-10-01,2019-09-30,26.704225352112676
07_2020,AZ,H_QUIET_HSP,12,31,57,Quietness of Hospital Environment,Individual Item,Arizona,Mountain,2018-10-01,2019-09-30,26.704225352112676
07_2020,AZ,H_RECMND,6,25,69,Willingness to Recommend the Hospital,Global Item,Arizona,Mountain,2018-10-01,2019-09-30,26.704225352112676
07_2020,CA,H_CLEAN_HSP,8,19,73,Cleanliness of Hospital Environment,Individual Item,California,Pacific,2018-10-01,2019-09-30,21.91509433962264
07_2020,CA,H_COMP_1,6,17,77,Communication with Nurses,Composite Measure,California,Pacific,2018-10-01,2019-09-30,21.91509433962264
07_2020,CA,H_COMP_2,6,16,78,Communication with Doctors,Composite Measure,California,Pacific,2018-10-01,2019-09-30,21.91509433962264
07_2020,CA,H_COMP_3,11,25,64,Responsiveness of Hospital Staff,Composite Measure,California,Pacific,2018-10-01,2019-09-30,21.91509433962264
07_2020,CA,H_COMP_5,19,18,63,Communication about Medicines,Composite Measure,California,Pacific,2018-10-01,2019-09-30,21.91509433962264
07_2020,CA,H_COMP_6,14,0,86,Discharge Information,Composite Measure,California,Pacific,2018-10-01,2019-09-30,21.91509433962264
07_2020,CA,H_COMP_7,6,44,50,Care Transition,Composite Measure,California,Pacific,2018-10-01,2019-09-30,21.91509433962264
07_2020,CA,H_HSP_RATING,9,21,70,Overall Hospital Rating,Global Item,California,Pacific,2018-10-01,2019-09-30,21.91509433962264
07_2020,CA,H_QUIET_HSP,16,33,51,Quietness of Hospital Environment,Individual Item,California,Pacific,2018-10-01,2019-09-30,21.91509433962264
07_2020,CA,H_RECMND,6,23,71,Willingness to Recommend the Hospital,Global Item,California,Pacific,2018-10-01,2019-09-30,21.91509433962264
07_2020,CO,H_CLEAN_HSP,8,16,76,Cleanliness of Hospital Environment,Individual Item,Colorado,Mountain,2018-10-01,2019-09-30,27.364864864864863
07_2020,CO,H_COMP_1,3,15,82,Communication with Nurses,Composite Measure,Colorado,Mountain,2018-10-01,2019-09-30,27.364864864864863
07_2020,CO,H_COMP_2,4,13,83,Communication with Doctors,Composite Measure,Colorado,Mountain,2018-10-01,2019-09-30,27.364864864864863
07_2020,CO,H_COMP_3,6,21,73,Responsiveness of Hospital Staff,Composite Measure,Colorado,Mountain,2018-10-01,2019-09-30,27.364864864864863
07_2020,CO,H_COMP_5,15,17,68,Communication about Medicines,Composite Measure,Colorado,Mountain,2018-10-01,2019-09-30,27.364864864864863
07_2020,CO,H_COMP_6,11,0,89,Discharge Information,Composite Measure,Colorado,Mountain,2018-10-01,2019-09-30,27.364864864864863
07_2020,CO,H_COMP_7,4,40,56,Care Transition,Composite Measure,Colorado,Mountain,2018-10-01,2019-09-30,27.364864864864863
07_2020,CO,H_HSP_RATING,6,17,77,Overall Hospital Rating,Global Item,Colorado,Mountain,2018-10-01,2019-09-30,27.364864864864863
07_2020,CO,H_QUIET_HSP,7,28,65,Quietness of Hospital Environment,Individual Item,Colorado,Mountain,2018-10-01,2019-09-30,27.364864864864863
07_2020,CO,H_RECMND,4,20,76,Willingness to Recommend the Hospital,Global Item,Colorado,Mountain,2018-10-01,2019-09-30,27.364864864864863
07_2020,CT,H_CLEAN_HSP,7,18,75,Cleanliness of Hospital Environment,Individual Item,Connecticut,New England,2018-10-01,2019-09-30,24.037037037037038
07_2020,CT,H_COMP_1,4,16,80,Communication with Nurses,Composite Measure,Connecticut,New England,2018-10-01,2019-09-30,24.037037037037038
07_2020,CT,H_COMP_2,5,15,80,Communication with Doctors,Composite Measure,Connecticut,New England,2018-10-01,2019-09-30,24.037037037037038
07_2020,CT,H_COMP_3,10,25,65,Responsiveness of Hospital Staff,Composite Measure,Connecticut,New England,2018-10-01,2019-09-30,24.037037037037038
07_2020,CT,H_COMP_5,18,17,65,Communication about Medicines,Composite Measure,Connecticut,New England,2018-10-01,2019-09-30,24.037037037037038
07_2020,CT,H_COMP_6,12,0,88,Discharge Information,Composite Measure,Connecticut,New England,2018-10-01,2019-09-30,24.037037037037038
07_2020,CT,H_COMP_7,5,41,54,Care Transition,Composite Measure,Connecticut,New England,2018-10-01,2019-09-30,24.037037037037038
07_2020,CT,H_HSP_RATING,8,21,71,Overall Hospital Rating,Global Item,Connecticut,New England,2018-10-01,2019-09-30,24.037037037037038
07_2020,CT,H_QUIET_HSP,13,32,55,Quietness of Hospital Environment,Individual Item,Connecticut,New England,2018-10-01,2019-09-30,24.037037037037038
07_2020,CT,H_RECMND,5,22,73,Willingness to Recommend the Hospital,Global Item,Connecticut,New England,2018-10-01,2019-09-30,24.037037037037038
07_2020,DC,H_CLEAN_HSP,16,19,65,Cleanliness of Hospital Environment,Individual Item,District of Columbia,South Atlantic,2018-10-01,2019-09-30,19.142857142857142
07_2020,DC,H_COMP_1,11,19,70,Communication with Nurses,Composite Measure,District of Columbia,South Atlantic,2018-10-01,2019-09-30,19.142857142857142
07_2020,DC,H_COMP_2,8,16,76,Communication with Doctors,Composite Measure,District of Columbia,South Atlantic,2018-10-01,2019-09-30,19.142857142857142
07_2020,DC,H_COMP_3,20,25,55,Responsiveness of Hospital Staff,Composite Measure,District of Columbia,South Atlantic,2018-10-01,2019-09-30,19.142857142857142
07_2020,DC,H_COMP_5,22,19,59,Communication about Medicines,Composite Measure,District of Columbia,South Atlantic,2018-10-01,2019-09-30,19.142857142857142
07_2020,DC,H_COMP_6,17,0,83,Discharge Information,Composite Measure,District of Columbia,South Atlantic,2018-10-01,2019-09-30,19.142857142857142
07_2020,DC,H_COMP_7,9,45,46,Care Transition,Composite Measure,District of Columbia,South Atlantic,2018-10-01,2019-09-30,19.142857142857142
07_2020,DC,H_HSP_RATING,16,23,61,Overall Hospital Rating,Global Item,District of Columbia,South Atlantic,2018-10-01,2019-09-30,19.142857142857142
07_2020,DC,H_QUIET_HSP,17,27,56,Quietness of Hospital Environment,Individual Item,District of Columbia,South Atlantic,2018-10-01,2019-09-30,19.142857142857142
07_2020,DC,H_RECMND,12,27,61,Willingness to Recommend the Hospital,Global Item,District of Columbia,South Atlantic,2018-10-01,2019-09-30,19.142857142857142
07_2020,DE,H_CLEAN_HSP,9,19,72,Cleanliness of Hospital Environment,Individual Item,Delaware,South Atlantic,2018-10-01,2019-09-30,23.142857142857142
07_2020,DE,H_COMP_1,5,14,81,Communication with Nurses,Composite Measure,Delaware,South Atlantic,2018-10-01,2019-09-30,23.142857142857142
07_2020,DE,H_COMP_2,5,16,79,Communication with Doctors,Composite Measure,Delaware,South Atlantic,2018-10-01,2019-09-30,23.142857142857142
07_2020,DE,H_COMP_3,9,22,69,Responsiveness of Hospital Staff,Composite Measure,Delaware,South Atlantic,2018-10-01,2019-09-30,23.142857142857142
07_2020,DE,H_COMP_5,18,18,64,Communication about Medicines,Composite Measure,Delaware,South Atlantic,2018-10-01,2019-09-30,23.142857142857142
07_2020,DE,H_COMP_6,13,0,87,Discharge Information,Composite Measure,Delaware,South Atlantic,2018-10-01,2019-09-30,23.142857142857142
07_2020,DE,H_COMP_7,5,42,53,Care Transition,Composite Measure,Delaware,South Atlantic,2018-10-01,2019-09-30,23.142857142857142
07_2020,DE,H_HSP_RATING,8,21,71,Overall Hospital Rating,Global Item,Delaware,South Atlantic,2018-10-01,2019-09-30,23.142857142857142
07_2020,DE,H_QUIET_HSP,11,31,58,Quietness of Hospital Environment,Individual Item,Delaware,South Atlantic,2018-10-01,2019-09-30,23.142857142857142
07_2020,DE,H_RECMND,6,24,70,Willingness to Recommend the Hospital,Global Item,Delaware,South Atlantic,2018-10-01,2019-09-30,23.142857142857142
07_2020,FL,H_CLEAN_HSP,10,19,71,Cleanliness of Hospital Environment,Individual Item,Florida,South Atlantic,2018-10-01,2019-09-30,21.44943820224719
07_2020,FL,H_COMP_1,6,17,77,Communication with Nurses,Composite Measure,Florida,South Atlantic,2018-10-01,2019-09-30,21.44943820224719
07_2020,FL,H_COMP_2,7,16,77,Communication with Doctors,Composite Measure,Florida,South Atlantic,2018-10-01,2019-09-30,21.44943820224719
07_2020,FL,H_COMP_3,12,23,65,Responsiveness of Hospital Staff,Composite Measure,Florida,South Atlantic,2018-10-01,2019-09-30,21.44943820224719
07_2020,FL,H_COMP_5,21,17,62,Communication about Medicines,Composite Measure,Florida,South Atlantic,2018-10-01,2019-09-30,21.44943820224719
07_2020,FL,H_COMP_6,16,0,84,Discharge Information,Composite Measure,Florida,South Atlantic,2018-10-01,2019-09-30,21.44943820224719
07_2020,FL,H_COMP_7,7,42,51,Care Transition,Composite Measure,Florida,South Atlantic,2018-10-01,2019-09-30,21.44943820224719
07_2020,FL,H_HSP_RATING,10,21,69,Overall Hospital Rating,Global Item,Florida,South Atlantic,2018-10-01,2019-09-30,21.44943820224719
07_2020,FL,H_QUIET_HSP,13,29,58,Quietness of Hospital Environment,Individual Item,Florida,South Atlantic,2018-10-01,2019-09-30,21.44943820224719
07_2020,FL,H_RECMND,7,24,69,Willingness to Recommend the Hospital,Global Item,Florida,South Atlantic,2018-10-01,2019-09-30,21.44943820224719
07_2020,GA,H_CLEAN_HSP,9,19,72,Cleanliness of Hospital Environment,Individual Item,Georgia,South Atlantic,2018-10-01,2019-09-30,19.983870967741936
07_2020,GA,H_COMP_1,5,15,80,Communication with Nurses,Composite Measure,Georgia,South Atlantic,2018-10-01,2019-09-30,19.983870967741936
07_2020,GA,H_COMP_2,5,13,82,Communication with Doctors,Composite Measure,Georgia,South Atlantic,2018-10-01,2019-09-30,19.983870967741936
07_2020,GA,H_COMP_3,11,22,67,Responsiveness of Hospital Staff,Composite Measure,Georgia,South Atlantic,2018-10-01,2019-09-30,19.983870967741936
07_2020,GA,H_COMP_5,18,18,64,Communication about Medicines,Composite Measure,Georgia,South Atlantic,2018-10-01,2019-09-30,19.983870967741936
07_2020,GA,H_COMP_6,15,0,85,Discharge Information,Composite Measure,Georgia,South Atlantic,2018-10-01,2019-09-30,19.983870967741936
07_2020,GA,H_COMP_7,6,41,53,Care Transition,Composite Measure,Georgia,South Atlantic,2018-10-01,2019-09-30,19.983870967741936
07_2020,GA,H_HSP_RATING,9,20,71,Overall Hospital Rating,Global Item,Georgia,South Atlantic,2018-10-01,2019-09-30,19.983870967741936
07_2020,GA,H_QUIET_HSP,8,25,67,Quietness of Hospital Environment,Individual Item,Georgia,South Atlantic,2018-10-01,2019-09-30,19.983870967741936
07_2020,GA,H_RECMND,6,24,70,Willingness to Recommend the Hospital,Global Item,Georgia,South Atlantic,2018-10-01,2019-09-30,19.983870967741936
07_2020,HI,H_CLEAN_HSP,5,16,79,Cleanliness of Hospital Environment,Individual Item,Hawaii,Pacific,2018-10-01,2019-09-30,25.071428571428573
07_2020,HI,H_COMP_1,4,15,81,Communication with Nurses,Composite Measure,Hawaii,Pacific,2018-10-01,2019-09-30,25.071428571428573
07_2020,HI,H_COMP_2,3,15,82,Communication with Doctors,Composite Measure,Hawaii,Pacific,2018-10-01,2019-09-30,25.071428571428573
07_2020,HI,H_COMP_3,8,25,67,Responsiveness of Hospital Staff,Composite Measure,Hawaii,Pacific,2018-10-01,2019-09-30,25.071428571428573
07_2020,HI,H_COMP_5,15,17,68,Communication about Medicines,Composite Measure,Hawaii,Pacific,2018-10-01,2019-09-30,25.071428571428573
07_2020,HI,H_COMP_6,16,0,84,Discharge Information,Composite Measure,Hawaii,Pacific,2018-10-01,2019-09-30,25.071428571428573
07_2020,HI,H_COMP_7,5,40,55,Care Transition,Composite Measure,Hawaii,Pacific,2018-10-01,2019-09-30,25.071428571428573
07_2020,HI,H_HSP_RATING,6,24,70,Overall Hospital Rating,Global Item,Hawaii,Pacific,2018-10-01,2019-09-30,25.071428571428573
07_2020,HI,H_QUIET_HSP,10,31,59,Quietness of Hospital Environment,Individual Item,Hawaii,Pacific,2018-10-01,2019-09-30,25.071428571428573
07_2020,HI,H_RECMND,4,25,71,Willingness to Recommend the Hospital,Global Item,Hawaii,Pacific,2018-10-01,2019-09-30,25.071428571428573
07_2020,IA,H_CLEAN_HSP,4,14,82,Cleanliness of Hospital Environment,Individual Item,Iowa,West North Central,2018-10-01,2019-09-30,34.04761904761905
07_2020,IA,H_COMP_1,2,14,84,Communication with Nurses,Composite Measure,Iowa,West North Central,2018-10-01,2019-09-30,34.04761904761905
07_2020,IA,H_COMP_2,3,12,85,Communication with Doctors,Composite Measure,Iowa,West North Central,2018-10-01,2019-09-30,34.04761904761905
07_2020,IA,H_COMP_3,5,21,74,Responsiveness of Hospital Staff,Composite Measure,Iowa,West North Central,2018-10-01,2019-09-30,34.04761904761905
07_2020,IA,H_COMP_5,13,19,68,Communication about Medicines,Composite Measure,Iowa,West North Central,2018-10-01,2019-09-30,34.04761904761905
07_2020,IA,H_COMP_6,11,0,89,Discharge Information,Composite Measure,Iowa,West North Central,2018-10-01,2019-09-30,34.04761904761905
07_2020,IA,H_COMP_7,3,40,57,Care Transition,Composite Measure,Iowa,West North Central,2018-10-01,2019-09-30,34.04761904761905
07_2020,IA,H_HSP_RATING,4,17,79,Overall Hospital Rating,Global Item,Iowa,West North Central,2018-10-01,2019-09-30,34.04761904761905
07_2020,IA,H_QUIET_HSP,6,26,68,Quietness of Hospital Environment,Individual Item,Iowa,West North Central,2018-10-01,2019-09-30,34.04761904761905
07_2020,IA,H_RECMND,3,21,76,Willingness to Recommend the Hospital,Global Item,Iowa,West North Central,2018-10-01,2019-09-30,34.04761904761905
07_2020,ID,H_CLEAN_HSP,6,14,80,Cleanliness of Hospital Environment,Individual Item,Idaho,Mountain,2018-10-01,2019-09-30,30.81081081081081
07_2020,ID,H_COMP_1,3,14,83,Communication with Nurses,Composite Measure,Idaho,Mountain,2018-10-01,2019-09-30,30.81081081081081
07_2020,ID,H_COMP_2,3,13,84,Communication with Doctors,Composite Measure,Idaho,Mountain,2018-10-01,2019-09-30,30.81081081081081
07_2020,ID,H_COMP_3,5,20,75,Responsiveness of Hospital Staff,Composite Measure,Idaho,Mountain,2018-10-01,2019-09-30,30.81081081081081
07_2020,ID,H_COMP_5,16,18,66,Communication about Medicines,Composite Measure,Idaho,Mountain,2018-10-01,2019-09-30,30.81081081081081
07_2020,ID,H_COMP_6,11,0,89,Discharge Information,Composite Measure,Idaho,Mountain,2018-10-01,2019-09-30,30.81081081081081
07_2020,ID,H_COMP_7,4,41,55,Care Transition,Composite Measure,Idaho,Mountain,2018-10-01,2019-09-30,30.81081081081081
07_2020,ID,H_HSP_RATING,5,18,77,Overall Hospital Rating,Global Item,Idaho,Mountain,2018-10-01,2019-09-30,30.81081081081081
07_2020,ID,H_QUIET_HSP,8,30,62,Quietness of Hospital Environment,Individual Item,Idaho,Mountain,2018-10-01,2019-09-30,30.81081081081081
07_2020,ID,H_RECMND,3,21,76,Willingness to Recommend the Hospital,Global Item,Idaho,Mountain,2018-10-01,2019-09-30,30.81081081081081
07_2020,IL,H_CLEAN_HSP,7,17,76,Cleanliness of Hospital Environment,Individual Item,Illinois,East North Central,2018-10-01,2019-09-30,25.428571428571427
07_2020,IL,H_COMP_1,4,15,81,Communication with Nurses,Composite Measure,Illinois,East North Central,2018-10-01,2019-09-30,25.428571428571427
07_2020,IL,H_COMP_2,4,15,81,Communication with Doctors,Composite Measure,Illinois,East North Central,2018-10-01,2019-09-30,25.428571428571427
07_2020,IL,H_COMP_3,8,23,69,Responsiveness of Hospital Staff,Composite Measure,Illinois,East North Central,2018-10-01,2019-09-30,25.428571428571427
07_2020,IL,H_COMP_5,17,17,66,Communication about Medicines,Composite Measure,Illinois,East North Central,2018-10-01,2019-09-30,25.428571428571427
07_2020,IL,H_COMP_6,13,0,87,Discharge Information,Composite Measure,Illinois,East North Central,2018-10-01,2019-09-30,25.428571428571427
07_2020,IL,H_COMP_7,5,41,54,Care Transition,Composite Measure,Illinois,East North Central,2018-10-01,2019-09-30,25.428571428571427
07_2020,IL,H_HSP_RATING,7,20,73,Overall Hospital Rating,Global Item,Illinois,East North Central,2018-10-01,2019-09-30,25.428571428571427
07_2020,IL,H_QUIET_HSP,9,29,62,Quietness of Hospital Environment,Individual Item,Illinois,East North Central,2018-10-01,2019-09-30,25.428571428571427
07_2020,IL,H_RECMND,5,24,71,Willingness to Recommend the Hospital,Global Item,Illinois,East North Central,2018-10-01,2019-09-30,25.428571428571427
07_2020,IN,H_CLEAN_HSP,7,16,77,Cleanliness of Hospital Environment,Individual Item,Indiana,East North Central,2018-10-01,2019-09-30,27.62962962962963
07_2020,IN,H_COMP_1,4,15,81,Communication with Nurses,Composite Measure,Indiana,East North Central,2018-10-01,2019-09-30,27.62962962962963
07_2020,IN,H_COMP_2,4,15,81,Communication with Doctors,Composite Measure,Indiana,East North Central,2018-10-01,2019-09-30,27.62962962962963
07_2020,IN,H_COMP_3,7,23,70,Responsiveness of Hospital Staff,Composite Measure,Indiana,East North Central,2018-10-01,2019-09-30,27.62962962962963
07_2020,IN,H_COMP_5,17,18,65,Communication about Medicines,Composite Measure,Indiana,East North Central,2018-10-01,2019-09-30,27.62962962962963
07_2020,IN,H_COMP_6,12,0,88,Discharge Information,Composite Measure,Indiana,East North Central,2018-10-01,2019-09-30,27.62962962962963
07_2020,IN,H_COMP_7,5,40,55,Care Transition,Composite Measure,Indiana,East North Central,2018-10-01,2019-09-30,27.62962962962963
07_2020,IN,H_HSP_RATING,7,18,75,Overall Hospital Rating,Global Item,Indiana,East North Central,2018-10-01,2019-09-30,27.62962962962963
07_2020,IN,H_QUIET_HSP,9,30,61,Quietness of Hospital Environment,Individual Item,Indiana,East North Central,2018-10-01,2019-09-30,27.62962962962963
07_2020,IN,H_RECMND,5,23,72,Willingness to Recommend the Hospital,Global Item,Indiana,East North Central,2018-10-01,2019-09-30,27.62962962962963
07_2020,KS,H_CLEAN_HSP,5,15,80,Cleanliness of Hospital Environment,Individual Item,Kansas,West North Central,2018-10-01,2019-09-30,32.72641509433962
07_2020,KS,H_COMP_1,3,14,83,Communication with Nurses,Composite Measure,Kansas,West North Central,2018-10-01,2019-09-30,32.72641509433962
07_2020,KS,H_COMP_2,4,11,85,Communication with Doctors,Composite Measure,Kansas,West North Central,2018-10-01,2019-09-30,32.72641509433962
07_2020,KS,H_COMP_3,5,18,77,Responsiveness of Hospital Staff,Composite Measure,Kansas,West North Central,2018-10-01,2019-09-30,32.72641509433962
07_2020,KS,H_COMP_5,14,17,69,Communication about Medicines,Composite Measure,Kansas,West North Central,2018-10-01,2019-09-30,32.72641509433962
07_2020,KS,H_COMP_6,12,0,88,Discharge Information,Composite Measure,Kansas,West North Central,2018-10-01,2019-09-30,32.72641509433962
07_2020,KS,H_COMP_7,4,37,59,Care Transition,Composite Measure,Kansas,West North Central,2018-10-01,2019-09-30,32.72641509433962
07_2020,KS,H_HSP_RATING,5,17,78,Overall Hospital Rating,Global Item,Kansas,West North Central,2018-10-01,2019-09-30,32.72641509433962
07_2020,KS,H_QUIET_HSP,6,26,68,Quietness of Hospital Environment,Individual Item,Kansas,West North Central,2018-10-01,2019-09-30,32.72641509433962
07_2020,KS,H_RECMND,3,19,78,Willingness to Recommend the Hospital,Global Item,Kansas,West North Central,2018-10-01,2019-09-30,32.72641509433962
07_2020,KY,H_CLEAN_HSP,8,16,76,Cleanliness of Hospital Environment,Individual Item,Kentucky,East South Central,2018-10-01,2019-09-30,22.558139534883722
07_2020,KY,H_COMP_1,4,15,81,Communication with Nurses,Composite Measure,Kentucky,East South Central,2018-10-01,2019-09-30,22.558139534883722
07_2020,KY,H_COMP_2,4,13,83,Communication with Doctors,Composite Measure,Kentucky,East South Central,2018-10-01,2019-09-30,22.558139534883722
07_2020,KY,H_COMP_3,9,22,69,Responsiveness of Hospital Staff,Composite Measure,Kentucky,East South Central,2018-10-01,2019-09-30,22.558139534883722
07_2020,KY,H_COMP_5,17,17,66,Communication about Medicines,Composite Measure,Kentucky,East South Central,2018-10-01,2019-09-30,22.558139534883722
07_2020,KY,H_COMP_6,13,0,87,Discharge Information,Composite Measure,Kentucky,East South Central,2018-10-01,2019-09-30,22.558139534883722
07_2020,KY,H_COMP_7,4,42,54,Care Transition,Composite Measure,Kentucky,East South Central,2018-10-01,2019-09-30,22.558139534883722
07_2020,KY,H_HSP_RATING,8,20,72,Overall Hospital Rating,Global Item,Kentucky,East South Central,2018-10-01,2019-09-30,22.558139534883722
07_2020,KY,H_QUIET_HSP,8,28,64,Quietness of Hospital Environment,Individual Item,Kentucky,East South Central,2018-10-01,2019-09-30,22.558139534883722
07_2020,KY,H_RECMND,5,25,70,Willingness to Recommend the Hospital,Global Item,Kentucky,East South Central,2018-10-01,2019-09-30,22.558139534883722
07_2020,LA,H_CLEAN_HSP,7,14,79,Cleanliness of Hospital Environment,Individual Item,Louisiana,West South Central,2018-10-01,2019-09-30,23.20618556701031
07_2020,LA,H_COMP_1,4,11,85,Communication with Nurses,Composite Measure,Louisiana,West South Central,2018-10-01,2019-09-30,23.20618556701031
07_2020,LA,H_COMP_2,3,11,86,Communication with Doctors,Composite Measure,Louisiana,West South Central,2018-10-01,2019-09-30,23.20618556701031
07_2020,LA,H_COMP_3,8,17,75,Responsiveness of Hospital Staff,Composite Measure,Louisiana,West South Central,2018-10-01,2019-09-30,23.20618556701031
07_2020,LA,H_COMP_5,15,14,71,Communication about Medicines,Composite Measure,Louisiana,West South Central,2018-10-01,2019-09-30,23.20618556701031
07_2020,LA,H_COMP_6,13,0,87,Discharge Information,Composite Measure,Louisiana,West South Central,2018-10-01,2019-09-30,23.20618556701031
07_2020,LA,H_COMP_7,5,37,58,Care Transition,Composite Measure,Louisiana,West South Central,2018-10-01,2019-09-30,23.20618556701031
07_2020,LA,H_HSP_RATING,7,16,77,Overall Hospital Rating,Global Item,Louisiana,West South Central,2018-10-01,2019-09-30,23.20618556701031
07_2020,LA,H_QUIET_HSP,6,20,74,Quietness of Hospital Environment,Individual Item,Louisiana,West South Central,2018-10-01,2019-09-30,23.20618556701031
07_2020,LA,H_RECMND,4,20,76,Willingness to Recommend the Hospital,Global Item,Louisiana,West South Central,2018-10-01,2019-09-30,23.20618556701031
07_2020,MA,H_CLEAN_HSP,8,20,72,Cleanliness of Hospital Environment,Individual Item,Massachusetts,New England,2018-10-01,2019-09-30,25.17241379310345
07_2020,MA,H_COMP_1,4,15,81,Communication with Nurses,Composite Measure,Massachusetts,New England,2018-10-01,2019-09-30,25.17241379310345
07_2020,MA,H_COMP_2,5,15,80,Communication with Doctors,Composite Measure,Massachusetts,New England,2018-10-01,2019-09-30,25.17241379310345
07_2020,MA,H_COMP_3,9,25,66,Responsiveness of Hospital Staff,Composite Measure,Massachusetts,New England,2018-10-01,2019-09-30,25.17241379310345
07_2020,MA,H_COMP_5,18,18,64,Communication about Medicines,Composite Measure,Massachusetts,New England,2018-10-01,2019-09-30,25.17241379310345
07_2020,MA,H_COMP_6,11,0,89,Discharge Information,Composite Measure,Massachusetts,New England,2018-10-01,2019-09-30,25.17241379310345
07_2020,MA,H_COMP_7,5,42,53,Care Transition,Composite Measure,Massachusetts,New England,2018-10-01,2019-09-30,25.17241379310345
07_2020,MA,H_HSP_RATING,7,22,71,Overall Hospital Rating,Global Item,Massachusetts,New England,2018-10-01,2019-09-30,25.17241379310345
07_2020,MA,H_QUIET_HSP,14,35,51,Quietness of Hospital Environment,Individual Item,Massachusetts,New England,2018-10-01,2019-09-30,25.17241379310345
07_2020,MA,H_RECMND,5,22,73,Willingness to Recommend the Hospital,Global Item,Massachusetts,New England,2018-10-01,2019-09-30,25.17241379310345
07_2020,MD,H_CLEAN_HSP,10,20,70,Cleanliness of Hospital Environment,Individual Item,Maryland,South Atlantic,2018-10-01,2019-09-30,21.630434782608695
07_2020,MD,H_COMP_1,7,17,76,Communication with Nurses,Composite Measure,Maryland,South Atlantic,2018-10-01,2019-09-30,21.630434782608695
07_2020,MD,H_COMP_2,6,16,78,Communication with Doctors,Composite Measure,Maryland,South Atlantic,2018-10-01,2019-09-30,21.630434782608695
07_2020,MD,H_COMP_3,13,25,62,Responsiveness of Hospital Staff,Composite Measure,Maryland,South Atlantic,2018-10-01,2019-09-30,21.630434782608695
07_2020,MD,H_COMP_5,21,18,61,Communication about Medicines,Composite Measure,Maryland,South Atlantic,2018-10-01,2019-09-30,21.630434782608695
07_2020,MD,H_COMP_6,14,0,86,Discharge Information,Composite Measure,Maryland,South Atlantic,2018-10-01,2019-09-30,21.630434782608695
07_2020,MD,H_COMP_7,6,45,49,Care Transition,Composite Measure,Maryland,South Atlantic,2018-10-01,2019-09-30,21.630434782608695
07_2020,MD,H_HSP_RATING,10,24,66,Overall Hospital Rating,Global Item,Maryland,South Atlantic,2018-10-01,2019-09-30,21.630434782608695
07_2020,MD,H_QUIET_HSP,13,30,57,Quietness of Hospital Environment,Individual Item,Maryland,South Atlantic,2018-10-01,2019-09-30,21.630434782608695
07_2020,MD,H_RECMND,7,27,66,Willingness to Recommend the Hospital,Global Item,Maryland,South Atlantic,2018-10-01,2019-09-30,21.630434782608695
07_2020,ME,H_CLEAN_HSP,6,15,79,Cleanliness of Hospital Environment,Individual Item,Maine,New England,2018-10-01,2019-09-30,28.272727272727273
07_2020,ME,H_COMP_1,2,14,84,Communication with Nurses,Composite Measure,Maine,New England,2018-10-01,2019-09-30,28.272727272727273
07_2020,ME,H_COMP_2,4,12,84,Communication with Doctors,Composite Measure,Maine,New England,2018-10-01,2019-09-30,28.272727272727273
07_2020,ME,H_COMP_3,6,21,73,Responsiveness of Hospital Staff,Composite Measure,Maine,New England,2018-10-01,2019-09-30,28.272727272727273
07_2020,ME,H_COMP_5,14,16,70,Communication about Medicines,Composite Measure,Maine,New England,2018-10-01,2019-09-30,28.272727272727273
07_2020,ME,H_COMP_6,11,0,89,Discharge Information,Composite Measure,Maine,New England,2018-10-01,2019-09-30,28.272727272727273
07_2020,ME,H_COMP_7,4,40,56,Care Transition,Composite Measure,Maine,New England,2018-10-01,2019-09-30,28.272727272727273
07_2020,ME,H_HSP_RATING,6,19,75,Overall Hospital Rating,Global Item,Maine,New England,2018-10-01,2019-09-30,28.272727272727273
07_2020,ME,H_QUIET_HSP,8,33,59,Quietness of Hospital Environment,Individual Item,Maine,New England,2018-10-01,2019-09-30,28.272727272727273
07_2020,ME,H_RECMND,4,20,76,Willingness to Recommend the Hospital,Global Item,Maine,New England,2018-10-01,2019-09-30,28.272727272727273
07_2020,MI,H_CLEAN_HSP,7,18,75,Cleanliness of Hospital Environment,Individual Item,Michigan,East North Central,2018-10-01,2019-09-30,29.975
07_2020,MI,H_COMP_1,4,14,82,Communication with Nurses,Composite Measure,Michigan,East North Central,2018-10-01,2019-09-30,29.975
07_2020,MI,H_COMP_2,5,14,81,Communication with Doctors,Composite Measure,Michigan,East North Central,2018-10-01,2019-09-30,29.975
07_2020,MI,H_COMP_3,7,20,73,Responsiveness of Hospital Staff,Composite Measure,Michigan,East North Central,2018-10-01,2019-09-30,29.975
07_2020,MI,H_COMP_5,16,17,67,Communication about Medicines,Composite Measure,Michigan,East North Central,2018-10-01,2019-09-30,29.975
07_2020,MI,H_COMP_6,11,0,89,Discharge Information,Composite Measure,Michigan,East North Central,2018-10-01,2019-09-30,29.975
07_2020,MI,H_COMP_7,4,42,54,Care Transition,Composite Measure,Michigan,East North Central,2018-10-01,2019-09-30,29.975
07_2020,MI,H_HSP_RATING,7,19,74,Overall Hospital Rating,Global Item,Michigan,East North Central,2018-10-01,2019-09-30,29.975
07_2020,MI,H_QUIET_HSP,10,30,60,Quietness of Hospital Environment,Individual Item,Michigan,East North Central,2018-10-01,2019-09-30,29.975
07_2020,MI,H_RECMND,5,23,72,Willingness to Recommend the Hospital,Global Item,Michigan,East North Central,2018-10-01,2019-09-30,29.975
07_2020,MN,H_CLEAN_HSP,5,16,79,Cleanliness of Hospital Environment,Individual Item,Minnesota,West North Central,2018-10-01,2019-09-30,34.876106194690266
07_2020,MN,H_COMP_1,2,14,84,Communication with Nurses,Composite Measure,Minnesota,West North Central,2018-10-01,2019-09-30,34.876106194690266
07_2020,MN,H_COMP_2,3,12,85,Communication with Doctors,Composite Measure,Minnesota,West North Central,2018-10-01,2019-09-30,34.876106194690266
07_2020,MN,H_COMP_3,4,20,76,Responsiveness of Hospital Staff,Composite Measure,Minnesota,West North Central,2018-10-01,2019-09-30,34.876106194690266
07_2020,MN,H_COMP_5,13,18,69,Communication about Medicines,Composite Measure,Minnesota,West North Central,2018-10-01,2019-09-30,34.876106194690266
07_2020,MN,H_COMP_6,11,0,89,Discharge Information,Composite Measure,Minnesota,West North Central,2018-10-01,2019-09-30,34.876106194690266
07_2020,MN,H_COMP_7,4,39,57,Care Transition,Composite Measure,Minnesota,West North Central,2018-10-01,2019-09-30,34.876106194690266
07_2020,MN,H_HSP_RATING,5,18,77,Overall Hospital Rating,Global Item,Minnesota,West North Central,2018-10-01,2019-09-30,34.876106194690266
07_2020,MN,H_QUIET_HSP,6,25,69,Quietness of Hospital Environment,Individual Item,Minnesota,West North Central,2018-10-01,2019-09-30,34.876106194690266
07_2020,MN,H_RECMND,3,21,76,Willingness to Recommend the Hospital,Global Item,Minnesota,West North Central,2018-10-01,2019-09-30,34.876106194690266
07_2020,MO,H_CLEAN_HSP,8,18,74,Cleanliness of Hospital Environment,Individual Item,Missouri,West North Central,2018-10-01,2019-09-30,28.08080808080808
07_2020,MO,H_COMP_1,4,16,80,Communication with Nurses,Composite Measure,Missouri,West North Central,2018-10-01,2019-09-30,28.08080808080808
07_2020,MO,H_COMP_2,5,14,81,Communication with Doctors,Composite Measure,Missouri,West North Central,2018-10-01,2019-09-30,28.08080808080808
07_2020,MO,H_COMP_3,8,24,68,Responsiveness of Hospital Staff,Composite Measure,Missouri,West North Central,2018-10-01,2019-09-30,28.08080808080808
07_2020,MO,H_COMP_5,17,18,65,Communication about Medicines,Composite Measure,Missouri,West North Central,2018-10-01,2019-09-30,28.08080808080808
07_2020,MO,H_COMP_6,12,0,88,Discharge Information,Composite Measure,Missouri,West North Central,2018-10-01,2019-09-30,28.08080808080808
07_2020,MO,H_COMP_7,5,41,54,Care Transition,Composite Measure,Missouri,West North Central,2018-10-01,2019-09-30,28.08080808080808
07_2020,MO,H_HSP_RATING,7,21,72,Overall Hospital Rating,Global Item,Missouri,West North Central,2018-10-01,2019-09-30,28.08080808080808
07_2020,MO,H_QUIET_HSP,10,29,61,Quietness of Hospital Environment,Individual Item,Missouri,West North Central,2018-10-01,2019-09-30,28.08080808080808
07_2020,MO,H_RECMND,5,25,70,Willingness to Recommend the Hospital,Global Item,Missouri,West North Central,2018-10-01,2019-09-30,28.08080808080808
07_2020,MS,H_CLEAN_HSP,9,15,76,Cleanliness of Hospital Environment,Individual Item,Mississippi,East South Central,2018-10-01,2019-09-30,20.78082191780822
07_2020,MS,H_COMP_1,6,11,83,Communication with Nurses,Composite Measure,Mississippi,East South Central,2018-10-01,2019-09-30,20.78082191780822
07_2020,MS,H_COMP_2,5,9,86,Communication with Doctors,Composite Measure,Mississippi,East South Central,2018-10-01,2019-09-30,20.78082191780822
07_2020,MS,H_COMP_3,11,17,72,Responsiveness of Hospital Staff,Composite Measure,Mississippi,East South Central,2018-10-01,2019-09-30,20.78082191780822
07_2020,MS,H_COMP_5,17,15,68,Communication about Medicines,Composite Measure,Mississippi,East South Central,2018-10-01,2019-09-30,20.78082191780822
07_2020,MS,H_COMP_6,15,0,85,Discharge Information,Composite Measure,Mississippi,East South Central,2018-10-01,2019-09-30,20.78082191780822
07_2020,MS,H_COMP_7,5,42,53,Care Transition,Composite Measure,Mississippi,East South Central,2018-10-01,2019-09-30,20.78082191780822
07_2020,MS,H_HSP_RATING,9,19,72,Overall Hospital Rating,Global Item,Mississippi,East South Central,2018-10-01,2019-09-30,20.78082191780822
07_2020,MS,H_QUIET_HSP,7,20,73,Quietness of Hospital Environment,Individual Item,Mississippi,East South Central,2018-10-01,2019-09-30,20.78082191780822
07_2020,MS,H_RECMND,7,23,70,Willingness to Recommend the Hospital,Global Item,Mississippi,East South Central,2018-10-01,2019-09-30,20.78082191780822
07_2020,MT,H_CLEAN_HSP,8,19,73,Cleanliness of Hospital Environment,Individual Item,Montana,Mountain,2018-10-01,2019-09-30,30.305555555555557
07_2020,MT,H_COMP_1,3,16,81,Communication with Nurses,Composite Measure,Montana,Mountain,2018-10-01,2019-09-30,30.305555555555557
07_2020,MT,H_COMP_2,4,13,83,Communication with Doctors,Composite Measure,Montana,Mountain,2018-10-01,2019-09-30,30.305555555555557
07_2020,MT,H_COMP_3,6,19,75,Responsiveness of Hospital Staff,Composite Measure,Montana,Mountain,2018-10-01,2019-09-30,30.305555555555557
07_2020,MT,H_COMP_5,14,17,69,Communication about Medicines,Composite Measure,Montana,Mountain,2018-10-01,2019-09-30,30.305555555555557
07_2020,MT,H_COMP_6,14,0,86,Discharge Information,Composite Measure,Montana,Mountain,2018-10-01,2019-09-30,30.305555555555557
07_2020,MT,H_COMP_7,5,43,52,Care Transition,Composite Measure,Montana,Mountain,2018-10-01,2019-09-30,30.305555555555557
07_2020,MT,H_HSP_RATING,8,22,70,Overall Hospital Rating,Global Item,Montana,Mountain,2018-10-01,2019-09-30,30.305555555555557
07_2020,MT,H_QUIET_HSP,8,28,64,Quietness of Hospital Environment,Individual Item,Montana,Mountain,2018-10-01,2019-09-30,30.305555555555557
07_2020,MT,H_RECMND,5,24,71,Willingness to Recommend the Hospital,Global Item,Montana,Mountain,2018-10-01,2019-09-30,30.305555555555557
07_2020,NC,H_CLEAN_HSP,9,17,74,Cleanliness of Hospital Environment,Individual Item,North Carolina,South Atlantic,2018-10-01,2019-09-30,22.62264150943396
07_2020,NC,H_COMP_1,4,14,82,Communication with Nurses,Composite Measure,North Carolina,South Atlantic,2018-10-01,2019-09-30,22.62264150943396
07_2020,NC,H_COMP_2,4,13,83,Communication with Doctors,Composite Measure,North Carolina,South Atlantic,2018-10-01,2019-09-30,22.62264150943396
07_2020,NC,H_COMP_3,9,22,69,Responsiveness of Hospital Staff,Composite Measure,North Carolina,South Atlantic,2018-10-01,2019-09-30,22.62264150943396
07_2020,NC,H_COMP_5,17,16,67,Communication about Medicines,Composite Measure,North Carolina,South Atlantic,2018-10-01,2019-09-30,22.62264150943396
07_2020,NC,H_COMP_6,13,0,87,Discharge Information,Composite Measure,North Carolina,South Atlantic,2018-10-01,2019-09-30,22.62264150943396
07_2020,NC,H_COMP_7,5,42,53,Care Transition,Composite Measure,North Carolina,South Atlantic,2018-10-01,2019-09-30,22.62264150943396
07_2020,NC,H_HSP_RATING,8,20,72,Overall Hospital Rating,Global Item,North Carolina,South Atlantic,2018-10-01,2019-09-30,22.62264150943396
07_2020,NC,H_QUIET_HSP,9,28,63,Quietness of Hospital Environment,Individual Item,North Carolina,South Atlantic,2018-10-01,2019-09-30,22.62264150943396
07_2020,NC,H_RECMND,5,24,71,Willingness to Recommend the Hospital,Global Item,North Carolina,South Atlantic,2018-10-01,2019-09-30,22.62264150943396
07_2020,ND,H_CLEAN_HSP,6,13,81,Cleanliness of Hospital Environment,Individual Item,North Dakota,West North Central,2018-10-01,2019-09-30,32.86206896551724
07_2020,ND,H_COMP_1,3,12,85,Communication with Nurses,Composite Measure,North Dakota,West North Central,2018-10-01,2019-09-30,32.86206896551724
07_2020,ND,H_COMP_2,3,13,84,Communication with Doctors,Composite Measure,North Dakota,West North Central,2018-10-01,2019-09-30,32.86206896551724
07_2020,ND,H_COMP_3,5,20,75,Responsiveness of Hospital Staff,Composite Measure,North Dakota,West North Central,2018-10-01,2019-09-30,32.86206896551724
07_2020,ND,H_COMP_5,13,20,67,Communication about Medicines,Composite Measure,North Dakota,West North Central,2018-10-01,2019-09-30,32.86206896551724
07_2020,ND,H_COMP_6,16,0,84,Discharge Information,Composite Measure,North Dakota,West North Central,2018-10-01,2019-09-30,32.86206896551724
07_2020,ND,H_COMP_7,3,41,56,Care Transition,Composite Measure,North Dakota,West North Central,2018-10-01,2019-09-30,32.86206896551724
07_2020,ND,H_HSP_RATING,5,19,76,Overall Hospital Rating,Global Item,North Dakota,West North Central,2018-10-01,2019-09-30,32.86206896551724
07_2020,ND,H_QUIET_HSP,6,24,70,Quietness of Hospital Environment,Individual Item,North Dakota,West North Central,2018-10-01,2019-09-30,32.86206896551724
07_2020,ND,H_RECMND,3,20,77,Willingness to Recommend the Hospital,Global Item,North Dakota,West North Central,2018-10-01,2019-09-30,32.86206896551724
07_2020,NE,H_CLEAN_HSP,4,12,84,Cleanliness of Hospital Environment,Individual Item,Nebraska,West North Central,2018-10-01,2019-09-30,36.583333333333336
07_2020,NE,H_COMP_1,2,13,85,Communication with Nurses,Composite Measure,Nebraska,West North Central,2018-10-01,2019-09-30,36.583333333333336
07_2020,NE,H_COMP_2,2,12,86,Communication with Doctors,Composite Measure,Nebraska,West North Central,2018-10-01,2019-09-30,36.583333333333336
07_2020,NE,H_COMP_3,4,19,77,Responsiveness of Hospital Staff,Composite Measure,Nebraska,West North Central,2018-10-01,2019-09-30,36.583333333333336
07_2020,NE,H_COMP_5,12,17,71,Communication about Medicines,Composite Measure,Nebraska,West North Central,2018-10-01,2019-09-30,36.583333333333336
07_2020,NE,H_COMP_6,12,0,88,Discharge Information,Composite Measure,Nebraska,West North Central,2018-10-01,2019-09-30,36.583333333333336
07_2020,NE,H_COMP_7,2,39,59,Care Transition,Composite Measure,Nebraska,West North Central,2018-10-01,2019-09-30,36.583333333333336
07_2020,NE,H_HSP_RATING,4,17,79,Overall Hospital Rating,Global Item,Nebraska,West North Central,2018-10-01,2019-09-30,36.583333333333336
07_2020,NE,H_QUIET_HSP,5,25,70,Quietness of Hospital Environment,Individual Item,Nebraska,West North Central,2018-10-01,2019-09-30,36.583333333333336
07_2020,NE,H_RECMND,2,19,79,Willingness to Recommend the Hospital,Global Item,Nebraska,West North Central,2018-10-01,2019-09-30,36.583333333333336
07_2020,NH,H_CLEAN_HSP,6,16,78,Cleanliness of Hospital Environment,Individual Item,New Hampshire,New England,2018-10-01,2019-09-30,26.423076923076923
07_2020,NH,H_COMP_1,3,14,83,Communication with Nurses,Composite Measure,New Hampshire,New England,2018-10-01,2019-09-30,26.423076923076923
07_2020,NH,H_COMP_2,4,15,81,Communication with Doctors,Composite Measure,New Hampshire,New England,2018-10-01,2019-09-30,26.423076923076923
07_2020,NH,H_COMP_3,7,21,72,Responsiveness of Hospital Staff,Composite Measure,New Hampshire,New England,2018-10-01,2019-09-30,26.423076923076923
07_2020,NH,H_COMP_5,16,18,66,Communication about Medicines,Composite Measure,New Hampshire,New England,2018-10-01,2019-09-30,26.423076923076923
07_2020,NH,H_COMP_6,10,0,90,Discharge Information,Composite Measure,New Hampshire,New England,2018-10-01,2019-09-30,26.423076923076923
07_2020,NH,H_COMP_7,4,41,55,Care Transition,Composite Measure,New Hampshire,New England,2018-10-01,2019-09-30,26.423076923076923
07_2020,NH,H_HSP_RATING,7,19,74,Overall Hospital Rating,Global Item,New Hampshire,New England,2018-10-01,2019-09-30,26.423076923076923
07_2020,NH,H_QUIET_HSP,11,33,56,Quietness of Hospital Environment,Individual Item,New Hampshire,New England,2018-10-01,2019-09-30,26.423076923076923
07_2020,NH,H_RECMND,4,22,74,Willingness to Recommend the Hospital,Global Item,New Hampshire,New England,2018-10-01,2019-09-30,26.423076923076923
07_2020,NJ,H_CLEAN_HSP,10,20,70,Cleanliness of Hospital Environment,Individual Item,New Jersey,Mid-Atlantic,2018-10-01,2019-09-30,20.8
07_2020,NJ,H_COMP_1,6,17,77,Communication with Nurses,Composite Measure,New Jersey,Mid-Atlantic,2018-10-01,2019-09-30,20.8
07_2020,NJ,H_COMP_2,6,18,76,Communication with Doctors,Composite Measure,New Jersey,Mid-Atlantic,2018-10-01,2019-09-30,20.8
07_2020,NJ,H_COMP_3,13,27,60,Responsiveness of Hospital Staff,Composite Measure,New Jersey,Mid-Atlantic,2018-10-01,2019-09-30,20.8
07_2020,NJ,H_COMP_5,22,18,60,Communication about Medicines,Composite Measure,New Jersey,Mid-Atlantic,2018-10-01,2019-09-30,20.8
07_2020,NJ,H_COMP_6,16,0,84,Discharge Information,Composite Measure,New Jersey,Mid-Atlantic,2018-10-01,2019-09-30,20.8
07_2020,NJ,H_COMP_7,7,46,47,Care Transition,Composite Measure,New Jersey,Mid-Atlantic,2018-10-01,2019-09-30,20.8
07_2020,NJ,H_HSP_RATING,11,24,65,Overall Hospital Rating,Global Item,New Jersey,Mid-Atlantic,2018-10-01,2019-09-30,20.8
07_2020,NJ,H_QUIET_HSP,15,33,52,Quietness of Hospital Environment,Individual Item,New Jersey,Mid-Atlantic,2018-10-01,2019-09-30,20.8
07_2020,NJ,H_RECMND,7,27,66,Willingness to Recommend the Hospital,Global Item,New Jersey,Mid-Atlantic,2018-10-01,2019-09-30,20.8
07_2020,NM,H_CLEAN_HSP,8,19,73,Cleanliness of Hospital Environment,Individual Item,New Mexico,Mountain,2018-10-01,2019-09-30,19.705882352941178
07_2020,NM,H_COMP_1,5,16,79,Communication with Nurses,Composite Measure,New Mexico,Mountain,2018-10-01,2019-09-30,19.705882352941178
07_2020,NM,H_COMP_2,6,16,78,Communication with Doctors,Composite Measure,New Mexico,Mountain,2018-10-01,2019-09-30,19.705882352941178
07_2020,NM,H_COMP_3,9,21,70,Responsiveness of Hospital Staff,Composite Measure,New Mexico,Mountain,2018-10-01,2019-09-30,19.705882352941178
07_2020,NM,H_COMP_5,18,17,65,Communication about Medicines,Composite Measure,New Mexico,Mountain,2018-10-01,2019-09-30,19.705882352941178
07_2020,NM,H_COMP_6,16,0,84,Discharge Information,Composite Measure,New Mexico,Mountain,2018-10-01,2019-09-30,19.705882352941178
07_2020,NM,H_COMP_7,6,44,50,Care Transition,Composite Measure,New Mexico,Mountain,2018-10-01,2019-09-30,19.705882352941178
07_2020,NM,H_HSP_RATING,10,22,68,Overall Hospital Rating,Global Item,New Mexico,Mountain,2018-10-01,2019-09-30,19.705882352941178
07_2020,NM,H_QUIET_HSP,10,29,61,Quietness of Hospital Environment,Individual Item,New Mexico,Mountain,2018-10-01,2019-09-30,19.705882352941178
07_2020,NM,H_RECMND,7,28,65,Willingness to Recommend the Hospital,Global Item,New Mexico,Mountain,2018-10-01,2019-09-30,19.705882352941178
07_2020,NV,H_CLEAN_HSP,9,16,75,Cleanliness of Hospital Environment,Individual Item,Nevada,Mountain,2018-10-01,2019-09-30,21.1875
07_2020,NV,H_COMP_1,6,16,78,Communication with Nurses,Composite Measure,Nevada,Mountain,2018-10-01,2019-09-30,21.1875
07_2020,NV,H_COMP_2,7,17,76,Communication with Doctors,Composite Measure,Nevada,Mountain,2018-10-01,2019-09-30,21.1875
07_2020,NV,H_COMP_3,10,21,69,Responsiveness of Hospital Staff,Composite Measure,Nevada,Mountain,2018-10-01,2019-09-30,21.1875
07_2020,NV,H_COMP_5,19,18,63,Communication about Medicines,Composite Measure,Nevada,Mountain,2018-10-01,2019-09-30,21.1875
07_2020,NV,H_COMP_6,15,0,85,Discharge Information,Composite Measure,Nevada,Mountain,2018-10-01,2019-09-30,21.1875
07_2020,NV,H_COMP_7,7,42,51,Care Transition,Composite Measure,Nevada,Mountain,2018-10-01,2019-09-30,21.1875
07_2020,NV,H_HSP_RATING,9,22,69,Overall Hospital Rating,Global Item,Nevada,Mountain,2018-10-01,2019-09-30,21.1875
07_2020,NV,H_QUIET_HSP,13,29,58,Quietness of Hospital Environment,Individual Item,Nevada,Mountain,2018-10-01,2019-09-30,21.1875
07_2020,NV,H_RECMND,7,23,70,Willingness to Recommend the Hospital,Global Item,Nevada,Mountain,2018-10-01,2019-09-30,21.1875
07_2020,NY,H_CLEAN_HSP,9,20,71,Cleanliness of Hospital Environment,Individual Item,New York,Mid-Atlantic,2018-10-01,2019-09-30,23.527950310559007
07_2020,NY,H_COMP_1,5,18,77,Communication with Nurses,Composite Measure,New York,Mid-Atlantic,2018-10-01,2019-09-30,23.527950310559007
07_2020,NY,H_COMP_2,6,16,78,Communication with Doctors,Composite Measure,New York,Mid-Atlantic,2018-10-01,2019-09-30,23.527950310559007
07_2020,NY,H_COMP_3,12,25,63,Responsiveness of Hospital Staff,Composite Measure,New York,Mid-Atlantic,2018-10-01,2019-09-30,23.527950310559007
07_2020,NY,H_COMP_5,22,18,60,Communication about Medicines,Composite Measure,New York,Mid-Atlantic,2018-10-01,2019-09-30,23.527950310559007
07_2020,NY,H_COMP_6,15,0,85,Discharge Information,Composite Measure,New York,Mid-Atlantic,2018-10-01,2019-09-30,23.527950310559007
07_2020,NY,H_COMP_7,6,45,49,Care Transition,Composite Measure,New York,Mid-Atlantic,2018-10-01,2019-09-30,23.527950310559007
07_2020,NY,H_HSP_RATING,10,24,66,Overall Hospital Rating,Global Item,New York,Mid-Atlantic,2018-10-01,2019-09-30,23.527950310559007
07_2020,NY,H_QUIET_HSP,15,32,53,Quietness of Hospital Environment,Individual Item,New York,Mid-Atlantic,2018-10-01,2019-09-30,23.527950310559007
07_2020,NY,H_RECMND,7,27,66,Willingness to Recommend the Hospital,Global Item,New York,Mid-Atlantic,2018-10-01,2019-09-30,23.527950310559007
07_2020,OH,H_CLEAN_HSP,7,17,76,Cleanliness of Hospital Environment,Individual Item,Ohio,East North Central,2018-10-01,2019-09-30,27.72077922077922
07_2020,OH,H_COMP_1,3,14,83,Communication with Nurses,Composite Measure,Ohio,East North Central,2018-10-01,2019-09-30,27.72077922077922
07_2020,OH,H_COMP_2,4,15,81,Communication with Doctors,Composite Measure,Ohio,East North Central,2018-10-01,2019-09-30,27.72077922077922
07_2020,OH,H_COMP_3,7,22,71,Responsiveness of Hospital Staff,Composite Measure,Ohio,East North Central,2018-10-01,2019-09-30,27.72077922077922
07_2020,OH,H_COMP_5,16,18,66,Communication about Medicines,Composite Measure,Ohio,East North Central,2018-10-01,2019-09-30,27.72077922077922
07_2020,OH,H_COMP_6,11,0,89,Discharge Information,Composite Measure,Ohio,East North Central,2018-10-01,2019-09-30,27.72077922077922
07_2020,OH,H_COMP_7,4,41,55,Care Transition,Composite Measure,Ohio,East North Central,2018-10-01,2019-09-30,27.72077922077922
07_2020,OH,H_HSP_RATING,6,19,75,Overall Hospital Rating,Global Item,Ohio,East North Central,2018-10-01,2019-09-30,27.72077922077922
07_2020,OH,H_QUIET_HSP,9,31,60,Quietness of Hospital Environment,Individual Item,Ohio,East North Central,2018-10-01,2019-09-30,27.72077922077922
07_2020,OH,H_RECMND,4,23,73,Willingness to Recommend the Hospital,Global Item,Ohio,East North Central,2018-10-01,2019-09-30,27.72077922077922
07_2020,OK,H_CLEAN_HSP,7,16,77,Cleanliness of Hospital Environment,Individual Item,Oklahoma,West South Central,2018-10-01,2019-09-30,25.231578947368423
07_2020,OK,H_COMP_1,4,14,82,Communication with Nurses,Composite Measure,Oklahoma,West South Central,2018-10-01,2019-09-30,25.231578947368423
07_2020,OK,H_COMP_2,4,12,84,Communication with Doctors,Composite Measure,Oklahoma,West South Central,2018-10-01,2019-09-30,25.231578947368423
07_2020,OK,H_COMP_3,7,19,74,Responsiveness of Hospital Staff,Composite Measure,Oklahoma,West South Central,2018-10-01,2019-09-30,25.231578947368423
07_2020,OK,H_COMP_5,16,16,68,Communication about Medicines,Composite Measure,Oklahoma,West South Central,2018-10-01,2019-09-30,25.231578947368423
07_2020,OK,H_COMP_6,13,0,87,Discharge Information,Composite Measure,Oklahoma,West South Central,2018-10-01,2019-09-30,25.231578947368423
07_2020,OK,H_COMP_7,5,40,55,Care Transition,Composite Measure,Oklahoma,West South Central,2018-10-01,2019-09-30,25.231578947368423
07_2020,OK,H_HSP_RATING,7,18,75,Overall Hospital Rating,Global Item,Oklahoma,West South Central,2018-10-01,2019-09-30,25.231578947368423
07_2020,OK,H_QUIET_HSP,7,25,68,Quietness of Hospital Environment,Individual Item,Oklahoma,West South Central,2018-10-01,2019-09-30,25.231578947368423
07_2020,OK,H_RECMND,5,22,73,Willingness to Recommend the Hospital,Global Item,Oklahoma,West South Central,2018-10-01,2019-09-30,25.231578947368423
07_2020,OR,H_CLEAN_HSP,6,17,77,Cleanliness of Hospital Environment,Individual Item,Oregon,Pacific,2018-10-01,2019-09-30,26.11864406779661
07_2020,OR,H_COMP_1,3,15,82,Communication with Nurses,Composite Measure,Oregon,Pacific,2018-10-01,2019-09-30,26.11864406779661
07_2020,OR,H_COMP_2,4,13,83,Communication with Doctors,Composite Measure,Oregon,Pacific,2018-10-01,2019-09-30,26.11864406779661
07_2020,OR,H_COMP_3,5,22,73,Responsiveness of Hospital Staff,Composite Measure,Oregon,Pacific,2018-10-01,2019-09-30,26.11864406779661
07_2020,OR,H_COMP_5,15,17,68,Communication about Medicines,Composite Measure,Oregon,Pacific,2018-10-01,2019-09-30,26.11864406779661
07_2020,OR,H_COMP_6,12,0,88,Discharge Information,Composite Measure,Oregon,Pacific,2018-10-01,2019-09-30,26.11864406779661
07_2020,OR,H_COMP_7,4,41,55,Care Transition,Composite Measure,Oregon,Pacific,2018-10-01,2019-09-30,26.11864406779661
07_2020,OR,H_HSP_RATING,6,19,75,Overall Hospital Rating,Global Item,Oregon,Pacific,2018-10-01,2019-09-30,26.11864406779661
07_2020,OR,H_QUIET_HSP,10,33,57,Quietness of Hospital Environment,Individual Item,Oregon,Pacific,2018-10-01,2019-09-30,26.11864406779661
07_2020,OR,H_RECMND,4,21,75,Willingness to Recommend the Hospital,Global Item,Oregon,Pacific,2018-10-01,2019-09-30,26.11864406779661
07_2020,PA,H_CLEAN_HSP,8,17,75,Cleanliness of Hospital Environment,Individual Item,Pennsylvania,Mid-Atlantic,2018-10-01,2019-09-30,31.48125
07_2020,PA,H_COMP_1,3,15,82,Communication with Nurses,Composite Measure,Pennsylvania,Mid-Atlantic,2018-10-01,2019-09-30,31.48125
07_2020,PA,H_COMP_2,4,15,81,Communication with Doctors,Composite Measure,Pennsylvania,Mid-Atlantic,2018-10-01,2019-09-30,31.48125
07_2020,PA,H_COMP_3,8,22,70,Responsiveness of Hospital Staff,Composite Measure,Pennsylvania,Mid-Atlantic,2018-10-01,2019-09-30,31.48125
07_2020,PA,H_COMP_5,18,17,65,Communication about Medicines,Composite Measure,Pennsylvania,Mid-Atlantic,2018-10-01,2019-09-30,31.48125
07_2020,PA,H_COMP_6,12,0,88,Discharge Information,Composite Measure,Pennsylvania,Mid-Atlantic,2018-10-01,2019-09-30,31.48125
07_2020,PA,H_COMP_7,5,42,53,Care Transition,Composite Measure,Pennsylvania,Mid-Atlantic,2018-10-01,2019-09-30,31.48125
07_2020,PA,H_HSP_RATING,8,20,72,Overall Hospital Rating,Global Item,Pennsylvania,Mid-Atlantic,2018-10-01,2019-09-30,31.48125
07_2020,PA,H_QUIET_HSP,11,33,56,Quietness of Hospital Environment,Individual Item,Pennsylvania,Mid-Atlantic,2018-10-01,2019-09-30,31.48125
07_2020,PA,H_RECMND,5,25,70,Willingness to Recommend the Hospital,Global Item,Pennsylvania,Mid-Atlantic,2018-10-01,2019-09-30,31.48125
07_2020,RI,H_CLEAN_HSP,7,17,76,Cleanliness of Hospital Environment,Individual Item,Rhode Island,New England,2018-10-01,2019-09-30,27.363636363636363
07_2020,RI,H_COMP_1,4,14,82,Communication with Nurses,Composite Measure,Rhode Island,New England,2018-10-01,2019-09-30,27.363636363636363
07_2020,RI,H_COMP_2,5,14,81,Communication with Doctors,Composite Measure,Rhode Island,New England,2018-10-01,2019-09-30,27.363636363636363
07_2020,RI,H_COMP_3,9,23,68,Responsiveness of Hospital Staff,Composite Measure,Rhode Island,New England,2018-10-01,2019-09-30,27.363636363636363
07_2020,RI,H_COMP_5,17,19,64,Communication about Medicines,Composite Measure,Rhode Island,New England,2018-10-01,2019-09-30,27.363636363636363
07_2020,RI,H_COMP_6,12,0,88,Discharge Information,Composite Measure,Rhode Island,New England,2018-10-01,2019-09-30,27.363636363636363
07_2020,RI,H_COMP_7,5,43,52,Care Transition,Composite Measure,Rhode Island,New England,2018-10-01,2019-09-30,27.363636363636363
07_2020,RI,H_HSP_RATING,8,20,72,Overall Hospital Rating,Global Item,Rhode Island,New England,2018-10-01,2019-09-30,27.363636363636363
07_2020,RI,H_QUIET_HSP,13,32,55,Quietness of Hospital Environment,Individual Item,Rhode Island,New England,2018-10-01,2019-09-30,27.363636363636363
07_2020,RI,H_RECMND,5,21,74,Willingness to Recommend the Hospital,Global Item,Rhode Island,New England,2018-10-01,2019-09-30,27.363636363636363
07_2020,SC,H_CLEAN_HSP,9,18,73,Cleanliness of Hospital Environment,Individual Item,South Carolina,South Atlantic,2018-10-01,2019-09-30,21.696428571428573
07_2020,SC,H_COMP_1,5,14,81,Communication with Nurses,Composite Measure,South Carolina,South Atlantic,2018-10-01,2019-09-30,21.696428571428573
07_2020,SC,H_COMP_2,5,13,82,Communication with Doctors,Composite Measure,South Carolina,South Atlantic,2018-10-01,2019-09-30,21.696428571428573
07_2020,SC,H_COMP_3,10,22,68,Responsiveness of Hospital Staff,Composite Measure,South Carolina,South Atlantic,2018-10-01,2019-09-30,21.696428571428573
07_2020,SC,H_COMP_5,17,17,66,Communication about Medicines,Composite Measure,South Carolina,South Atlantic,2018-10-01,2019-09-30,21.696428571428573
07_2020,SC,H_COMP_6,14,0,86,Discharge Information,Composite Measure,South Carolina,South Atlantic,2018-10-01,2019-09-30,21.696428571428573
07_2020,SC,H_COMP_7,6,40,54,Care Transition,Composite Measure,South Carolina,South Atlantic,2018-10-01,2019-09-30,21.696428571428573
07_2020,SC,H_HSP_RATING,9,19,72,Overall Hospital Rating,Global Item,South Carolina,South Atlantic,2018-10-01,2019-09-30,21.696428571428573
07_2020,SC,H_QUIET_HSP,9,26,65,Quietness of Hospital Environment,Individual Item,South Carolina,South Atlantic,2018-10-01,2019-09-30,21.696428571428573
07_2020,SC,H_RECMND,6,23,71,Willingness to Recommend the Hospital,Global Item,South Carolina,South Atlantic,2018-10-01,2019-09-30,21.696428571428573
07_2020,SD,H_CLEAN_HSP,5,14,81,Cleanliness of Hospital Environment,Individual Item,South Dakota,West North Central,2018-10-01,2019-09-30,33.45454545454545
07_2020,SD,H_COMP_1,2,13,85,Communication with Nurses,Composite Measure,South Dakota,West North Central,2018-10-01,2019-09-30,33.45454545454545
07_2020,SD,H_COMP_2,2,12,86,Communication with Doctors,Composite Measure,South Dakota,West North Central,2018-10-01,2019-09-30,33.45454545454545
07_2020,SD,H_COMP_3,4,17,79,Responsiveness of Hospital Staff,Composite Measure,South Dakota,West North Central,2018-10-01,2019-09-30,33.45454545454545
07_2020,SD,H_COMP_5,12,16,72,Communication about Medicines,Composite Measure,South Dakota,West North Central,2018-10-01,2019-09-30,33.45454545454545
07_2020,SD,H_COMP_6,13,0,87,Discharge Information,Composite Measure,South Dakota,West North Central,2018-10-01,2019-09-30,33.45454545454545
07_2020,SD,H_COMP_7,2,39,59,Care Transition,Composite Measure,South Dakota,West North Central,2018-10-01,2019-09-30,33.45454545454545
07_2020,SD,H_HSP_RATING,5,15,80,Overall Hospital Rating,Global Item,South Dakota,West North Central,2018-10-01,2019-09-30,33.45454545454545
07_2020,SD,H_QUIET_HSP,5,23,72,Quietness of Hospital Environment,Individual Item,South Dakota,West North Central,2018-10-01,2019-09-30,33.45454545454545
07_2020,SD,H_RECMND,2,17,81,Willingness to Recommend the Hospital,Global Item,South Dakota,West North Central,2018-10-01,2019-09-30,33.45454545454545
07_2020,TN,H_CLEAN_HSP,8,18,74,Cleanliness of Hospital Environment,Individual Item,Tennessee,East South Central,2018-10-01,2019-09-30,22.64516129032258
07_2020,TN,H_COMP_1,5,14,81,Communication with Nurses,Composite Measure,Tennessee,East South Central,2018-10-01,2019-09-30,22.64516129032258
07_2020,TN,H_COMP_2,5,14,81,Communication with Doctors,Composite Measure,Tennessee,East South Central,2018-10-01,2019-09-30,22.64516129032258
07_2020,TN,H_COMP_3,9,21,70,Responsiveness of Hospital Staff,Composite Measure,Tennessee,East South Central,2018-10-01,2019-09-30,22.64516129032258
07_2020,TN,H_COMP_5,18,17,65,Communication about Medicines,Composite Measure,Tennessee,East South Central,2018-10-01,2019-09-30,22.64516129032258
07_2020,TN,H_COMP_6,14,0,86,Discharge Information,Composite Measure,Tennessee,East South Central,2018-10-01,2019-09-30,22.64516129032258
07_2020,TN,H_COMP_7,5,43,52,Care Transition,Composite Measure,Tennessee,East South Central,2018-10-01,2019-09-30,22.64516129032258
07_2020,TN,H_HSP_RATING,8,20,72,Overall Hospital Rating,Global Item,Tennessee,East South Central,2018-10-01,2019-09-30,22.64516129032258
07_2020,TN,H_QUIET_HSP,8,27,65,Quietness of Hospital Environment,Individual Item,Tennessee,East South Central,2018-10-01,2019-09-30,22.64516129032258
07_2020,TN,H_RECMND,6,24,70,Willingness to Recommend the Hospital,Global Item,Tennessee,East South Central,2018-10-01,2019-09-30,22.64516129032258
07_2020,TX,H_CLEAN_HSP,7,15,78,Cleanliness of Hospital Environment,Individual Item,Texas,West South Central,2018-10-01,2019-09-30,21.94080996884735
07_2020,TX,H_COMP_1,4,14,82,Communication with Nurses,Composite Measure,Texas,West South Central,2018-10-01,2019-09-30,21.94080996884735
07_2020,TX,H_COMP_2,5,12,83,Communication with Doctors,Composite Measure,Texas,West South Central,2018-10-01,2019-09-30,21.94080996884735
07_2020,TX,H_COMP_3,8,20,72,Responsiveness of Hospital Staff,Composite Measure,Texas,West South Central,2018-10-01,2019-09-30,21.94080996884735
07_2020,TX,H_COMP_5,16,16,68,Communication about Medicines,Composite Measure,Texas,West South Central,2018-10-01,2019-09-30,21.94080996884735
07_2020,TX,H_COMP_6,13,0,87,Discharge Information,Composite Measure,Texas,West South Central,2018-10-01,2019-09-30,21.94080996884735
07_2020,TX,H_COMP_7,5,41,54,Care Transition,Composite Measure,Texas,West South Central,2018-10-01,2019-09-30,21.94080996884735
07_2020,TX,H_HSP_RATING,8,17,75,Overall Hospital Rating,Global Item,Texas,West South Central,2018-10-01,2019-09-30,21.94080996884735
07_2020,TX,H_QUIET_HSP,7,24,69,Quietness of Hospital Environment,Individual Item,Texas,West South Central,2018-10-01,2019-09-30,21.94080996884735
07_2020,TX,H_RECMND,5,21,74,Willingness to Recommend the Hospital,Global Item,Texas,West South Central,2018-10-01,2019-09-30,21.94080996884735
07_2020,UT,H_CLEAN_HSP,6,15,79,Cleanliness of Hospital Environment,Individual Item,Utah,Mountain,2018-10-01,2019-09-30,24.0
07_2020,UT,H_COMP_1,3,16,81,Communication with Nurses,Composite Measure,Utah,Mountain,2018-10-01,2019-09-30,24.0
07_2020,UT,H_COMP_2,3,14,83,Communication with Doctors,Composite Measure,Utah,Mountain,2018-10-01,2019-09-30,24.0
07_2020,UT,H_COMP_3,6,23,71,Responsiveness of Hospital Staff,Composite Measure,Utah,Mountain,2018-10-01,2019-09-30,24.0
07_2020,UT,H_COMP_5,16,19,65,Communication about Medicines,Composite Measure,Utah,Mountain,2018-10-01,2019-09-30,24.0
07_2020,UT,H_COMP_6,11,0,89,Discharge Information,Composite Measure,Utah,Mountain,2018-10-01,2019-09-30,24.0
07_2020,UT,H_COMP_7,4,39,57,Care Transition,Composite Measure,Utah,Mountain,2018-10-01,2019-09-30,24.0
07_2020,UT,H_HSP_RATING,5,19,76,Overall Hospital Rating,Global Item,Utah,Mountain,2018-10-01,2019-09-30,24.0
07_2020,UT,H_QUIET_HSP,7,30,63,Quietness of Hospital Environment,Individual Item,Utah,Mountain,2018-10-01,2019-09-30,24.0
07_2020,UT,H_RECMND,4,20,76,Willingness to Recommend the Hospital,Global Item,Utah,Mountain,2018-10-01,2019-09-30,24.0
07_2020,VA,H_CLEAN_HSP,9,17,74,Cleanliness of Hospital Environment,Individual Item,Virginia,South Atlantic,2018-10-01,2019-09-30,22.952380952380953
07_2020,VA,H_COMP_1,4,16,80,Communication with Nurses,Composite Measure,Virginia,South Atlantic,2018-10-01,2019-09-30,22.952380952380953
07_2020,VA,H_COMP_2,4,15,81,Communication with Doctors,Composite Measure,Virginia,South Atlantic,2018-10-01,2019-09-30,22.952380952380953
07_2020,VA,H_COMP_3,10,23,67,Responsiveness of Hospital Staff,Composite Measure,Virginia,South Atlantic,2018-10-01,2019-09-30,22.952380952380953
07_2020,VA,H_COMP_5,18,18,64,Communication about Medicines,Composite Measure,Virginia,South Atlantic,2018-10-01,2019-09-30,22.952380952380953
07_2020,VA,H_COMP_6,13,0,87,Discharge Information,Composite Measure,Virginia,South Atlantic,2018-10-01,2019-09-30,22.952380952380953
07_2020,VA,H_COMP_7,5,42,53,Care Transition,Composite Measure,Virginia,South Atlantic,2018-10-01,2019-09-30,22.952380952380953
07_2020,VA,H_HSP_RATING,8,21,71,Overall Hospital Rating,Global Item,Virginia,South Atlantic,2018-10-01,2019-09-30,22.952380952380953
07_2020,VA,H_QUIET_HSP,10,30,60,Quietness of Hospital Environment,Individual Item,Virginia,South Atlantic,2018-10-01,2019-09-30,22.952380952380953
07_2020,VA,H_RECMND,5,25,70,Willingness to Recommend the Hospital,Global Item,Virginia,South Atlantic,2018-10-01,2019-09-30,22.952380952380953
07_2020,VT,H_CLEAN_HSP,7,16,77,Cleanliness of Hospital Environment,Individual Item,Vermont,New England,2018-10-01,2019-09-30,30.384615384615383
07_2020,VT,H_COMP_1,3,14,83,Communication with Nurses,Composite Measure,Vermont,New England,2018-10-01,2019-09-30,30.384615384615383
07_2020,VT,H_COMP_2,3,13,84,Communication with Doctors,Composite Measure,Vermont,New England,2018-10-01,2019-09-30,30.384615384615383
07_2020,VT,H_COMP_3,5,23,72,Responsiveness of Hospital Staff,Composite Measure,Vermont,New England,2018-10-01,2019-09-30,30.384615384615383
07_2020,VT,H_COMP_5,16,19,65,Communication about Medicines,Composite Measure,Vermont,New England,2018-10-01,2019-09-30,30.384615384615383
07_2020,VT,H_COMP_6,10,0,90,Discharge Information,Composite Measure,Vermont,New England,2018-10-01,2019-09-30,30.384615384615383
07_2020,VT,H_COMP_7,4,39,57,Care Transition,Composite Measure,Vermont,New England,2018-10-01,2019-09-30,30.384615384615383
07_2020,VT,H_HSP_RATING,6,19,75,Overall Hospital Rating,Global Item,Vermont,New England,2018-10-01,2019-09-30,30.384615384615383
07_2020,VT,H_QUIET_HSP,11,35,54,Quietness of Hospital Environment,Individual Item,Vermont,New England,2018-10-01,2019-09-30,30.384615384615383
07_2020,VT,H_RECMND,4,21,75,Willingness to Recommend the Hospital,Global Item,Vermont,New England,2018-10-01,2019-09-30,30.384615384615383
07_2020,WA,H_CLEAN_HSP,7,17,76,Cleanliness of Hospital Environment,Individual Item,Washington,Pacific,2018-10-01,2019-09-30,25.358024691358025
07_2020,WA,H_COMP_1,4,16,80,Communication with Nurses,Composite Measure,Washington,Pacific,2018-10-01,2019-09-30,25.358024691358025
07_2020,WA,H_COMP_2,4,15,81,Communication with Doctors,Composite Measure,Washington,Pacific,2018-10-01,2019-09-30,25.358024691358025
07_2020,WA,H_COMP_3,8,23,69,Responsiveness of Hospital Staff,Composite Measure,Washington,Pacific,2018-10-01,2019-09-30,25.358024691358025
07_2020,WA,H_COMP_5,16,19,65,Communication about Medicines,Composite Measure,Washington,Pacific,2018-10-01,2019-09-30,25.358024691358025
07_2020,WA,H_COMP_6,12,0,88,Discharge Information,Composite Measure,Washington,Pacific,2018-10-01,2019-09-30,25.358024691358025
07_2020,WA,H_COMP_7,5,41,54,Care Transition,Composite Measure,Washington,Pacific,2018-10-01,2019-09-30,25.358024691358025
07_2020,WA,H_HSP_RATING,8,20,72,Overall Hospital Rating,Global Item,Washington,Pacific,2018-10-01,2019-09-30,25.358024691358025
07_2020,WA,H_QUIET_HSP,12,32,56,Quietness of Hospital Environment,Individual Item,Washington,Pacific,2018-10-01,2019-09-30,25.358024691358025
07_2020,WA,H_RECMND,5,23,72,Willingness to Recommend the Hospital,Global Item,Washington,Pacific,2018-10-01,2019-09-30,25.358024691358025
07_2020,WI,H_CLEAN_HSP,5,15,80,Cleanliness of Hospital Environment,Individual Item,Wisconsin,East North Central,2018-10-01,2019-09-30,34.89430894308943
07_2020,WI,H_COMP_1,2,14,84,Communication with Nurses,Composite Measure,Wisconsin,East North Central,2018-10-01,2019-09-30,34.89430894308943
07_2020,WI,H_COMP_2,3,14,83,Communication with Doctors,Composite Measure,Wisconsin,East North Central,2018-10-01,2019-09-30,34.89430894308943
07_2020,WI,H_COMP_3,5,21,74,Responsiveness of Hospital Staff,Composite Measure,Wisconsin,East North Central,2018-10-01,2019-09-30,34.89430894308943
07_2020,WI,H_COMP_5,13,17,70,Communication about Medicines,Composite Measure,Wisconsin,East North Central,2018-10-01,2019-09-30,34.89430894308943
07_2020,WI,H_COMP_6,10,0,90,Discharge Information,Composite Measure,Wisconsin,East North Central,2018-10-01,2019-09-30,34.89430894308943
07_2020,WI,H_COMP_7,4,38,58,Care Transition,Composite Measure,Wisconsin,East North Central,2018-10-01,2019-09-30,34.89430894308943
07_2020,WI,H_HSP_RATING,5,17,78,Overall Hospital Rating,Global Item,Wisconsin,East North Central,2018-10-01,2019-09-30,34.89430894308943
07_2020,WI,H_QUIET_HSP,6,29,65,Quietness of Hospital Environment,Individual Item,Wisconsin,East North Central,2018-10-01,2019-09-30,34.89430894308943
07_2020,WI,H_RECMND,3,21,76,Willingness to Recommend the Hospital,Global Item,Wisconsin,East North Central,2018-10-01,2019-09-30,34.89430894308943
07_2020,WV,H_CLEAN_HSP,8,16,76,Cleanliness of Hospital Environment,Individual Item,West Virginia,South Atlantic,2018-10-01,2019-09-30,25.340425531914892
07_2020,WV,H_COMP_1,4,15,81,Communication with Nurses,Composite Measure,West Virginia,South Atlantic,2018-10-01,2019-09-30,25.340425531914892
07_2020,WV,H_COMP_2,5,14,81,Communication with Doctors,Composite Measure,West Virginia,South Atlantic,2018-10-01,2019-09-30,25.340425531914892
07_2020,WV,H_COMP_3,8,20,72,Responsiveness of Hospital Staff,Composite Measure,West Virginia,South Atlantic,2018-10-01,2019-09-30,25.340425531914892
07_2020,WV,H_COMP_5,16,16,68,Communication about Medicines,Composite Measure,West Virginia,South Atlantic,2018-10-01,2019-09-30,25.340425531914892
07_2020,WV,H_COMP_6,13,0,87,Discharge Information,Composite Measure,West Virginia,South Atlantic,2018-10-01,2019-09-30,25.340425531914892
07_2020,WV,H_COMP_7,5,43,52,Care Transition,Composite Measure,West Virginia,South Atlantic,2018-10-01,2019-09-30,25.340425531914892
07_2020,WV,H_HSP_RATING,8,20,72,Overall Hospital Rating,Global Item,West Virginia,South Atlantic,2018-10-01,2019-09-30,25.340425531914892
07_2020,WV,H_QUIET_HSP,10,31,59,Quietness of Hospital Environment,Individual Item,West Virginia,South Atlantic,2018-10-01,2019-09-30,25.340425531914892
07_2020,WV,H_RECMND,5,26,69,Willingness to Recommend the Hospital,Global Item,West Virginia,South Atlantic,2018-10-01,2019-09-30,25.340425531914892
07_2020,WY,H_CLEAN_HSP,7,16,77,Cleanliness of Hospital Environment,Individual Item,Wyoming,Mountain,2018-10-01,2019-09-30,28.88
07_2020,WY,H_COMP_1,3,15,82,Communication with Nurses,Composite Measure,Wyoming,Mountain,2018-10-01,2019-09-30,28.88
07_2020,WY,H_COMP_2,4,13,83,Communication with Doctors,Composite Measure,Wyoming,Mountain,2018-10-01,2019-09-30,28.88
07_2020,WY,H_COMP_3,5,17,78,Responsiveness of Hospital Staff,Composite Measure,Wyoming,Mountain,2018-10-01,2019-09-30,28.88
07_2020,WY,H_COMP_5,11,18,71,Communication about Medicines,Composite Measure,Wyoming,Mountain,2018-10-01,2019-09-30,28.88
07_2020,WY,H_COMP_6,13,0,87,Discharge Information,Composite Measure,Wyoming,Mountain,2018-10-01,2019-09-30,28.88
07_2020,WY,H_COMP_7,4,41,55,Care Transition,Composite Measure,Wyoming,Mountain,2018-10-01,2019-09-30,28.88
07_2020,WY,H_HSP_RATING,6,23,71,Overall Hospital Rating,Global Item,Wyoming,Mountain,2018-10-01,2019-09-30,28.88
07_2020,WY,H_QUIET_HSP,8,29,63,Quietness of Hospital Environment,Individual Item,Wyoming,Mountain,2018-10-01,2019-09-30,28.88
07_2020,WY,H_RECMND,3,26,71,Willingness to Recommend the Hospital,Global Item,Wyoming,Mountain,2018-10-01,2019-09-30,28.88
07_2021,AK,H_CLEAN_HSP,8,22,70,Cleanliness of Hospital Environment,Individual Item,Alaska,Pacific,2019-10-01,2020-09-30,19.928571428571427
07_2021,AK,H_COMP_1,5,16,79,Communication with Nurses,Composite Measure,Alaska,Pacific,2019-10-01,2020-09-30,19.928571428571427
07_2021,AK,H_COMP_2,5,13,82,Communication with Doctors,Composite Measure,Alaska,Pacific,2019-10-01,2020-09-30,19.928571428571427
07_2021,AK,H_COMP_3,7,16,77,Responsiveness of Hospital Staff,Composite Measure,Alaska,Pacific,2019-10-01,2020-09-30,19.928571428571427
07_2021,AK,H_COMP_5,17,16,67,Communication about Medicines,Composite Measure,Alaska,Pacific,2019-10-01,2020-09-30,19.928571428571427
07_2021,AK,H_COMP_6,13,0,87,Discharge Information,Composite Measure,Alaska,Pacific,2019-10-01,2020-09-30,19.928571428571427
07_2021,AK,H_COMP_7,4,47,49,Care Transition,Composite Measure,Alaska,Pacific,2019-10-01,2020-09-30,19.928571428571427
07_2021,AK,H_HSP_RATING,9,19,72,Overall Hospital Rating,Global Item,Alaska,Pacific,2019-10-01,2020-09-30,19.928571428571427
07_2021,AK,H_QUIET_HSP,8,30,62,Quietness of Hospital Environment,Individual Item,Alaska,Pacific,2019-10-01,2020-09-30,19.928571428571427
07_2021,AK,H_RECMND,7,23,70,Willingness to Recommend the Hospital,Global Item,Alaska,Pacific,2019-10-01,2020-09-30,19.928571428571427
07_2021,AL,H_CLEAN_HSP,9,16,75,Cleanliness of Hospital Environment,Individual Item,Alabama,East South Central,2019-10-01,2020-09-30,23.49397590361446
07_2021,AL,H_COMP_1,5,13,82,Communication with Nurses,Composite Measure,Alabama,East South Central,2019-10-01,2020-09-30,23.49397590361446
07_2021,AL,H_COMP_2,5,11,84,Communication with Doctors,Composite Measure,Alabama,East South Central,2019-10-01,2020-09-30,23.49397590361446
07_2021,AL,H_COMP_3,10,18,72,Responsiveness of Hospital Staff,Composite Measure,Alabama,East South Central,2019-10-01,2020-09-30,23.49397590361446
07_2021,AL,H_COMP_5,16,15,69,Communication about Medicines,Composite Measure,Alabama,East South Central,2019-10-01,2020-09-30,23.49397590361446
07_2021,AL,H_COMP_6,14,0,86,Discharge Information,Composite Measure,Alabama,East South Central,2019-10-01,2020-09-30,23.49397590361446
07_2021,AL,H_COMP_7,5,42,53,Care Transition,Composite Measure,Alabama,East South Central,2019-10-01,2020-09-30,23.49397590361446
07_2021,AL,H_HSP_RATING,8,19,73,Overall Hospital Rating,Global Item,Alabama,East South Central,2019-10-01,2020-09-30,23.49397590361446
07_2021,AL,H_QUIET_HSP,7,23,70,Quietness of Hospital Environment,Individual Item,Alabama,East South Central,2019-10-01,2020-09-30,23.49397590361446
07_2021,AL,H_RECMND,6,24,70,Willingness to Recommend the Hospital,Global Item,Alabama,East South Central,2019-10-01,2020-09-30,23.49397590361446
07_2021,AR,H_CLEAN_HSP,7,17,76,Cleanliness of Hospital Environment,Individual Item,Arkansas,West South Central,2019-10-01,2020-09-30,24.514285714285716
07_2021,AR,H_COMP_1,4,15,81,Communication with Nurses,Composite Measure,Arkansas,West South Central,2019-10-01,2020-09-30,24.514285714285716
07_2021,AR,H_COMP_2,4,12,84,Communication with Doctors,Composite Measure,Arkansas,West South Central,2019-10-01,2020-09-30,24.514285714285716
07_2021,AR,H_COMP_3,8,21,71,Responsiveness of Hospital Staff,Composite Measure,Arkansas,West South Central,2019-10-01,2020-09-30,24.514285714285716
07_2021,AR,H_COMP_5,18,16,66,Communication about Medicines,Composite Measure,Arkansas,West South Central,2019-10-01,2020-09-30,24.514285714285716
07_2021,AR,H_COMP_6,15,0,85,Discharge Information,Composite Measure,Arkansas,West South Central,2019-10-01,2020-09-30,24.514285714285716
07_2021,AR,H_COMP_7,5,41,54,Care Transition,Composite Measure,Arkansas,West South Central,2019-10-01,2020-09-30,24.514285714285716
07_2021,AR,H_HSP_RATING,7,21,72,Overall Hospital Rating,Global Item,Arkansas,West South Central,2019-10-01,2020-09-30,24.514285714285716
07_2021,AR,H_QUIET_HSP,8,26,66,Quietness of Hospital Environment,Individual Item,Arkansas,West South Central,2019-10-01,2020-09-30,24.514285714285716
07_2021,AR,H_RECMND,5,24,71,Willingness to Recommend the Hospital,Global Item,Arkansas,West South Central,2019-10-01,2020-09-30,24.514285714285716
07_2021,AZ,H_CLEAN_HSP,9,19,72,Cleanliness of Hospital Environment,Individual Item,Arizona,Mountain,2019-10-01,2020-09-30,26.267605633802816
07_2021,AZ,H_COMP_1,5,18,77,Communication with Nurses,Composite Measure,Arizona,Mountain,2019-10-01,2020-09-30,26.267605633802816
07_2021,AZ,H_COMP_2,6,17,77,Communication with Doctors,Composite Measure,Arizona,Mountain,2019-10-01,2020-09-30,26.267605633802816
07_2021,AZ,H_COMP_3,10,23,67,Responsiveness of Hospital Staff,Composite Measure,Arizona,Mountain,2019-10-01,2020-09-30,26.267605633802816
07_2021,AZ,H_COMP_5,18,18,64,Communication about Medicines,Composite Measure,Arizona,Mountain,2019-10-01,2020-09-30,26.267605633802816
07_2021,AZ,H_COMP_6,14,0,86,Discharge Information,Composite Measure,Arizona,Mountain,2019-10-01,2020-09-30,26.267605633802816
07_2021,AZ,H_COMP_7,7,43,50,Care Transition,Composite Measure,Arizona,Mountain,2019-10-01,2020-09-30,26.267605633802816
07_2021,AZ,H_HSP_RATING,9,21,70,Overall Hospital Rating,Global Item,Arizona,Mountain,2019-10-01,2020-09-30,26.267605633802816
07_2021,AZ,H_QUIET_HSP,12,31,57,Quietness of Hospital Environment,Individual Item,Arizona,Mountain,2019-10-01,2020-09-30,26.267605633802816
07_2021,AZ,H_RECMND,6,25,69,Willingness to Recommend the Hospital,Global Item,Arizona,Mountain,2019-10-01,2020-09-30,26.267605633802816
07_2021,CA,H_CLEAN_HSP,9,18,73,Cleanliness of Hospital Environment,Individual Item,California,Pacific,2019-10-01,2020-09-30,21.514195583596216
07_2021,CA,H_COMP_1,6,17,77,Communication with Nurses,Composite Measure,California,Pacific,2019-10-01,2020-09-30,21.514195583596216
07_2021,CA,H_COMP_2,6,16,78,Communication with Doctors,Composite Measure,California,Pacific,2019-10-01,2020-09-30,21.514195583596216
07_2021,CA,H_COMP_3,11,25,64,Responsiveness of Hospital Staff,Composite Measure,California,Pacific,2019-10-01,2020-09-30,21.514195583596216
07_2021,CA,H_COMP_5,19,18,63,Communication about Medicines,Composite Measure,California,Pacific,2019-10-01,2020-09-30,21.514195583596216
07_2021,CA,H_COMP_6,14,0,86,Discharge Information,Composite Measure,California,Pacific,2019-10-01,2020-09-30,21.514195583596216
07_2021,CA,H_COMP_7,6,44,50,Care Transition,Composite Measure,California,Pacific,2019-10-01,2020-09-30,21.514195583596216
07_2021,CA,H_HSP_RATING,9,21,70,Overall Hospital Rating,Global Item,California,Pacific,2019-10-01,2020-09-30,21.514195583596216
07_2021,CA,H_QUIET_HSP,16,33,51,Quietness of Hospital Environment,Individual Item,California,Pacific,2019-10-01,2020-09-30,21.514195583596216
07_2021,CA,H_RECMND,6,24,70,Willingness to Recommend the Hospital,Global Item,California,Pacific,2019-10-01,2020-09-30,21.514195583596216
07_2021,CO,H_CLEAN_HSP,7,17,76,Cleanliness of Hospital Environment,Individual Item,Colorado,Mountain,2019-10-01,2020-09-30,26.52054794520548
07_2021,CO,H_COMP_1,3,15,82,Communication with Nurses,Composite Measure,Colorado,Mountain,2019-10-01,2020-09-30,26.52054794520548
07_2021,CO,H_COMP_2,4,13,83,Communication with Doctors,Composite Measure,Colorado,Mountain,2019-10-01,2020-09-30,26.52054794520548
07_2021,CO,H_COMP_3,6,21,73,Responsiveness of Hospital Staff,Composite Measure,Colorado,Mountain,2019-10-01,2020-09-30,26.52054794520548
07_2021,CO,H_COMP_5,15,17,68,Communication about Medicines,Composite Measure,Colorado,Mountain,2019-10-01,2020-09-30,26.52054794520548
07_2021,CO,H_COMP_6,11,0,89,Discharge Information,Composite Measure,Colorado,Mountain,2019-10-01,2020-09-30,26.52054794520548
07_2021,CO,H_COMP_7,4,40,56,Care Transition,Composite Measure,Colorado,Mountain,2019-10-01,2020-09-30,26.52054794520548
07_2021,CO,H_HSP_RATING,6,17,77,Overall Hospital Rating,Global Item,Colorado,Mountain,2019-10-01,2020-09-30,26.52054794520548
07_2021,CO,H_QUIET_HSP,7,27,66,Quietness of Hospital Environment,Individual Item,Colorado,Mountain,2019-10-01,2020-09-30,26.52054794520548
07_2021,CO,H_RECMND,4,20,76,Willingness to Recommend the Hospital,Global Item,Colorado,Mountain,2019-10-01,2020-09-30,26.52054794520548
07_2021,CT,H_CLEAN_HSP,8,18,74,Cleanliness of Hospital Environment,Individual Item,Connecticut,New England,2019-10-01,2020-09-30,23.555555555555557
07_2021,CT,H_COMP_1,4,16,80,Communication with Nurses,Composite Measure,Connecticut,New England,2019-10-01,2020-09-30,23.555555555555557
07_2021,CT,H_COMP_2,5,15,80,Communication with Doctors,Composite Measure,Connecticut,New England,2019-10-01,2020-09-30,23.555555555555557
07_2021,CT,H_COMP_3,10,25,65,Responsiveness of Hospital Staff,Composite Measure,Connecticut,New England,2019-10-01,2020-09-30,23.555555555555557
07_2021,CT,H_COMP_5,19,17,64,Communication about Medicines,Composite Measure,Connecticut,New England,2019-10-01,2020-09-30,23.555555555555557
07_2021,CT,H_COMP_6,12,0,88,Discharge Information,Composite Measure,Connecticut,New England,2019-10-01,2020-09-30,23.555555555555557
07_2021,CT,H_COMP_7,5,43,52,Care Transition,Composite Measure,Connecticut,New England,2019-10-01,2020-09-30,23.555555555555557
07_2021,CT,H_HSP_RATING,8,22,70,Overall Hospital Rating,Global Item,Connecticut,New England,2019-10-01,2020-09-30,23.555555555555557
07_2021,CT,H_QUIET_HSP,14,33,53,Quietness of Hospital Environment,Individual Item,Connecticut,New England,2019-10-01,2020-09-30,23.555555555555557
07_2021,CT,H_RECMND,5,24,71,Willingness to Recommend the Hospital,Global Item,Connecticut,New England,2019-10-01,2020-09-30,23.555555555555557
07_2021,DC,H_CLEAN_HSP,14,19,67,Cleanliness of Hospital Environment,Individual Item,District of Columbia,South Atlantic,2019-10-01,2020-09-30,18.714285714285715
07_2021,DC,H_COMP_1,10,19,71,Communication with Nurses,Composite Measure,District of Columbia,South Atlantic,2019-10-01,2020-09-30,18.714285714285715
07_2021,DC,H_COMP_2,7,16,77,Communication with Doctors,Composite Measure,District of Columbia,South Atlantic,2019-10-01,2020-09-30,18.714285714285715
07_2021,DC,H_COMP_3,19,24,57,Responsiveness of Hospital Staff,Composite Measure,District of Columbia,South Atlantic,2019-10-01,2020-09-30,18.714285714285715
07_2021,DC,H_COMP_5,23,18,59,Communication about Medicines,Composite Measure,District of Columbia,South Atlantic,2019-10-01,2020-09-30,18.714285714285715
07_2021,DC,H_COMP_6,16,0,84,Discharge Information,Composite Measure,District of Columbia,South Atlantic,2019-10-01,2020-09-30,18.714285714285715
07_2021,DC,H_COMP_7,9,44,47,Care Transition,Composite Measure,District of Columbia,South Atlantic,2019-10-01,2020-09-30,18.714285714285715
07_2021,DC,H_HSP_RATING,15,23,62,Overall Hospital Rating,Global Item,District of Columbia,South Atlantic,2019-10-01,2020-09-30,18.714285714285715
07_2021,DC,H_QUIET_HSP,16,28,56,Quietness of Hospital Environment,Individual Item,District of Columbia,South Atlantic,2019-10-01,2020-09-30,18.714285714285715
07_2021,DC,H_RECMND,11,27,62,Willingness to Recommend the Hospital,Global Item,District of Columbia,South Atlantic,2019-10-01,2020-09-30,18.714285714285715
07_2021,DE,H_CLEAN_HSP,9,19,72,Cleanliness of Hospital Environment,Individual Item,Delaware,South Atlantic,2019-10-01,2020-09-30,23.285714285714285
07_2021,DE,H_COMP_1,5,15,80,Communication with Nurses,Composite Measure,Delaware,South Atlantic,2019-10-01,2020-09-30,23.285714285714285
07_2021,DE,H_COMP_2,5,16,79,Communication with Doctors,Composite Measure,Delaware,South Atlantic,2019-10-01,2020-09-30,23.285714285714285
07_2021,DE,H_COMP_3,9,23,68,Responsiveness of Hospital Staff,Composite Measure,Delaware,South Atlantic,2019-10-01,2020-09-30,23.285714285714285
07_2021,DE,H_COMP_5,18,18,64,Communication about Medicines,Composite Measure,Delaware,South Atlantic,2019-10-01,2020-09-30,23.285714285714285
07_2021,DE,H_COMP_6,13,0,87,Discharge Information,Composite Measure,Delaware,South Atlantic,2019-10-01,2020-09-30,23.285714285714285
07_2021,DE,H_COMP_7,6,40,54,Care Transition,Composite Measure,Delaware,South Atlantic,2019-10-01,2020-09-30,23.285714285714285
07_2021,DE,H_HSP_RATING,8,21,71,Overall Hospital Rating,Global Item,Delaware,South Atlantic,2019-10-01,2020-09-30,23.285714285714285
07_2021,DE,H_QUIET_HSP,11,31,58,Quietness of Hospital Environment,Individual Item,Delaware,South Atlantic,2019-10-01,2020-09-30,23.285714285714285
07_2021,DE,H_RECMND,5,25,70,Willingness to Recommend the Hospital,Global Item,Delaware,South Atlantic,2019-10-01,2020-09-30,23.285714285714285
07_2021,FL,H_CLEAN_HSP,10,19,71,Cleanliness of Hospital Environment,Individual Item,Florida,South Atlantic,2019-10-01,2020-09-30,21.21142857142857
07_2021,FL,H_COMP_1,6,17,77,Communication with Nurses,Composite Measure,Florida,South Atlantic,2019-10-01,2020-09-30,21.21142857142857
07_2021,FL,H_COMP_2,6,17,77,Communication with Doctors,Composite Measure,Florida,South Atlantic,2019-10-01,2020-09-30,21.21142857142857
07_2021,FL,H_COMP_3,12,24,64,Responsiveness of Hospital Staff,Composite Measure,Florida,South Atlantic,2019-10-01,2020-09-30,21.21142857142857
07_2021,FL,H_COMP_5,21,17,62,Communication about Medicines,Composite Measure,Florida,South Atlantic,2019-10-01,2020-09-30,21.21142857142857
07_2021,FL,H_COMP_6,15,0,85,Discharge Information,Composite Measure,Florida,South Atlantic,2019-10-01,2020-09-30,21.21142857142857
07_2021,FL,H_COMP_7,7,42,51,Care Transition,Composite Measure,Florida,South Atlantic,2019-10-01,2020-09-30,21.21142857142857
07_2021,FL,H_HSP_RATING,10,21,69,Overall Hospital Rating,Global Item,Florida,South Atlantic,2019-10-01,2020-09-30,21.21142857142857
07_2021,FL,H_QUIET_HSP,13,29,58,Quietness of Hospital Environment,Individual Item,Florida,South Atlantic,2019-10-01,2020-09-30,21.21142857142857
07_2021,FL,H_RECMND,7,23,70,Willingness to Recommend the Hospital,Global Item,Florida,South Atlantic,2019-10-01,2020-09-30,21.21142857142857
07_2021,GA,H_CLEAN_HSP,9,18,73,Cleanliness of Hospital Environment,Individual Item,Georgia,South Atlantic,2019-10-01,2020-09-30,19.578512396694215
07_2021,GA,H_COMP_1,5,15,80,Communication with Nurses,Composite Measure,Georgia,South Atlantic,2019-10-01,2020-09-30,19.578512396694215
07_2021,GA,H_COMP_2,5,13,82,Communication with Doctors,Composite Measure,Georgia,South Atlantic,2019-10-01,2020-09-30,19.578512396694215
07_2021,GA,H_COMP_3,11,22,67,Responsiveness of Hospital Staff,Composite Measure,Georgia,South Atlantic,2019-10-01,2020-09-30,19.578512396694215
07_2021,GA,H_COMP_5,18,17,65,Communication about Medicines,Composite Measure,Georgia,South Atlantic,2019-10-01,2020-09-30,19.578512396694215
07_2021,GA,H_COMP_6,15,0,85,Discharge Information,Composite Measure,Georgia,South Atlantic,2019-10-01,2020-09-30,19.578512396694215
07_2021,GA,H_COMP_7,6,41,53,Care Transition,Composite Measure,Georgia,South Atlantic,2019-10-01,2020-09-30,19.578512396694215
07_2021,GA,H_HSP_RATING,9,19,72,Overall Hospital Rating,Global Item,Georgia,South Atlantic,2019-10-01,2020-09-30,19.578512396694215
07_2021,GA,H_QUIET_HSP,8,25,67,Quietness of Hospital Environment,Individual Item,Georgia,South Atlantic,2019-10-01,2020-09-30,19.578512396694215
07_2021,GA,H_RECMND,6,24,70,Willingness to Recommend the Hospital,Global Item,Georgia,South Atlantic,2019-10-01,2020-09-30,19.578512396694215
07_2021,HI,H_CLEAN_HSP,6,16,78,Cleanliness of Hospital Environment,Individual Item,Hawaii,Pacific,2019-10-01,2020-09-30,24.571428571428573
07_2021,HI,H_COMP_1,4,16,80,Communication with Nurses,Composite Measure,Hawaii,Pacific,2019-10-01,2020-09-30,24.571428571428573
07_2021,HI,H_COMP_2,3,14,83,Communication with Doctors,Composite Measure,Hawaii,Pacific,2019-10-01,2020-09-30,24.571428571428573
07_2021,HI,H_COMP_3,8,24,68,Responsiveness of Hospital Staff,Composite Measure,Hawaii,Pacific,2019-10-01,2020-09-30,24.571428571428573
07_2021,HI,H_COMP_5,15,18,67,Communication about Medicines,Composite Measure,Hawaii,Pacific,2019-10-01,2020-09-30,24.571428571428573
07_2021,HI,H_COMP_6,15,0,85,Discharge Information,Composite Measure,Hawaii,Pacific,2019-10-01,2020-09-30,24.571428571428573
07_2021,HI,H_COMP_7,5,41,54,Care Transition,Composite Measure,Hawaii,Pacific,2019-10-01,2020-09-30,24.571428571428573
07_2021,HI,H_HSP_RATING,6,24,70,Overall Hospital Rating,Global Item,Hawaii,Pacific,2019-10-01,2020-09-30,24.571428571428573
07_2021,HI,H_QUIET_HSP,10,31,59,Quietness of Hospital Environment,Individual Item,Hawaii,Pacific,2019-10-01,2020-09-30,24.571428571428573
07_2021,HI,H_RECMND,4,27,69,Willingness to Recommend the Hospital,Global Item,Hawaii,Pacific,2019-10-01,2020-09-30,24.571428571428573
07_2021,IA,H_CLEAN_HSP,4,14,82,Cleanliness of Hospital Environment,Individual Item,Iowa,West North Central,2019-10-01,2020-09-30,33.86666666666667
07_2021,IA,H_COMP_1,2,14,84,Communication with Nurses,Composite Measure,Iowa,West North Central,2019-10-01,2020-09-30,33.86666666666667
07_2021,IA,H_COMP_2,3,12,85,Communication with Doctors,Composite Measure,Iowa,West North Central,2019-10-01,2020-09-30,33.86666666666667
07_2021,IA,H_COMP_3,4,22,74,Responsiveness of Hospital Staff,Composite Measure,Iowa,West North Central,2019-10-01,2020-09-30,33.86666666666667
07_2021,IA,H_COMP_5,13,19,68,Communication about Medicines,Composite Measure,Iowa,West North Central,2019-10-01,2020-09-30,33.86666666666667
07_2021,IA,H_COMP_6,12,0,88,Discharge Information,Composite Measure,Iowa,West North Central,2019-10-01,2020-09-30,33.86666666666667
07_2021,IA,H_COMP_7,3,41,56,Care Transition,Composite Measure,Iowa,West North Central,2019-10-01,2020-09-30,33.86666666666667
07_2021,IA,H_HSP_RATING,5,16,79,Overall Hospital Rating,Global Item,Iowa,West North Central,2019-10-01,2020-09-30,33.86666666666667
07_2021,IA,H_QUIET_HSP,6,26,68,Quietness of Hospital Environment,Individual Item,Iowa,West North Central,2019-10-01,2020-09-30,33.86666666666667
07_2021,IA,H_RECMND,3,21,76,Willingness to Recommend the Hospital,Global Item,Iowa,West North Central,2019-10-01,2020-09-30,33.86666666666667
07_2021,ID,H_CLEAN_HSP,6,15,79,Cleanliness of Hospital Environment,Individual Item,Idaho,Mountain,2019-10-01,2020-09-30,30.054054054054053
07_2021,ID,H_COMP_1,3,15,82,Communication with Nurses,Composite Measure,Idaho,Mountain,2019-10-01,2020-09-30,30.054054054054053
07_2021,ID,H_COMP_2,3,13,84,Communication with Doctors,Composite Measure,Idaho,Mountain,2019-10-01,2020-09-30,30.054054054054053
07_2021,ID,H_COMP_3,5,20,75,Responsiveness of Hospital Staff,Composite Measure,Idaho,Mountain,2019-10-01,2020-09-30,30.054054054054053
07_2021,ID,H_COMP_5,16,17,67,Communication about Medicines,Composite Measure,Idaho,Mountain,2019-10-01,2020-09-30,30.054054054054053
07_2021,ID,H_COMP_6,10,0,90,Discharge Information,Composite Measure,Idaho,Mountain,2019-10-01,2020-09-30,30.054054054054053
07_2021,ID,H_COMP_7,4,40,56,Care Transition,Composite Measure,Idaho,Mountain,2019-10-01,2020-09-30,30.054054054054053
07_2021,ID,H_HSP_RATING,5,19,76,Overall Hospital Rating,Global Item,Idaho,Mountain,2019-10-01,2020-09-30,30.054054054054053
07_2021,ID,H_QUIET_HSP,8,30,62,Quietness of Hospital Environment,Individual Item,Idaho,Mountain,2019-10-01,2020-09-30,30.054054054054053
07_2021,ID,H_RECMND,4,21,75,Willingness to Recommend the Hospital,Global Item,Idaho,Mountain,2019-10-01,2020-09-30,30.054054054054053
07_2021,IL,H_CLEAN_HSP,7,17,76,Cleanliness of Hospital Environment,Individual Item,Illinois,East North Central,2019-10-01,2020-09-30,24.929411764705883
07_2021,IL,H_COMP_1,4,15,81,Communication with Nurses,Composite Measure,Illinois,East North Central,2019-10-01,2020-09-30,24.929411764705883
07_2021,IL,H_COMP_2,4,15,81,Communication with Doctors,Composite Measure,Illinois,East North Central,2019-10-01,2020-09-30,24.929411764705883
07_2021,IL,H_COMP_3,8,23,69,Responsiveness of Hospital Staff,Composite Measure,Illinois,East North Central,2019-10-01,2020-09-30,24.929411764705883
07_2021,IL,H_COMP_5,17,17,66,Communication about Medicines,Composite Measure,Illinois,East North Central,2019-10-01,2020-09-30,24.929411764705883
07_2021,IL,H_COMP_6,13,0,87,Discharge Information,Composite Measure,Illinois,East North Central,2019-10-01,2020-09-30,24.929411764705883
07_2021,IL,H_COMP_7,5,42,53,Care Transition,Composite Measure,Illinois,East North Central,2019-10-01,2020-09-30,24.929411764705883
07_2021,IL,H_HSP_RATING,8,19,73,Overall Hospital Rating,Global Item,Illinois,East North Central,2019-10-01,2020-09-30,24.929411764705883
07_2021,IL,H_QUIET_HSP,9,29,62,Quietness of Hospital Environment,Individual Item,Illinois,East North Central,2019-10-01,2020-09-30,24.929411764705883
07_2021,IL,H_RECMND,5,25,70,Willingness to Recommend the Hospital,Global Item,Illinois,East North Central,2019-10-01,2020-09-30,24.929411764705883
07_2021,IN,H_CLEAN_HSP,7,16,77,Cleanliness of Hospital Environment,Individual Item,Indiana,East North Central,2019-10-01,2020-09-30,27.42056074766355
07_2021,IN,H_COMP_1,3,16,81,Communication with Nurses,Composite Measure,Indiana,East North Central,2019-10-01,2020-09-30,27.42056074766355
07_2021,IN,H_COMP_2,4,15,81,Communication with Doctors,Composite Measure,Indiana,East North Central,2019-10-01,2020-09-30,27.42056074766355
07_2021,IN,H_COMP_3,7,23,70,Responsiveness of Hospital Staff,Composite Measure,Indiana,East North Central,2019-10-01,2020-09-30,27.42056074766355
07_2021,IN,H_COMP_5,17,18,65,Communication about Medicines,Composite Measure,Indiana,East North Central,2019-10-01,2020-09-30,27.42056074766355
07_2021,IN,H_COMP_6,12,0,88,Discharge Information,Composite Measure,Indiana,East North Central,2019-10-01,2020-09-30,27.42056074766355
07_2021,IN,H_COMP_7,5,40,55,Care Transition,Composite Measure,Indiana,East North Central,2019-10-01,2020-09-30,27.42056074766355
07_2021,IN,H_HSP_RATING,7,18,75,Overall Hospital Rating,Global Item,Indiana,East North Central,2019-10-01,2020-09-30,27.42056074766355
07_2021,IN,H_QUIET_HSP,9,30,61,Quietness of Hospital Environment,Individual Item,Indiana,East North Central,2019-10-01,2020-09-30,27.42056074766355
07_2021,IN,H_RECMND,5,22,73,Willingness to Recommend the Hospital,Global Item,Indiana,East North Central,2019-10-01,2020-09-30,27.42056074766355
07_2021,KS,H_CLEAN_HSP,5,14,81,Cleanliness of Hospital Environment,Individual Item,Kansas,West North Central,2019-10-01,2020-09-30,31.784313725490197
07_2021,KS,H_COMP_1,3,14,83,Communication with Nurses,Composite Measure,Kansas,West North Central,2019-10-01,2020-09-30,31.784313725490197
07_2021,KS,H_COMP_2,3,12,85,Communication with Doctors,Composite Measure,Kansas,West North Central,2019-10-01,2020-09-30,31.784313725490197
07_2021,KS,H_COMP_3,5,19,76,Responsiveness of Hospital Staff,Composite Measure,Kansas,West North Central,2019-10-01,2020-09-30,31.784313725490197
07_2021,KS,H_COMP_5,14,17,69,Communication about Medicines,Composite Measure,Kansas,West North Central,2019-10-01,2020-09-30,31.784313725490197
07_2021,KS,H_COMP_6,12,0,88,Discharge Information,Composite Measure,Kansas,West North Central,2019-10-01,2020-09-30,31.784313725490197
07_2021,KS,H_COMP_7,4,37,59,Care Transition,Composite Measure,Kansas,West North Central,2019-10-01,2020-09-30,31.784313725490197
07_2021,KS,H_HSP_RATING,5,17,78,Overall Hospital Rating,Global Item,Kansas,West North Central,2019-10-01,2020-09-30,31.784313725490197
07_2021,KS,H_QUIET_HSP,6,26,68,Quietness of Hospital Environment,Individual Item,Kansas,West North Central,2019-10-01,2020-09-30,31.784313725490197
07_2021,KS,H_RECMND,3,19,78,Willingness to Recommend the Hospital,Global Item,Kansas,West North Central,2019-10-01,2020-09-30,31.784313725490197
07_2021,KY,H_CLEAN_HSP,8,16,76,Cleanliness of Hospital Environment,Individual Item,Kentucky,East South Central,2019-10-01,2020-09-30,22.047619047619047
07_2021,KY,H_COMP_1,4,15,81,Communication with Nurses,Composite Measure,Kentucky,East South Central,2019-10-01,2020-09-30,22.047619047619047
07_2021,KY,H_COMP_2,4,13,83,Communication with Doctors,Composite Measure,Kentucky,East South Central,2019-10-01,2020-09-30,22.047619047619047
07_2021,KY,H_COMP_3,9,22,69,Responsiveness of Hospital Staff,Composite Measure,Kentucky,East South Central,2019-10-01,2020-09-30,22.047619047619047
07_2021,KY,H_COMP_5,17,17,66,Communication about Medicines,Composite Measure,Kentucky,East South Central,2019-10-01,2020-09-30,22.047619047619047
07_2021,KY,H_COMP_6,13,0,87,Discharge Information,Composite Measure,Kentucky,East South Central,2019-10-01,2020-09-30,22.047619047619047
07_2021,KY,H_COMP_7,5,41,54,Care Transition,Composite Measure,Kentucky,East South Central,2019-10-01,2020-09-30,22.047619047619047
07_2021,KY,H_HSP_RATING,8,19,73,Overall Hospital Rating,Global Item,Kentucky,East South Central,2019-10-01,2020-09-30,22.047619047619047
07_2021,KY,H_QUIET_HSP,8,28,64,Quietness of Hospital Environment,Individual Item,Kentucky,East South Central,2019-10-01,2020-09-30,22.047619047619047
07_2021,KY,H_RECMND,5,25,70,Willingness to Recommend the Hospital,Global Item,Kentucky,East South Central,2019-10-01,2020-09-30,22.047619047619047
07_2021,LA,H_CLEAN_HSP,7,14,79,Cleanliness of Hospital Environment,Individual Item,Louisiana,West South Central,2019-10-01,2020-09-30,22.705263157894738
07_2021,LA,H_COMP_1,3,12,85,Communication with Nurses,Composite Measure,Louisiana,West South Central,2019-10-01,2020-09-30,22.705263157894738
07_2021,LA,H_COMP_2,3,11,86,Communication with Doctors,Composite Measure,Louisiana,West South Central,2019-10-01,2020-09-30,22.705263157894738
07_2021,LA,H_COMP_3,8,17,75,Responsiveness of Hospital Staff,Composite Measure,Louisiana,West South Central,2019-10-01,2020-09-30,22.705263157894738
07_2021,LA,H_COMP_5,15,14,71,Communication about Medicines,Composite Measure,Louisiana,West South Central,2019-10-01,2020-09-30,22.705263157894738
07_2021,LA,H_COMP_6,13,0,87,Discharge Information,Composite Measure,Louisiana,West South Central,2019-10-01,2020-09-30,22.705263157894738
07_2021,LA,H_COMP_7,5,36,59,Care Transition,Composite Measure,Louisiana,West South Central,2019-10-01,2020-09-30,22.705263157894738
07_2021,LA,H_HSP_RATING,6,16,78,Overall Hospital Rating,Global Item,Louisiana,West South Central,2019-10-01,2020-09-30,22.705263157894738
07_2021,LA,H_QUIET_HSP,6,20,74,Quietness of Hospital Environment,Individual Item,Louisiana,West South Central,2019-10-01,2020-09-30,22.705263157894738
07_2021,LA,H_RECMND,4,20,76,Willingness to Recommend the Hospital,Global Item,Louisiana,West South Central,2019-10-01,2020-09-30,22.705263157894738
07_2021,MA,H_CLEAN_HSP,8,20,72,Cleanliness of Hospital Environment,Individual Item,Massachusetts,New England,2019-10-01,2020-09-30,24.74137931034483
07_2021,MA,H_COMP_1,4,15,81,Communication with Nurses,Composite Measure,Massachusetts,New England,2019-10-01,2020-09-30,24.74137931034483
07_2021,MA,H_COMP_2,5,15,80,Communication with Doctors,Composite Measure,Massachusetts,New England,2019-10-01,2020-09-30,24.74137931034483
07_2021,MA,H_COMP_3,9,25,66,Responsiveness of Hospital Staff,Composite Measure,Massachusetts,New England,2019-10-01,2020-09-30,24.74137931034483
07_2021,MA,H_COMP_5,18,18,64,Communication about Medicines,Composite Measure,Massachusetts,New England,2019-10-01,2020-09-30,24.74137931034483
07_2021,MA,H_COMP_6,11,0,89,Discharge Information,Composite Measure,Massachusetts,New England,2019-10-01,2020-09-30,24.74137931034483
07_2021,MA,H_COMP_7,5,42,53,Care Transition,Composite Measure,Massachusetts,New England,2019-10-01,2020-09-30,24.74137931034483
07_2021,MA,H_HSP_RATING,7,21,72,Overall Hospital Rating,Global Item,Massachusetts,New England,2019-10-01,2020-09-30,24.74137931034483
07_2021,MA,H_QUIET_HSP,14,35,51,Quietness of Hospital Environment,Individual Item,Massachusetts,New England,2019-10-01,2020-09-30,24.74137931034483
07_2021,MA,H_RECMND,5,22,73,Willingness to Recommend the Hospital,Global Item,Massachusetts,New England,2019-10-01,2020-09-30,24.74137931034483
07_2021,MD,H_CLEAN_HSP,10,20,70,Cleanliness of Hospital Environment,Individual Item,Maryland,South Atlantic,2019-10-01,2020-09-30,20.97826086956522
07_2021,MD,H_COMP_1,6,18,76,Communication with Nurses,Composite Measure,Maryland,South Atlantic,2019-10-01,2020-09-30,20.97826086956522
07_2021,MD,H_COMP_2,6,17,77,Communication with Doctors,Composite Measure,Maryland,South Atlantic,2019-10-01,2020-09-30,20.97826086956522
07_2021,MD,H_COMP_3,13,26,61,Responsiveness of Hospital Staff,Composite Measure,Maryland,South Atlantic,2019-10-01,2020-09-30,20.97826086956522
07_2021,MD,H_COMP_5,21,18,61,Communication about Medicines,Composite Measure,Maryland,South Atlantic,2019-10-01,2020-09-30,20.97826086956522
07_2021,MD,H_COMP_6,14,0,86,Discharge Information,Composite Measure,Maryland,South Atlantic,2019-10-01,2020-09-30,20.97826086956522
07_2021,MD,H_COMP_7,6,45,49,Care Transition,Composite Measure,Maryland,South Atlantic,2019-10-01,2020-09-30,20.97826086956522
07_2021,MD,H_HSP_RATING,10,24,66,Overall Hospital Rating,Global Item,Maryland,South Atlantic,2019-10-01,2020-09-30,20.97826086956522
07_2021,MD,H_QUIET_HSP,13,30,57,Quietness of Hospital Environment,Individual Item,Maryland,South Atlantic,2019-10-01,2020-09-30,20.97826086956522
07_2021,MD,H_RECMND,7,27,66,Willingness to Recommend the Hospital,Global Item,Maryland,South Atlantic,2019-10-01,2020-09-30,20.97826086956522
07_2021,ME,H_CLEAN_HSP,6,15,79,Cleanliness of Hospital Environment,Individual Item,Maine,New England,2019-10-01,2020-09-30,27.757575757575758
07_2021,ME,H_COMP_1,2,13,85,Communication with Nurses,Composite Measure,Maine,New England,2019-10-01,2020-09-30,27.757575757575758
07_2021,ME,H_COMP_2,4,12,84,Communication with Doctors,Composite Measure,Maine,New England,2019-10-01,2020-09-30,27.757575757575758
07_2021,ME,H_COMP_3,6,21,73,Responsiveness of Hospital Staff,Composite Measure,Maine,New England,2019-10-01,2020-09-30,27.757575757575758
07_2021,ME,H_COMP_5,15,15,70,Communication about Medicines,Composite Measure,Maine,New England,2019-10-01,2020-09-30,27.757575757575758
07_2021,ME,H_COMP_6,11,0,89,Discharge Information,Composite Measure,Maine,New England,2019-10-01,2020-09-30,27.757575757575758
07_2021,ME,H_COMP_7,4,39,57,Care Transition,Composite Measure,Maine,New England,2019-10-01,2020-09-30,27.757575757575758
07_2021,ME,H_HSP_RATING,6,19,75,Overall Hospital Rating,Global Item,Maine,New England,2019-10-01,2020-09-30,27.757575757575758
07_2021,ME,H_QUIET_HSP,8,33,59,Quietness of Hospital Environment,Individual Item,Maine,New England,2019-10-01,2020-09-30,27.757575757575758
07_2021,ME,H_RECMND,4,21,75,Willingness to Recommend the Hospital,Global Item,Maine,New England,2019-10-01,2020-09-30,27.757575757575758
07_2021,MI,H_CLEAN_HSP,7,18,75,Cleanliness of Hospital Environment,Individual Item,Michigan,East North Central,2019-10-01,2020-09-30,29.358333333333334
07_2021,MI,H_COMP_1,4,14,82,Communication with Nurses,Composite Measure,Michigan,East North Central,2019-10-01,2020-09-30,29.358333333333334
07_2021,MI,H_COMP_2,5,15,80,Communication with Doctors,Composite Measure,Michigan,East North Central,2019-10-01,2020-09-30,29.358333333333334
07_2021,MI,H_COMP_3,7,20,73,Responsiveness of Hospital Staff,Composite Measure,Michigan,East North Central,2019-10-01,2020-09-30,29.358333333333334
07_2021,MI,H_COMP_5,16,17,67,Communication about Medicines,Composite Measure,Michigan,East North Central,2019-10-01,2020-09-30,29.358333333333334
07_2021,MI,H_COMP_6,11,0,89,Discharge Information,Composite Measure,Michigan,East North Central,2019-10-01,2020-09-30,29.358333333333334
07_2021,MI,H_COMP_7,5,40,55,Care Transition,Composite Measure,Michigan,East North Central,2019-10-01,2020-09-30,29.358333333333334
07_2021,MI,H_HSP_RATING,7,19,74,Overall Hospital Rating,Global Item,Michigan,East North Central,2019-10-01,2020-09-30,29.358333333333334
07_2021,MI,H_QUIET_HSP,11,29,60,Quietness of Hospital Environment,Individual Item,Michigan,East North Central,2019-10-01,2020-09-30,29.358333333333334
07_2021,MI,H_RECMND,5,23,72,Willingness to Recommend the Hospital,Global Item,Michigan,East North Central,2019-10-01,2020-09-30,29.358333333333334
07_2021,MN,H_CLEAN_HSP,5,15,80,Cleanliness of Hospital Environment,Individual Item,Minnesota,West North Central,2019-10-01,2020-09-30,34.120370370370374
07_2021,MN,H_COMP_1,2,14,84,Communication with Nurses,Composite Measure,Minnesota,West North Central,2019-10-01,2020-09-30,34.120370370370374
07_2021,MN,H_COMP_2,3,12,85,Communication with Doctors,Composite Measure,Minnesota,West North Central,2019-10-01,2020-09-30,34.120370370370374
07_2021,MN,H_COMP_3,5,19,76,Responsiveness of Hospital Staff,Composite Measure,Minnesota,West North Central,2019-10-01,2020-09-30,34.120370370370374
07_2021,MN,H_COMP_5,13,18,69,Communication about Medicines,Composite Measure,Minnesota,West North Central,2019-10-01,2020-09-30,34.120370370370374
07_2021,MN,H_COMP_6,11,0,89,Discharge Information,Composite Measure,Minnesota,West North Central,2019-10-01,2020-09-30,34.120370370370374
07_2021,MN,H_COMP_7,4,39,57,Care Transition,Composite Measure,Minnesota,West North Central,2019-10-01,2020-09-30,34.120370370370374
07_2021,MN,H_HSP_RATING,5,17,78,Overall Hospital Rating,Global Item,Minnesota,West North Central,2019-10-01,2020-09-30,34.120370370370374
07_2021,MN,H_QUIET_HSP,6,25,69,Quietness of Hospital Environment,Individual Item,Minnesota,West North Central,2019-10-01,2020-09-30,34.120370370370374
07_2021,MN,H_RECMND,3,20,77,Willingness to Recommend the Hospital,Global Item,Minnesota,West North Central,2019-10-01,2020-09-30,34.120370370370374
07_2021,MO,H_CLEAN_HSP,8,17,75,Cleanliness of Hospital Environment,Individual Item,Missouri,West North Central,2019-10-01,2020-09-30,27.816326530612244
07_2021,MO,H_COMP_1,4,15,81,Communication with Nurses,Composite Measure,Missouri,West North Central,2019-10-01,2020-09-30,27.816326530612244
07_2021,MO,H_COMP_2,4,15,81,Communication with Doctors,Composite Measure,Missouri,West North Central,2019-10-01,2020-09-30,27.816326530612244
07_2021,MO,H_COMP_3,8,23,69,Responsiveness of Hospital Staff,Composite Measure,Missouri,West North Central,2019-10-01,2020-09-30,27.816326530612244
07_2021,MO,H_COMP_5,17,18,65,Communication about Medicines,Composite Measure,Missouri,West North Central,2019-10-01,2020-09-30,27.816326530612244
07_2021,MO,H_COMP_6,12,0,88,Discharge Information,Composite Measure,Missouri,West North Central,2019-10-01,2020-09-30,27.816326530612244
07_2021,MO,H_COMP_7,5,41,54,Care Transition,Composite Measure,Missouri,West North Central,2019-10-01,2020-09-30,27.816326530612244
07_2021,MO,H_HSP_RATING,7,21,72,Overall Hospital Rating,Global Item,Missouri,West North Central,2019-10-01,2020-09-30,27.816326530612244
07_2021,MO,H_QUIET_HSP,9,30,61,Quietness of Hospital Environment,Individual Item,Missouri,West North Central,2019-10-01,2020-09-30,27.816326530612244
07_2021,MO,H_RECMND,5,25,70,Willingness to Recommend the Hospital,Global Item,Missouri,West North Central,2019-10-01,2020-09-30,27.816326530612244
07_2021,MS,H_CLEAN_HSP,9,14,77,Cleanliness of Hospital Environment,Individual Item,Mississippi,East South Central,2019-10-01,2020-09-30,20.506849315068493
07_2021,MS,H_COMP_1,5,12,83,Communication with Nurses,Composite Measure,Mississippi,East South Central,2019-10-01,2020-09-30,20.506849315068493
07_2021,MS,H_COMP_2,4,10,86,Communication with Doctors,Composite Measure,Mississippi,East South Central,2019-10-01,2020-09-30,20.506849315068493
07_2021,MS,H_COMP_3,11,17,72,Responsiveness of Hospital Staff,Composite Measure,Mississippi,East South Central,2019-10-01,2020-09-30,20.506849315068493
07_2021,MS,H_COMP_5,17,15,68,Communication about Medicines,Composite Measure,Mississippi,East South Central,2019-10-01,2020-09-30,20.506849315068493
07_2021,MS,H_COMP_6,15,0,85,Discharge Information,Composite Measure,Mississippi,East South Central,2019-10-01,2020-09-30,20.506849315068493
07_2021,MS,H_COMP_7,5,42,53,Care Transition,Composite Measure,Mississippi,East South Central,2019-10-01,2020-09-30,20.506849315068493
07_2021,MS,H_HSP_RATING,9,19,72,Overall Hospital Rating,Global Item,Mississippi,East South Central,2019-10-01,2020-09-30,20.506849315068493
07_2021,MS,H_QUIET_HSP,6,21,73,Quietness of Hospital Environment,Individual Item,Mississippi,East South Central,2019-10-01,2020-09-30,20.506849315068493
07_2021,MS,H_RECMND,6,25,69,Willingness to Recommend the Hospital,Global Item,Mississippi,East South Central,2019-10-01,2020-09-30,20.506849315068493
07_2021,MT,H_CLEAN_HSP,9,17,74,Cleanliness of Hospital Environment,Individual Item,Montana,Mountain,2019-10-01,2020-09-30,29.594594594594593
07_2021,MT,H_COMP_1,3,15,82,Communication with Nurses,Composite Measure,Montana,Mountain,2019-10-01,2020-09-30,29.594594594594593
07_2021,MT,H_COMP_2,4,13,83,Communication with Doctors,Composite Measure,Montana,Mountain,2019-10-01,2020-09-30,29.594594594594593
07_2021,MT,H_COMP_3,6,19,75,Responsiveness of Hospital Staff,Composite Measure,Montana,Mountain,2019-10-01,2020-09-30,29.594594594594593
07_2021,MT,H_COMP_5,14,17,69,Communication about Medicines,Composite Measure,Montana,Mountain,2019-10-01,2020-09-30,29.594594594594593
07_2021,MT,H_COMP_6,14,0,86,Discharge Information,Composite Measure,Montana,Mountain,2019-10-01,2020-09-30,29.594594594594593
07_2021,MT,H_COMP_7,5,42,53,Care Transition,Composite Measure,Montana,Mountain,2019-10-01,2020-09-30,29.594594594594593
07_2021,MT,H_HSP_RATING,9,20,71,Overall Hospital Rating,Global Item,Montana,Mountain,2019-10-01,2020-09-30,29.594594594594593
07_2021,MT,H_QUIET_HSP,8,29,63,Quietness of Hospital Environment,Individual Item,Montana,Mountain,2019-10-01,2020-09-30,29.594594594594593
07_2021,MT,H_RECMND,5,25,70,Willingness to Recommend the Hospital,Global Item,Montana,Mountain,2019-10-01,2020-09-30,29.594594594594593
07_2021,NC,H_CLEAN_HSP,8,18,74,Cleanliness of Hospital Environment,Individual Item,North Carolina,South Atlantic,2019-10-01,2020-09-30,22.21153846153846
07_2021,NC,H_COMP_1,4,15,81,Communication with Nurses,Composite Measure,North Carolina,South Atlantic,2019-10-01,2020-09-30,22.21153846153846
07_2021,NC,H_COMP_2,4,13,83,Communication with Doctors,Composite Measure,North Carolina,South Atlantic,2019-10-01,2020-09-30,22.21153846153846
07_2021,NC,H_COMP_3,9,22,69,Responsiveness of Hospital Staff,Composite Measure,North Carolina,South Atlantic,2019-10-01,2020-09-30,22.21153846153846
07_2021,NC,H_COMP_5,17,17,66,Communication about Medicines,Composite Measure,North Carolina,South Atlantic,2019-10-01,2020-09-30,22.21153846153846
07_2021,NC,H_COMP_6,13,0,87,Discharge Information,Composite Measure,North Carolina,South Atlantic,2019-10-01,2020-09-30,22.21153846153846
07_2021,NC,H_COMP_7,5,42,53,Care Transition,Composite Measure,North Carolina,South Atlantic,2019-10-01,2020-09-30,22.21153846153846
07_2021,NC,H_HSP_RATING,8,20,72,Overall Hospital Rating,Global Item,North Carolina,South Atlantic,2019-10-01,2020-09-30,22.21153846153846
07_2021,NC,H_QUIET_HSP,9,28,63,Quietness of Hospital Environment,Individual Item,North Carolina,South Atlantic,2019-10-01,2020-09-30,22.21153846153846
07_2021,NC,H_RECMND,5,24,71,Willingness to Recommend the Hospital,Global Item,North Carolina,South Atlantic,2019-10-01,2020-09-30,22.21153846153846
07_2021,ND,H_CLEAN_HSP,6,13,81,Cleanliness of Hospital Environment,Individual Item,North Dakota,West North Central,2019-10-01,2020-09-30,31.703703703703702
07_2021,ND,H_COMP_1,2,13,85,Communication with Nurses,Composite Measure,North Dakota,West North Central,2019-10-01,2020-09-30,31.703703703703702
07_2021,ND,H_COMP_2,3,13,84,Communication with Doctors,Composite Measure,North Dakota,West North Central,2019-10-01,2020-09-30,31.703703703703702
07_2021,ND,H_COMP_3,6,19,75,Responsiveness of Hospital Staff,Composite Measure,North Dakota,West North Central,2019-10-01,2020-09-30,31.703703703703702
07_2021,ND,H_COMP_5,13,20,67,Communication about Medicines,Composite Measure,North Dakota,West North Central,2019-10-01,2020-09-30,31.703703703703702
07_2021,ND,H_COMP_6,16,0,84,Discharge Information,Composite Measure,North Dakota,West North Central,2019-10-01,2020-09-30,31.703703703703702
07_2021,ND,H_COMP_7,3,39,58,Care Transition,Composite Measure,North Dakota,West North Central,2019-10-01,2020-09-30,31.703703703703702
07_2021,ND,H_HSP_RATING,6,18,76,Overall Hospital Rating,Global Item,North Dakota,West North Central,2019-10-01,2020-09-30,31.703703703703702
07_2021,ND,H_QUIET_HSP,6,24,70,Quietness of Hospital Environment,Individual Item,North Dakota,West North Central,2019-10-01,2020-09-30,31.703703703703702
07_2021,ND,H_RECMND,2,20,78,Willingness to Recommend the Hospital,Global Item,North Dakota,West North Central,2019-10-01,2020-09-30,31.703703703703702
07_2021,NE,H_CLEAN_HSP,4,13,83,Cleanliness of Hospital Environment,Individual Item,Nebraska,West North Central,2019-10-01,2020-09-30,35.97142857142857
07_2021,NE,H_COMP_1,2,13,85,Communication with Nurses,Composite Measure,Nebraska,West North Central,2019-10-01,2020-09-30,35.97142857142857
07_2021,NE,H_COMP_2,2,12,86,Communication with Doctors,Composite Measure,Nebraska,West North Central,2019-10-01,2020-09-30,35.97142857142857
07_2021,NE,H_COMP_3,4,19,77,Responsiveness of Hospital Staff,Composite Measure,Nebraska,West North Central,2019-10-01,2020-09-30,35.97142857142857
07_2021,NE,H_COMP_5,12,17,71,Communication about Medicines,Composite Measure,Nebraska,West North Central,2019-10-01,2020-09-30,35.97142857142857
07_2021,NE,H_COMP_6,12,0,88,Discharge Information,Composite Measure,Nebraska,West North Central,2019-10-01,2020-09-30,35.97142857142857
07_2021,NE,H_COMP_7,2,39,59,Care Transition,Composite Measure,Nebraska,West North Central,2019-10-01,2020-09-30,35.97142857142857
07_2021,NE,H_HSP_RATING,5,16,79,Overall Hospital Rating,Global Item,Nebraska,West North Central,2019-10-01,2020-09-30,35.97142857142857
07_2021,NE,H_QUIET_HSP,5,25,70,Quietness of Hospital Environment,Individual Item,Nebraska,West North Central,2019-10-01,2020-09-30,35.97142857142857
07_2021,NE,H_RECMND,2,19,79,Willingness to Recommend the Hospital,Global Item,Nebraska,West North Central,2019-10-01,2020-09-30,35.97142857142857
07_2021,NH,H_CLEAN_HSP,6,16,78,Cleanliness of Hospital Environment,Individual Item,New Hampshire,New England,2019-10-01,2020-09-30,26.153846153846153
07_2021,NH,H_COMP_1,3,14,83,Communication with Nurses,Composite Measure,New Hampshire,New England,2019-10-01,2020-09-30,26.153846153846153
07_2021,NH,H_COMP_2,4,14,82,Communication with Doctors,Composite Measure,New Hampshire,New England,2019-10-01,2020-09-30,26.153846153846153
07_2021,NH,H_COMP_3,7,22,71,Responsiveness of Hospital Staff,Composite Measure,New Hampshire,New England,2019-10-01,2020-09-30,26.153846153846153
07_2021,NH,H_COMP_5,17,18,65,Communication about Medicines,Composite Measure,New Hampshire,New England,2019-10-01,2020-09-30,26.153846153846153
07_2021,NH,H_COMP_6,11,0,89,Discharge Information,Composite Measure,New Hampshire,New England,2019-10-01,2020-09-30,26.153846153846153
07_2021,NH,H_COMP_7,4,41,55,Care Transition,Composite Measure,New Hampshire,New England,2019-10-01,2020-09-30,26.153846153846153
07_2021,NH,H_HSP_RATING,7,19,74,Overall Hospital Rating,Global Item,New Hampshire,New England,2019-10-01,2020-09-30,26.153846153846153
07_2021,NH,H_QUIET_HSP,11,33,56,Quietness of Hospital Environment,Individual Item,New Hampshire,New England,2019-10-01,2020-09-30,26.153846153846153
07_2021,NH,H_RECMND,4,23,73,Willingness to Recommend the Hospital,Global Item,New Hampshire,New England,2019-10-01,2020-09-30,26.153846153846153
07_2021,NJ,H_CLEAN_HSP,10,20,70,Cleanliness of Hospital Environment,Individual Item,New Jersey,Mid-Atlantic,2019-10-01,2020-09-30,20.476923076923075
07_2021,NJ,H_COMP_1,6,17,77,Communication with Nurses,Composite Measure,New Jersey,Mid-Atlantic,2019-10-01,2020-09-30,20.476923076923075
07_2021,NJ,H_COMP_2,6,18,76,Communication with Doctors,Composite Measure,New Jersey,Mid-Atlantic,2019-10-01,2020-09-30,20.476923076923075
07_2021,NJ,H_COMP_3,13,26,61,Responsiveness of Hospital Staff,Composite Measure,New Jersey,Mid-Atlantic,2019-10-01,2020-09-30,20.476923076923075
07_2021,NJ,H_COMP_5,22,18,60,Communication about Medicines,Composite Measure,New Jersey,Mid-Atlantic,2019-10-01,2020-09-30,20.476923076923075
07_2021,NJ,H_COMP_6,16,0,84,Discharge Information,Composite Measure,New Jersey,Mid-Atlantic,2019-10-01,2020-09-30,20.476923076923075
07_2021,NJ,H_COMP_7,7,46,47,Care Transition,Composite Measure,New Jersey,Mid-Atlantic,2019-10-01,2020-09-30,20.476923076923075
07_2021,NJ,H_HSP_RATING,10,24,66,Overall Hospital Rating,Global Item,New Jersey,Mid-Atlantic,2019-10-01,2020-09-30,20.476923076923075
07_2021,NJ,H_QUIET_HSP,15,33,52,Quietness of Hospital Environment,Individual Item,New Jersey,Mid-Atlantic,2019-10-01,2020-09-30,20.476923076923075
07_2021,NJ,H_RECMND,7,27,66,Willingness to Recommend the Hospital,Global Item,New Jersey,Mid-Atlantic,2019-10-01,2020-09-30,20.476923076923075
07_2021,NM,H_CLEAN_HSP,9,19,72,Cleanliness of Hospital Environment,Individual Item,New Mexico,Mountain,2019-10-01,2020-09-30,18.764705882352942
07_2021,NM,H_COMP_1,5,16,79,Communication with Nurses,Composite Measure,New Mexico,Mountain,2019-10-01,2020-09-30,18.764705882352942
07_2021,NM,H_COMP_2,6,15,79,Communication with Doctors,Composite Measure,New Mexico,Mountain,2019-10-01,2020-09-30,18.764705882352942
07_2021,NM,H_COMP_3,9,21,70,Responsiveness of Hospital Staff,Composite Measure,New Mexico,Mountain,2019-10-01,2020-09-30,18.764705882352942
07_2021,NM,H_COMP_5,18,17,65,Communication about Medicines,Composite Measure,New Mexico,Mountain,2019-10-01,2020-09-30,18.764705882352942
07_2021,NM,H_COMP_6,16,0,84,Discharge Information,Composite Measure,New Mexico,Mountain,2019-10-01,2020-09-30,18.764705882352942
07_2021,NM,H_COMP_7,6,44,50,Care Transition,Composite Measure,New Mexico,Mountain,2019-10-01,2020-09-30,18.764705882352942
07_2021,NM,H_HSP_RATING,10,22,68,Overall Hospital Rating,Global Item,New Mexico,Mountain,2019-10-01,2020-09-30,18.764705882352942
07_2021,NM,H_QUIET_HSP,10,28,62,Quietness of Hospital Environment,Individual Item,New Mexico,Mountain,2019-10-01,2020-09-30,18.764705882352942
07_2021,NM,H_RECMND,7,28,65,Willingness to Recommend the Hospital,Global Item,New Mexico,Mountain,2019-10-01,2020-09-30,18.764705882352942
07_2021,NV,H_CLEAN_HSP,9,16,75,Cleanliness of Hospital Environment,Individual Item,Nevada,Mountain,2019-10-01,2020-09-30,21.322580645161292
07_2021,NV,H_COMP_1,5,17,78,Communication with Nurses,Composite Measure,Nevada,Mountain,2019-10-01,2020-09-30,21.322580645161292
07_2021,NV,H_COMP_2,7,16,77,Communication with Doctors,Composite Measure,Nevada,Mountain,2019-10-01,2020-09-30,21.322580645161292
07_2021,NV,H_COMP_3,9,22,69,Responsiveness of Hospital Staff,Composite Measure,Nevada,Mountain,2019-10-01,2020-09-30,21.322580645161292
07_2021,NV,H_COMP_5,18,18,64,Communication about Medicines,Composite Measure,Nevada,Mountain,2019-10-01,2020-09-30,21.322580645161292
07_2021,NV,H_COMP_6,15,0,85,Discharge Information,Composite Measure,Nevada,Mountain,2019-10-01,2020-09-30,21.322580645161292
07_2021,NV,H_COMP_7,7,41,52,Care Transition,Composite Measure,Nevada,Mountain,2019-10-01,2020-09-30,21.322580645161292
07_2021,NV,H_HSP_RATING,9,22,69,Overall Hospital Rating,Global Item,Nevada,Mountain,2019-10-01,2020-09-30,21.322580645161292
07_2021,NV,H_QUIET_HSP,13,29,58,Quietness of Hospital Environment,Individual Item,Nevada,Mountain,2019-10-01,2020-09-30,21.322580645161292
07_2021,NV,H_RECMND,7,22,71,Willingness to Recommend the Hospital,Global Item,Nevada,Mountain,2019-10-01,2020-09-30,21.322580645161292
07_2021,NY,H_CLEAN_HSP,9,20,71,Cleanliness of Hospital Environment,Individual Item,New York,Mid-Atlantic,2019-10-01,2020-09-30,23.178343949044585
07_2021,NY,H_COMP_1,5,17,78,Communication with Nurses,Composite Measure,New York,Mid-Atlantic,2019-10-01,2020-09-30,23.178343949044585
07_2021,NY,H_COMP_2,6,16,78,Communication with Doctors,Composite Measure,New York,Mid-Atlantic,2019-10-01,2020-09-30,23.178343949044585
07_2021,NY,H_COMP_3,12,25,63,Responsiveness of Hospital Staff,Composite Measure,New York,Mid-Atlantic,2019-10-01,2020-09-30,23.178343949044585
07_2021,NY,H_COMP_5,22,18,60,Communication about Medicines,Composite Measure,New York,Mid-Atlantic,2019-10-01,2020-09-30,23.178343949044585
07_2021,NY,H_COMP_6,15,0,85,Discharge Information,Composite Measure,New York,Mid-Atlantic,2019-10-01,2020-09-30,23.178343949044585
07_2021,NY,H_COMP_7,6,45,49,Care Transition,Composite Measure,New York,Mid-Atlantic,2019-10-01,2020-09-30,23.178343949044585
07_2021,NY,H_HSP_RATING,10,24,66,Overall Hospital Rating,Global Item,New York,Mid-Atlantic,2019-10-01,2020-09-30,23.178343949044585
07_2021,NY,H_QUIET_HSP,14,33,53,Quietness of Hospital Environment,Individual Item,New York,Mid-Atlantic,2019-10-01,2020-09-30,23.178343949044585
07_2021,NY,H_RECMND,7,27,66,Willingness to Recommend the Hospital,Global Item,New York,Mid-Atlantic,2019-10-01,2020-09-30,23.178343949044585
07_2021,OH,H_CLEAN_HSP,7,17,76,Cleanliness of Hospital Environment,Individual Item,Ohio,East North Central,2019-10-01,2020-09-30,27.49342105263158
07_2021,OH,H_COMP_1,3,14,83,Communication with Nurses,Composite Measure,Ohio,East North Central,2019-10-01,2020-09-30,27.49342105263158
07_2021,OH,H_COMP_2,4,15,81,Communication with Doctors,Composite Measure,Ohio,East North Central,2019-10-01,2020-09-30,27.49342105263158
07_2021,OH,H_COMP_3,7,23,70,Responsiveness of Hospital Staff,Composite Measure,Ohio,East North Central,2019-10-01,2020-09-30,27.49342105263158
07_2021,OH,H_COMP_5,17,17,66,Communication about Medicines,Composite Measure,Ohio,East North Central,2019-10-01,2020-09-30,27.49342105263158
07_2021,OH,H_COMP_6,11,0,89,Discharge Information,Composite Measure,Ohio,East North Central,2019-10-01,2020-09-30,27.49342105263158
07_2021,OH,H_COMP_7,4,41,55,Care Transition,Composite Measure,Ohio,East North Central,2019-10-01,2020-09-30,27.49342105263158
07_2021,OH,H_HSP_RATING,6,19,75,Overall Hospital Rating,Global Item,Ohio,East North Central,2019-10-01,2020-09-30,27.49342105263158
07_2021,OH,H_QUIET_HSP,9,31,60,Quietness of Hospital Environment,Individual Item,Ohio,East North Central,2019-10-01,2020-09-30,27.49342105263158
07_2021,OH,H_RECMND,4,23,73,Willingness to Recommend the Hospital,Global Item,Ohio,East North Central,2019-10-01,2020-09-30,27.49342105263158
07_2021,OK,H_CLEAN_HSP,7,16,77,Cleanliness of Hospital Environment,Individual Item,Oklahoma,West South Central,2019-10-01,2020-09-30,24.835051546391753
07_2021,OK,H_COMP_1,4,14,82,Communication with Nurses,Composite Measure,Oklahoma,West South Central,2019-10-01,2020-09-30,24.835051546391753
07_2021,OK,H_COMP_2,4,12,84,Communication with Doctors,Composite Measure,Oklahoma,West South Central,2019-10-01,2020-09-30,24.835051546391753
07_2021,OK,H_COMP_3,7,18,75,Responsiveness of Hospital Staff,Composite Measure,Oklahoma,West South Central,2019-10-01,2020-09-30,24.835051546391753
07_2021,OK,H_COMP_5,17,15,68,Communication about Medicines,Composite Measure,Oklahoma,West South Central,2019-10-01,2020-09-30,24.835051546391753
07_2021,OK,H_COMP_6,13,0,87,Discharge Information,Composite Measure,Oklahoma,West South Central,2019-10-01,2020-09-30,24.835051546391753
07_2021,OK,H_COMP_7,5,40,55,Care Transition,Composite Measure,Oklahoma,West South Central,2019-10-01,2020-09-30,24.835051546391753
07_2021,OK,H_HSP_RATING,7,18,75,Overall Hospital Rating,Global Item,Oklahoma,West South Central,2019-10-01,2020-09-30,24.835051546391753
07_2021,OK,H_QUIET_HSP,7,25,68,Quietness of Hospital Environment,Individual Item,Oklahoma,West South Central,2019-10-01,2020-09-30,24.835051546391753
07_2021,OK,H_RECMND,5,21,74,Willingness to Recommend the Hospital,Global Item,Oklahoma,West South Central,2019-10-01,2020-09-30,24.835051546391753
07_2021,OR,H_CLEAN_HSP,6,17,77,Cleanliness of Hospital Environment,Individual Item,Oregon,Pacific,2019-10-01,2020-09-30,25.423728813559322
07_2021,OR,H_COMP_1,3,15,82,Communication with Nurses,Composite Measure,Oregon,Pacific,2019-10-01,2020-09-30,25.423728813559322
07_2021,OR,H_COMP_2,4,14,82,Communication with Doctors,Composite Measure,Oregon,Pacific,2019-10-01,2020-09-30,25.423728813559322
07_2021,OR,H_COMP_3,5,22,73,Responsiveness of Hospital Staff,Composite Measure,Oregon,Pacific,2019-10-01,2020-09-30,25.423728813559322
07_2021,OR,H_COMP_5,15,18,67,Communication about Medicines,Composite Measure,Oregon,Pacific,2019-10-01,2020-09-30,25.423728813559322
07_2021,OR,H_COMP_6,12,0,88,Discharge Information,Composite Measure,Oregon,Pacific,2019-10-01,2020-09-30,25.423728813559322
07_2021,OR,H_COMP_7,4,41,55,Care Transition,Composite Measure,Oregon,Pacific,2019-10-01,2020-09-30,25.423728813559322
07_2021,OR,H_HSP_RATING,6,20,74,Overall Hospital Rating,Global Item,Oregon,Pacific,2019-10-01,2020-09-30,25.423728813559322
07_2021,OR,H_QUIET_HSP,10,34,56,Quietness of Hospital Environment,Individual Item,Oregon,Pacific,2019-10-01,2020-09-30,25.423728813559322
07_2021,OR,H_RECMND,4,22,74,Willingness to Recommend the Hospital,Global Item,Oregon,Pacific,2019-10-01,2020-09-30,25.423728813559322
07_2021,PA,H_CLEAN_HSP,8,17,75,Cleanliness of Hospital Environment,Individual Item,Pennsylvania,Mid-Atlantic,2019-10-01,2020-09-30,31.185897435897434
07_2021,PA,H_COMP_1,3,15,82,Communication with Nurses,Composite Measure,Pennsylvania,Mid-Atlantic,2019-10-01,2020-09-30,31.185897435897434
07_2021,PA,H_COMP_2,4,15,81,Communication with Doctors,Composite Measure,Pennsylvania,Mid-Atlantic,2019-10-01,2020-09-30,31.185897435897434
07_2021,PA,H_COMP_3,8,22,70,Responsiveness of Hospital Staff,Composite Measure,Pennsylvania,Mid-Atlantic,2019-10-01,2020-09-30,31.185897435897434
07_2021,PA,H_COMP_5,18,18,64,Communication about Medicines,Composite Measure,Pennsylvania,Mid-Atlantic,2019-10-01,2020-09-30,31.185897435897434
07_2021,PA,H_COMP_6,12,0,88,Discharge Information,Composite Measure,Pennsylvania,Mid-Atlantic,2019-10-01,2020-09-30,31.185897435897434
07_2021,PA,H_COMP_7,5,42,53,Care Transition,Composite Measure,Pennsylvania,Mid-Atlantic,2019-10-01,2020-09-30,31.185897435897434
07_2021,PA,H_HSP_RATING,7,20,73,Overall Hospital Rating,Global Item,Pennsylvania,Mid-Atlantic,2019-10-01,2020-09-30,31.185897435897434
07_2021,PA,H_QUIET_HSP,11,33,56,Quietness of Hospital Environment,Individual Item,Pennsylvania,Mid-Atlantic,2019-10-01,2020-09-30,31.185897435897434
07_2021,PA,H_RECMND,5,25,70,Willingness to Recommend the Hospital,Global Item,Pennsylvania,Mid-Atlantic,2019-10-01,2020-09-30,31.185897435897434
07_2021,RI,H_CLEAN_HSP,7,17,76,Cleanliness of Hospital Environment,Individual Item,Rhode Island,New England,2019-10-01,2020-09-30,27.272727272727273
07_2021,RI,H_COMP_1,4,14,82,Communication with Nurses,Composite Measure,Rhode Island,New England,2019-10-01,2020-09-30,27.272727272727273
07_2021,RI,H_COMP_2,5,14,81,Communication with Doctors,Composite Measure,Rhode Island,New England,2019-10-01,2020-09-30,27.272727272727273
07_2021,RI,H_COMP_3,9,24,67,Responsiveness of Hospital Staff,Composite Measure,Rhode Island,New England,2019-10-01,2020-09-30,27.272727272727273
07_2021,RI,H_COMP_5,18,18,64,Communication about Medicines,Composite Measure,Rhode Island,New England,2019-10-01,2020-09-30,27.272727272727273
07_2021,RI,H_COMP_6,12,0,88,Discharge Information,Composite Measure,Rhode Island,New England,2019-10-01,2020-09-30,27.272727272727273
07_2021,RI,H_COMP_7,5,42,53,Care Transition,Composite Measure,Rhode Island,New England,2019-10-01,2020-09-30,27.272727272727273
07_2021,RI,H_HSP_RATING,7,21,72,Overall Hospital Rating,Global Item,Rhode Island,New England,2019-10-01,2020-09-30,27.272727272727273
07_2021,RI,H_QUIET_HSP,13,32,55,Quietness of Hospital Environment,Individual Item,Rhode Island,New England,2019-10-01,2020-09-30,27.272727272727273
07_2021,RI,H_RECMND,5,20,75,Willingness to Recommend the Hospital,Global Item,Rhode Island,New England,2019-10-01,2020-09-30,27.272727272727273
07_2021,SC,H_CLEAN_HSP,9,19,72,Cleanliness of Hospital Environment,Individual Item,South Carolina,South Atlantic,2019-10-01,2020-09-30,21.196428571428573
07_2021,SC,H_COMP_1,4,15,81,Communication with Nurses,Composite Measure,South Carolina,South Atlantic,2019-10-01,2020-09-30,21.196428571428573
07_2021,SC,H_COMP_2,5,12,83,Communication with Doctors,Composite Measure,South Carolina,South Atlantic,2019-10-01,2020-09-30,21.196428571428573
07_2021,SC,H_COMP_3,10,22,68,Responsiveness of Hospital Staff,Composite Measure,South Carolina,South Atlantic,2019-10-01,2020-09-30,21.196428571428573
07_2021,SC,H_COMP_5,18,16,66,Communication about Medicines,Composite Measure,South Carolina,South Atlantic,2019-10-01,2020-09-30,21.196428571428573
07_2021,SC,H_COMP_6,13,0,87,Discharge Information,Composite Measure,South Carolina,South Atlantic,2019-10-01,2020-09-30,21.196428571428573
07_2021,SC,H_COMP_7,5,40,55,Care Transition,Composite Measure,South Carolina,South Atlantic,2019-10-01,2020-09-30,21.196428571428573
07_2021,SC,H_HSP_RATING,9,20,71,Overall Hospital Rating,Global Item,South Carolina,South Atlantic,2019-10-01,2020-09-30,21.196428571428573
07_2021,SC,H_QUIET_HSP,8,26,66,Quietness of Hospital Environment,Individual Item,South Carolina,South Atlantic,2019-10-01,2020-09-30,21.196428571428573
07_2021,SC,H_RECMND,6,23,71,Willingness to Recommend the Hospital,Global Item,South Carolina,South Atlantic,2019-10-01,2020-09-30,21.196428571428573
07_2021,SD,H_CLEAN_HSP,5,15,80,Cleanliness of Hospital Environment,Individual Item,South Dakota,West North Central,2019-10-01,2020-09-30,32.714285714285715
07_2021,SD,H_COMP_1,2,13,85,Communication with Nurses,Composite Measure,South Dakota,West North Central,2019-10-01,2020-09-30,32.714285714285715
07_2021,SD,H_COMP_2,2,11,87,Communication with Doctors,Composite Measure,South Dakota,West North Central,2019-10-01,2020-09-30,32.714285714285715
07_2021,SD,H_COMP_3,3,17,80,Responsiveness of Hospital Staff,Composite Measure,South Dakota,West North Central,2019-10-01,2020-09-30,32.714285714285715
07_2021,SD,H_COMP_5,12,16,72,Communication about Medicines,Composite Measure,South Dakota,West North Central,2019-10-01,2020-09-30,32.714285714285715
07_2021,SD,H_COMP_6,13,0,87,Discharge Information,Composite Measure,South Dakota,West North Central,2019-10-01,2020-09-30,32.714285714285715
07_2021,SD,H_COMP_7,2,39,59,Care Transition,Composite Measure,South Dakota,West North Central,2019-10-01,2020-09-30,32.714285714285715
07_2021,SD,H_HSP_RATING,4,15,81,Overall Hospital Rating,Global Item,South Dakota,West North Central,2019-10-01,2020-09-30,32.714285714285715
07_2021,SD,H_QUIET_HSP,5,24,71,Quietness of Hospital Environment,Individual Item,South Dakota,West North Central,2019-10-01,2020-09-30,32.714285714285715
07_2021,SD,H_RECMND,2,16,82,Willingness to Recommend the Hospital,Global Item,South Dakota,West North Central,2019-10-01,2020-09-30,32.714285714285715
07_2021,TN,H_CLEAN_HSP,8,18,74,Cleanliness of Hospital Environment,Individual Item,Tennessee,East South Central,2019-10-01,2020-09-30,22.204301075268816
07_2021,TN,H_COMP_1,5,14,81,Communication with Nurses,Composite Measure,Tennessee,East South Central,2019-10-01,2020-09-30,22.204301075268816
07_2021,TN,H_COMP_2,5,13,82,Communication with Doctors,Composite Measure,Tennessee,East South Central,2019-10-01,2020-09-30,22.204301075268816
07_2021,TN,H_COMP_3,9,21,70,Responsiveness of Hospital Staff,Composite Measure,Tennessee,East South Central,2019-10-01,2020-09-30,22.204301075268816
07_2021,TN,H_COMP_5,18,16,66,Communication about Medicines,Composite Measure,Tennessee,East South Central,2019-10-01,2020-09-30,22.204301075268816
07_2021,TN,H_COMP_6,14,0,86,Discharge Information,Composite Measure,Tennessee,East South Central,2019-10-01,2020-09-30,22.204301075268816
07_2021,TN,H_COMP_7,5,43,52,Care Transition,Composite Measure,Tennessee,East South Central,2019-10-01,2020-09-30,22.204301075268816
07_2021,TN,H_HSP_RATING,8,20,72,Overall Hospital Rating,Global Item,Tennessee,East South Central,2019-10-01,2020-09-30,22.204301075268816
07_2021,TN,H_QUIET_HSP,8,27,65,Quietness of Hospital Environment,Individual Item,Tennessee,East South Central,2019-10-01,2020-09-30,22.204301075268816
07_2021,TN,H_RECMND,6,24,70,Willingness to Recommend the Hospital,Global Item,Tennessee,East South Central,2019-10-01,2020-09-30,22.204301075268816
07_2021,TX,H_CLEAN_HSP,7,15,78,Cleanliness of Hospital Environment,Individual Item,Texas,West South Central,2019-10-01,2020-09-30,21.540880503144653
07_2021,TX,H_COMP_1,4,14,82,Communication with Nurses,Composite Measure,Texas,West South Central,2019-10-01,2020-09-30,21.540880503144653
07_2021,TX,H_COMP_2,4,13,83,Communication with Doctors,Composite Measure,Texas,West South Central,2019-10-01,2020-09-30,21.540880503144653
07_2021,TX,H_COMP_3,8,20,72,Responsiveness of Hospital Staff,Composite Measure,Texas,West South Central,2019-10-01,2020-09-30,21.540880503144653
07_2021,TX,H_COMP_5,16,16,68,Communication about Medicines,Composite Measure,Texas,West South Central,2019-10-01,2020-09-30,21.540880503144653
07_2021,TX,H_COMP_6,13,0,87,Discharge Information,Composite Measure,Texas,West South Central,2019-10-01,2020-09-30,21.540880503144653
07_2021,TX,H_COMP_7,5,40,55,Care Transition,Composite Measure,Texas,West South Central,2019-10-01,2020-09-30,21.540880503144653
07_2021,TX,H_HSP_RATING,7,18,75,Overall Hospital Rating,Global Item,Texas,West South Central,2019-10-01,2020-09-30,21.540880503144653
07_2021,TX,H_QUIET_HSP,7,24,69,Quietness of Hospital Environment,Individual Item,Texas,West South Central,2019-10-01,2020-09-30,21.540880503144653
07_2021,TX,H_RECMND,5,21,74,Willingness to Recommend the Hospital,Global Item,Texas,West South Central,2019-10-01,2020-09-30,21.540880503144653
07_2021,UT,H_CLEAN_HSP,6,15,79,Cleanliness of Hospital Environment,Individual Item,Utah,Mountain,2019-10-01,2020-09-30,23.711111111111112
07_2021,UT,H_COMP_1,3,16,81,Communication with Nurses,Composite Measure,Utah,Mountain,2019-10-01,2020-09-30,23.711111111111112
07_2021,UT,H_COMP_2,3,13,84,Communication with Doctors,Composite Measure,Utah,Mountain,2019-10-01,2020-09-30,23.711111111111112
07_2021,UT,H_COMP_3,6,23,71,Responsiveness of Hospital Staff,Composite Measure,Utah,Mountain,2019-10-01,2020-09-30,23.711111111111112
07_2021,UT,H_COMP_5,16,19,65,Communication about Medicines,Composite Measure,Utah,Mountain,2019-10-01,2020-09-30,23.711111111111112
07_2021,UT,H_COMP_6,11,0,89,Discharge Information,Composite Measure,Utah,Mountain,2019-10-01,2020-09-30,23.711111111111112
07_2021,UT,H_COMP_7,4,38,58,Care Transition,Composite Measure,Utah,Mountain,2019-10-01,2020-09-30,23.711111111111112
07_2021,UT,H_HSP_RATING,6,17,77,Overall Hospital Rating,Global Item,Utah,Mountain,2019-10-01,2020-09-30,23.711111111111112
07_2021,UT,H_QUIET_HSP,7,30,63,Quietness of Hospital Environment,Individual Item,Utah,Mountain,2019-10-01,2020-09-30,23.711111111111112
07_2021,UT,H_RECMND,4,20,76,Willingness to Recommend the Hospital,Global Item,Utah,Mountain,2019-10-01,2020-09-30,23.711111111111112
07_2021,VA,H_CLEAN_HSP,8,19,73,Cleanliness of Hospital Environment,Individual Item,Virginia,South Atlantic,2019-10-01,2020-09-30,22.488095238095237
07_2021,VA,H_COMP_1,4,16,80,Communication with Nurses,Composite Measure,Virginia,South Atlantic,2019-10-01,2020-09-30,22.488095238095237
07_2021,VA,H_COMP_2,5,14,81,Communication with Doctors,Composite Measure,Virginia,South Atlantic,2019-10-01,2020-09-30,22.488095238095237
07_2021,VA,H_COMP_3,10,24,66,Responsiveness of Hospital Staff,Composite Measure,Virginia,South Atlantic,2019-10-01,2020-09-30,22.488095238095237
07_2021,VA,H_COMP_5,18,18,64,Communication about Medicines,Composite Measure,Virginia,South Atlantic,2019-10-01,2020-09-30,22.488095238095237
07_2021,VA,H_COMP_6,13,0,87,Discharge Information,Composite Measure,Virginia,South Atlantic,2019-10-01,2020-09-30,22.488095238095237
07_2021,VA,H_COMP_7,5,43,52,Care Transition,Composite Measure,Virginia,South Atlantic,2019-10-01,2020-09-30,22.488095238095237
07_2021,VA,H_HSP_RATING,8,21,71,Overall Hospital Rating,Global Item,Virginia,South Atlantic,2019-10-01,2020-09-30,22.488095238095237
07_2021,VA,H_QUIET_HSP,10,29,61,Quietness of Hospital Environment,Individual Item,Virginia,South Atlantic,2019-10-01,2020-09-30,22.488095238095237
07_2021,VA,H_RECMND,5,25,70,Willingness to Recommend the Hospital,Global Item,Virginia,South Atlantic,2019-10-01,2020-09-30,22.488095238095237
07_2021,VT,H_CLEAN_HSP,7,17,76,Cleanliness of Hospital Environment,Individual Item,Vermont,New England,2019-10-01,2020-09-30,29.615384615384617
07_2021,VT,H_COMP_1,2,14,84,Communication with Nurses,Composite Measure,Vermont,New England,2019-10-01,2020-09-30,29.615384615384617
07_2021,VT,H_COMP_2,3,12,85,Communication with Doctors,Composite Measure,Vermont,New England,2019-10-01,2020-09-30,29.615384615384617
07_2021,VT,H_COMP_3,5,22,73,Responsiveness of Hospital Staff,Composite Measure,Vermont,New England,2019-10-01,2020-09-30,29.615384615384617
07_2021,VT,H_COMP_5,15,19,66,Communication about Medicines,Composite Measure,Vermont,New England,2019-10-01,2020-09-30,29.615384615384617
07_2021,VT,H_COMP_6,9,0,91,Discharge Information,Composite Measure,Vermont,New England,2019-10-01,2020-09-30,29.615384615384617
07_2021,VT,H_COMP_7,4,39,57,Care Transition,Composite Measure,Vermont,New England,2019-10-01,2020-09-30,29.615384615384617
07_2021,VT,H_HSP_RATING,6,18,76,Overall Hospital Rating,Global Item,Vermont,New England,2019-10-01,2020-09-30,29.615384615384617
07_2021,VT,H_QUIET_HSP,11,36,53,Quietness of Hospital Environment,Individual Item,Vermont,New England,2019-10-01,2020-09-30,29.615384615384617
07_2021,VT,H_RECMND,4,20,76,Willingness to Recommend the Hospital,Global Item,Vermont,New England,2019-10-01,2020-09-30,29.615384615384617
07_2021,WA,H_CLEAN_HSP,7,17,76,Cleanliness of Hospital Environment,Individual Item,Washington,Pacific,2019-10-01,2020-09-30,24.924050632911392
07_2021,WA,H_COMP_1,3,17,80,Communication with Nurses,Composite Measure,Washington,Pacific,2019-10-01,2020-09-30,24.924050632911392
07_2021,WA,H_COMP_2,4,15,81,Communication with Doctors,Composite Measure,Washington,Pacific,2019-10-01,2020-09-30,24.924050632911392
07_2021,WA,H_COMP_3,7,24,69,Responsiveness of Hospital Staff,Composite Measure,Washington,Pacific,2019-10-01,2020-09-30,24.924050632911392
07_2021,WA,H_COMP_5,16,18,66,Communication about Medicines,Composite Measure,Washington,Pacific,2019-10-01,2020-09-30,24.924050632911392
07_2021,WA,H_COMP_6,12,0,88,Discharge Information,Composite Measure,Washington,Pacific,2019-10-01,2020-09-30,24.924050632911392
07_2021,WA,H_COMP_7,5,42,53,Care Transition,Composite Measure,Washington,Pacific,2019-10-01,2020-09-30,24.924050632911392
07_2021,WA,H_HSP_RATING,7,21,72,Overall Hospital Rating,Global Item,Washington,Pacific,2019-10-01,2020-09-30,24.924050632911392
07_2021,WA,H_QUIET_HSP,12,32,56,Quietness of Hospital Environment,Individual Item,Washington,Pacific,2019-10-01,2020-09-30,24.924050632911392
07_2021,WA,H_RECMND,4,23,73,Willingness to Recommend the Hospital,Global Item,Washington,Pacific,2019-10-01,2020-09-30,24.924050632911392
07_2021,WI,H_CLEAN_HSP,5,15,80,Cleanliness of Hospital Environment,Individual Item,Wisconsin,East North Central,2019-10-01,2020-09-30,34.58536585365854
07_2021,WI,H_COMP_1,3,13,84,Communication with Nurses,Composite Measure,Wisconsin,East North Central,2019-10-01,2020-09-30,34.58536585365854
07_2021,WI,H_COMP_2,3,14,83,Communication with Doctors,Composite Measure,Wisconsin,East North Central,2019-10-01,2020-09-30,34.58536585365854
07_2021,WI,H_COMP_3,5,21,74,Responsiveness of Hospital Staff,Composite Measure,Wisconsin,East North Central,2019-10-01,2020-09-30,34.58536585365854
07_2021,WI,H_COMP_5,13,17,70,Communication about Medicines,Composite Measure,Wisconsin,East North Central,2019-10-01,2020-09-30,34.58536585365854
07_2021,WI,H_COMP_6,10,0,90,Discharge Information,Composite Measure,Wisconsin,East North Central,2019-10-01,2020-09-30,34.58536585365854
07_2021,WI,H_COMP_7,3,39,58,Care Transition,Composite Measure,Wisconsin,East North Central,2019-10-01,2020-09-30,34.58536585365854
07_2021,WI,H_HSP_RATING,5,17,78,Overall Hospital Rating,Global Item,Wisconsin,East North Central,2019-10-01,2020-09-30,34.58536585365854
07_2021,WI,H_QUIET_HSP,6,29,65,Quietness of Hospital Environment,Individual Item,Wisconsin,East North Central,2019-10-01,2020-09-30,34.58536585365854
07_2021,WI,H_RECMND,3,21,76,Willingness to Recommend the Hospital,Global Item,Wisconsin,East North Central,2019-10-01,2020-09-30,34.58536585365854
07_2021,WV,H_CLEAN_HSP,7,16,77,Cleanliness of Hospital Environment,Individual Item,West Virginia,South Atlantic,2019-10-01,2020-09-30,24.80851063829787
07_2021,WV,H_COMP_1,4,14,82,Communication with Nurses,Composite Measure,West Virginia,South Atlantic,2019-10-01,2020-09-30,24.80851063829787
07_2021,WV,H_COMP_2,5,13,82,Communication with Doctors,Composite Measure,West Virginia,South Atlantic,2019-10-01,2020-09-30,24.80851063829787
07_2021,WV,H_COMP_3,8,20,72,Responsiveness of Hospital Staff,Composite Measure,West Virginia,South Atlantic,2019-10-01,2020-09-30,24.80851063829787
07_2021,WV,H_COMP_5,16,17,67,Communication about Medicines,Composite Measure,West Virginia,South Atlantic,2019-10-01,2020-09-30,24.80851063829787
07_2021,WV,H_COMP_6,13,0,87,Discharge Information,Composite Measure,West Virginia,South Atlantic,2019-10-01,2020-09-30,24.80851063829787
07_2021,WV,H_COMP_7,5,43,52,Care Transition,Composite Measure,West Virginia,South Atlantic,2019-10-01,2020-09-30,24.80851063829787
07_2021,WV,H_HSP_RATING,8,21,71,Overall Hospital Rating,Global Item,West Virginia,South Atlantic,2019-10-01,2020-09-30,24.80851063829787
07_2021,WV,H_QUIET_HSP,10,31,59,Quietness of Hospital Environment,Individual Item,West Virginia,South Atlantic,2019-10-01,2020-09-30,24.80851063829787
07_2021,WV,H_RECMND,5,26,69,Willingness to Recommend the Hospital,Global Item,West Virginia,South Atlantic,2019-10-01,2020-09-30,24.80851063829787
07_2021,WY,H_CLEAN_HSP,7,16,77,Cleanliness of Hospital Environment,Individual Item,Wyoming,Mountain,2019-10-01,2020-09-30,29.041666666666668
07_2021,WY,H_COMP_1,3,15,82,Communication with Nurses,Composite Measure,Wyoming,Mountain,2019-10-01,2020-09-30,29.041666666666668
07_2021,WY,H_COMP_2,4,13,83,Communication with Doctors,Composite Measure,Wyoming,Mountain,2019-10-01,2020-09-30,29.041666666666668
07_2021,WY,H_COMP_3,4,18,78,Responsiveness of Hospital Staff,Composite Measure,Wyoming,Mountain,2019-10-01,2020-09-30,29.041666666666668
07_2021,WY,H_COMP_5,12,17,71,Communication about Medicines,Composite Measure,Wyoming,Mountain,2019-10-01,2020-09-30,29.041666666666668
07_2021,WY,H_COMP_6,13,0,87,Discharge Information,Composite Measure,Wyoming,Mountain,2019-10-01,2020-09-30,29.041666666666668
07_2021,WY,H_COMP_7,3,42,55,Care Transition,Composite Measure,Wyoming,Mountain,2019-10-01,2020-09-30,29.041666666666668
07_2021,WY,H_HSP_RATING,7,22,71,Overall Hospital Rating,Global Item,Wyoming,Mountain,2019-10-01,2020-09-30,29.041666666666668
07_2021,WY,H_QUIET_HSP,8,30,62,Quietness of Hospital Environment,Individual Item,Wyoming,Mountain,2019-10-01,2020-09-30,29.041666666666668
07_2021,WY,H_RECMND,3,27,70,Willingness to Recommend the Hospital,Global Item,Wyoming,Mountain,2019-10-01,2020-09-30,29.041666666666668
07_2022,AK,H_CLEAN_HSP,9,20,71,Cleanliness of Hospital Environment,Individual Item,Alaska,Pacific,2020-10-01,2021-09-30,19.692307692307693
07_2022,AK,H_COMP_1,4,18,78,Communication with Nurses,Composite Measure,Alaska,Pacific,2020-10-01,2021-09-30,19.692307692307693
07_2022,AK,H_COMP_2,4,17,79,Communication with Doctors,Composite Measure,Alaska,Pacific,2020-10-01,2021-09-30,19.692307692307693
07_2022,AK,H_COMP_3,10,25,65,Responsiveness of Hospital Staff,Composite Measure,Alaska,Pacific,2020-10-01,2021-09-30,19.692307692307693
07_2022,AK,H_COMP_5,17,19,64,Communication about Medicines,Composite Measure,Alaska,Pacific,2020-10-01,2021-09-30,19.692307692307693
07_2022,AK,H_COMP_6,12,0,88,Discharge Information,Composite Measure,Alaska,Pacific,2020-10-01,2021-09-30,19.692307692307693
07_2022,AK,H_COMP_7,5,45,50,Care Transition,Composite Measure,Alaska,Pacific,2020-10-01,2021-09-30,19.692307692307693
07_2022,AK,H_HSP_RATING,7,25,68,Overall Hospital Rating,Global Item,Alaska,Pacific,2020-10-01,2021-09-30,19.692307692307693
07_2022,AK,H_QUIET_HSP,11,28,61,Quietness of Hospital Environment,Individual Item,Alaska,Pacific,2020-10-01,2021-09-30,19.692307692307693
07_2022,AK,H_RECMND,4,27,69,Willingness to Recommend the Hospital,Global Item,Alaska,Pacific,2020-10-01,2021-09-30,19.692307692307693
07_2022,AL,H_CLEAN_HSP,11,18,71,Cleanliness of Hospital Environment,Individual Item,Alabama,East South Central,2020-10-01,2021-09-30,21.951807228915662
07_2022,AL,H_COMP_1,5,14,81,Communication with Nurses,Composite Measure,Alabama,East South Central,2020-10-01,2021-09-30,21.951807228915662
07_2022,AL,H_COMP_2,5,12,83,Communication with Doctors,Composite Measure,Alabama,East South Central,2020-10-01,2021-09-30,21.951807228915662
07_2022,AL,H_COMP_3,12,20,68,Responsiveness of Hospital Staff,Composite Measure,Alabama,East South Central,2020-10-01,2021-09-30,21.951807228915662
07_2022,AL,H_COMP_5,19,15,66,Communication about Medicines,Composite Measure,Alabama,East South Central,2020-10-01,2021-09-30,21.951807228915662
07_2022,AL,H_COMP_6,14,0,86,Discharge Information,Composite Measure,Alabama,East South Central,2020-10-01,2021-09-30,21.951807228915662
07_2022,AL,H_COMP_7,6,42,52,Care Transition,Composite Measure,Alabama,East South Central,2020-10-01,2021-09-30,21.951807228915662
07_2022,AL,H_HSP_RATING,9,20,71,Overall Hospital Rating,Global Item,Alabama,East South Central,2020-10-01,2021-09-30,21.951807228915662
07_2022,AL,H_QUIET_HSP,8,22,70,Quietness of Hospital Environment,Individual Item,Alabama,East South Central,2020-10-01,2021-09-30,21.951807228915662
07_2022,AL,H_RECMND,6,25,69,Willingness to Recommend the Hospital,Global Item,Alabama,East South Central,2020-10-01,2021-09-30,21.951807228915662
07_2022,AR,H_CLEAN_HSP,11,17,72,Cleanliness of Hospital Environment,Individual Item,Arkansas,West South Central,2020-10-01,2021-09-30,21.279411764705884
07_2022,AR,H_COMP_1,5,15,80,Communication with Nurses,Composite Measure,Arkansas,West South Central,2020-10-01,2021-09-30,21.279411764705884
07_2022,AR,H_COMP_2,5,12,83,Communication with Doctors,Composite Measure,Arkansas,West South Central,2020-10-01,2021-09-30,21.279411764705884
07_2022,AR,H_COMP_3,10,23,67,Responsiveness of Hospital Staff,Composite Measure,Arkansas,West South Central,2020-10-01,2021-09-30,21.279411764705884
07_2022,AR,H_COMP_5,20,18,62,Communication about Medicines,Composite Measure,Arkansas,West South Central,2020-10-01,2021-09-30,21.279411764705884
07_2022,AR,H_COMP_6,16,0,84,Discharge Information,Composite Measure,Arkansas,West South Central,2020-10-01,2021-09-30,21.279411764705884
07_2022,AR,H_COMP_7,6,43,51,Care Transition,Composite Measure,Arkansas,West South Central,2020-10-01,2021-09-30,21.279411764705884
07_2022,AR,H_HSP_RATING,8,21,71,Overall Hospital Rating,Global Item,Arkansas,West South Central,2020-10-01,2021-09-30,21.279411764705884
07_2022,AR,H_QUIET_HSP,7,25,68,Quietness of Hospital Environment,Individual Item,Arkansas,West South Central,2020-10-01,2021-09-30,21.279411764705884
07_2022,AR,H_RECMND,6,25,69,Willingness to Recommend the Hospital,Global Item,Arkansas,West South Central,2020-10-01,2021-09-30,21.279411764705884
07_2022,AZ,H_CLEAN_HSP,13,20,67,Cleanliness of Hospital Environment,Individual Item,Arizona,Mountain,2020-10-01,2021-09-30,24.295774647887324
07_2022,AZ,H_COMP_1,6,18,76,Communication with Nurses,Composite Measure,Arizona,Mountain,2020-10-01,2021-09-30,24.295774647887324
07_2022,AZ,H_COMP_2,8,17,75,Communication with Doctors,Composite Measure,Arizona,Mountain,2020-10-01,2021-09-30,24.295774647887324
07_2022,AZ,H_COMP_3,13,25,62,Responsiveness of Hospital Staff,Composite Measure,Arizona,Mountain,2020-10-01,2021-09-30,24.295774647887324
07_2022,AZ,H_COMP_5,22,18,60,Communication about Medicines,Composite Measure,Arizona,Mountain,2020-10-01,2021-09-30,24.295774647887324
07_2022,AZ,H_COMP_6,15,0,85,Discharge Information,Composite Measure,Arizona,Mountain,2020-10-01,2021-09-30,24.295774647887324
07_2022,AZ,H_COMP_7,8,44,48,Care Transition,Composite Measure,Arizona,Mountain,2020-10-01,2021-09-30,24.295774647887324
07_2022,AZ,H_HSP_RATING,11,21,68,Overall Hospital Rating,Global Item,Arizona,Mountain,2020-10-01,2021-09-30,24.295774647887324
07_2022,AZ,H_QUIET_HSP,13,31,56,Quietness of Hospital Environment,Individual Item,Arizona,Mountain,2020-10-01,2021-09-30,24.295774647887324
07_2022,AZ,H_RECMND,8,24,68,Willingness to Recommend the Hospital,Global Item,Arizona,Mountain,2020-10-01,2021-09-30,24.295774647887324
07_2022,CA,H_CLEAN_HSP,10,19,71,Cleanliness of Hospital Environment,Individual Item,California,Pacific,2020-10-01,2021-09-30,21.0828025477707
07_2022,CA,H_COMP_1,7,18,75,Communication with Nurses,Composite Measure,California,Pacific,2020-10-01,2021-09-30,21.0828025477707
07_2022,CA,H_COMP_2,7,17,76,Communication with Doctors,Composite Measure,California,Pacific,2020-10-01,2021-09-30,21.0828025477707
07_2022,CA,H_COMP_3,14,25,61,Responsiveness of Hospital Staff,Composite Measure,California,Pacific,2020-10-01,2021-09-30,21.0828025477707
07_2022,CA,H_COMP_5,22,18,60,Communication about Medicines,Composite Measure,California,Pacific,2020-10-01,2021-09-30,21.0828025477707
07_2022,CA,H_COMP_6,15,0,85,Discharge Information,Composite Measure,California,Pacific,2020-10-01,2021-09-30,21.0828025477707
07_2022,CA,H_COMP_7,8,45,47,Care Transition,Composite Measure,California,Pacific,2020-10-01,2021-09-30,21.0828025477707
07_2022,CA,H_HSP_RATING,10,21,69,Overall Hospital Rating,Global Item,California,Pacific,2020-10-01,2021-09-30,21.0828025477707
07_2022,CA,H_QUIET_HSP,16,32,52,Quietness of Hospital Environment,Individual Item,California,Pacific,2020-10-01,2021-09-30,21.0828025477707
07_2022,CA,H_RECMND,8,23,69,Willingness to Recommend the Hospital,Global Item,California,Pacific,2020-10-01,2021-09-30,21.0828025477707
07_2022,CO,H_CLEAN_HSP,9,16,75,Cleanliness of Hospital Environment,Individual Item,Colorado,Mountain,2020-10-01,2021-09-30,24.945205479452056
07_2022,CO,H_COMP_1,4,15,81,Communication with Nurses,Composite Measure,Colorado,Mountain,2020-10-01,2021-09-30,24.945205479452056
07_2022,CO,H_COMP_2,4,14,82,Communication with Doctors,Composite Measure,Colorado,Mountain,2020-10-01,2021-09-30,24.945205479452056
07_2022,CO,H_COMP_3,8,22,70,Responsiveness of Hospital Staff,Composite Measure,Colorado,Mountain,2020-10-01,2021-09-30,24.945205479452056
07_2022,CO,H_COMP_5,16,19,65,Communication about Medicines,Composite Measure,Colorado,Mountain,2020-10-01,2021-09-30,24.945205479452056
07_2022,CO,H_COMP_6,12,0,88,Discharge Information,Composite Measure,Colorado,Mountain,2020-10-01,2021-09-30,24.945205479452056
07_2022,CO,H_COMP_7,5,40,55,Care Transition,Composite Measure,Colorado,Mountain,2020-10-01,2021-09-30,24.945205479452056
07_2022,CO,H_HSP_RATING,6,18,76,Overall Hospital Rating,Global Item,Colorado,Mountain,2020-10-01,2021-09-30,24.945205479452056
07_2022,CO,H_QUIET_HSP,7,28,65,Quietness of Hospital Environment,Individual Item,Colorado,Mountain,2020-10-01,2021-09-30,24.945205479452056
07_2022,CO,H_RECMND,4,21,75,Willingness to Recommend the Hospital,Global Item,Colorado,Mountain,2020-10-01,2021-09-30,24.945205479452056
07_2022,CT,H_CLEAN_HSP,10,19,71,Cleanliness of Hospital Environment,Individual Item,Connecticut,New England,2020-10-01,2021-09-30,24.0
07_2022,CT,H_COMP_1,5,17,78,Communication with Nurses,Composite Measure,Connecticut,New England,2020-10-01,2021-09-30,24.0
07_2022,CT,H_COMP_2,6,16,78,Communication with Doctors,Composite Measure,Connecticut,New England,2020-10-01,2021-09-30,24.0
07_2022,CT,H_COMP_3,13,27,60,Responsiveness of Hospital Staff,Composite Measure,Connecticut,New England,2020-10-01,2021-09-30,24.0
07_2022,CT,H_COMP_5,22,18,60,Communication about Medicines,Composite Measure,Connecticut,New England,2020-10-01,2021-09-30,24.0
07_2022,CT,H_COMP_6,13,0,87,Discharge Information,Composite Measure,Connecticut,New England,2020-10-01,2021-09-30,24.0
07_2022,CT,H_COMP_7,7,44,49,Care Transition,Composite Measure,Connecticut,New England,2020-10-01,2021-09-30,24.0
07_2022,CT,H_HSP_RATING,10,22,68,Overall Hospital Rating,Global Item,Connecticut,New England,2020-10-01,2021-09-30,24.0
07_2022,CT,H_QUIET_HSP,15,33,52,Quietness of Hospital Environment,Individual Item,Connecticut,New England,2020-10-01,2021-09-30,24.0
07_2022,CT,H_RECMND,6,24,70,Willingness to Recommend the Hospital,Global Item,Connecticut,New England,2020-10-01,2021-09-30,24.0
07_2022,DC,H_CLEAN_HSP,14,21,65,Cleanliness of Hospital Environment,Individual Item,District of Columbia,South Atlantic,2020-10-01,2021-09-30,16.285714285714285
07_2022,DC,H_COMP_1,10,19,71,Communication with Nurses,Composite Measure,District of Columbia,South Atlantic,2020-10-01,2021-09-30,16.285714285714285
07_2022,DC,H_COMP_2,7,15,78,Communication with Doctors,Composite Measure,District of Columbia,South Atlantic,2020-10-01,2021-09-30,16.285714285714285
07_2022,DC,H_COMP_3,21,26,53,Responsiveness of Hospital Staff,Composite Measure,District of Columbia,South Atlantic,2020-10-01,2021-09-30,16.285714285714285
07_2022,DC,H_COMP_5,25,17,58,Communication about Medicines,Composite Measure,District of Columbia,South Atlantic,2020-10-01,2021-09-30,16.285714285714285
07_2022,DC,H_COMP_6,16,0,84,Discharge Information,Composite Measure,District of Columbia,South Atlantic,2020-10-01,2021-09-30,16.285714285714285
07_2022,DC,H_COMP_7,8,44,48,Care Transition,Composite Measure,District of Columbia,South Atlantic,2020-10-01,2021-09-30,16.285714285714285
07_2022,DC,H_HSP_RATING,13,24,63,Overall Hospital Rating,Global Item,District of Columbia,South Atlantic,2020-10-01,2021-09-30,16.285714285714285
07_2022,DC,H_QUIET_HSP,16,27,57,Quietness of Hospital Environment,Individual Item,District of Columbia,South Atlantic,2020-10-01,2021-09-30,16.285714285714285
07_2022,DC,H_RECMND,9,29,62,Willingness to Recommend the Hospital,Global Item,District of Columbia,South Atlantic,2020-10-01,2021-09-30,16.285714285714285
07_2022,DE,H_CLEAN_HSP,13,21,66,Cleanliness of Hospital Environment,Individual Item,Delaware,South Atlantic,2020-10-01,2021-09-30,20.714285714285715
07_2022,DE,H_COMP_1,5,18,77,Communication with Nurses,Composite Measure,Delaware,South Atlantic,2020-10-01,2021-09-30,20.714285714285715
07_2022,DE,H_COMP_2,6,17,77,Communication with Doctors,Composite Measure,Delaware,South Atlantic,2020-10-01,2021-09-30,20.714285714285715
07_2022,DE,H_COMP_3,11,26,63,Responsiveness of Hospital Staff,Composite Measure,Delaware,South Atlantic,2020-10-01,2021-09-30,20.714285714285715
07_2022,DE,H_COMP_5,21,20,59,Communication about Medicines,Composite Measure,Delaware,South Atlantic,2020-10-01,2021-09-30,20.714285714285715
07_2022,DE,H_COMP_6,13,0,87,Discharge Information,Composite Measure,Delaware,South Atlantic,2020-10-01,2021-09-30,20.714285714285715
07_2022,DE,H_COMP_7,7,44,49,Care Transition,Composite Measure,Delaware,South Atlantic,2020-10-01,2021-09-30,20.714285714285715
07_2022,DE,H_HSP_RATING,9,23,68,Overall Hospital Rating,Global Item,Delaware,South Atlantic,2020-10-01,2021-09-30,20.714285714285715
07_2022,DE,H_QUIET_HSP,13,31,56,Quietness of Hospital Environment,Individual Item,Delaware,South Atlantic,2020-10-01,2021-09-30,20.714285714285715
07_2022,DE,H_RECMND,6,27,67,Willingness to Recommend the Hospital,Global Item,Delaware,South Atlantic,2020-10-01,2021-09-30,20.714285714285715
07_2022,FL,H_CLEAN_HSP,12,19,69,Cleanliness of Hospital Environment,Individual Item,Florida,South Atlantic,2020-10-01,2021-09-30,20.86285714285714
07_2022,FL,H_COMP_1,7,18,75,Communication with Nurses,Composite Measure,Florida,South Atlantic,2020-10-01,2021-09-30,20.86285714285714
07_2022,FL,H_COMP_2,8,17,75,Communication with Doctors,Composite Measure,Florida,South Atlantic,2020-10-01,2021-09-30,20.86285714285714
07_2022,FL,H_COMP_3,15,26,59,Responsiveness of Hospital Staff,Composite Measure,Florida,South Atlantic,2020-10-01,2021-09-30,20.86285714285714
07_2022,FL,H_COMP_5,25,17,58,Communication about Medicines,Composite Measure,Florida,South Atlantic,2020-10-01,2021-09-30,20.86285714285714
07_2022,FL,H_COMP_6,17,0,83,Discharge Information,Composite Measure,Florida,South Atlantic,2020-10-01,2021-09-30,20.86285714285714
07_2022,FL,H_COMP_7,9,43,48,Care Transition,Composite Measure,Florida,South Atlantic,2020-10-01,2021-09-30,20.86285714285714
07_2022,FL,H_HSP_RATING,12,21,67,Overall Hospital Rating,Global Item,Florida,South Atlantic,2020-10-01,2021-09-30,20.86285714285714
07_2022,FL,H_QUIET_HSP,13,29,58,Quietness of Hospital Environment,Individual Item,Florida,South Atlantic,2020-10-01,2021-09-30,20.86285714285714
07_2022,FL,H_RECMND,9,24,67,Willingness to Recommend the Hospital,Global Item,Florida,South Atlantic,2020-10-01,2021-09-30,20.86285714285714
07_2022,GA,H_CLEAN_HSP,12,18,70,Cleanliness of Hospital Environment,Individual Item,Georgia,South Atlantic,2020-10-01,2021-09-30,18.068376068376068
07_2022,GA,H_COMP_1,6,16,78,Communication with Nurses,Composite Measure,Georgia,South Atlantic,2020-10-01,2021-09-30,18.068376068376068
07_2022,GA,H_COMP_2,6,14,80,Communication with Doctors,Composite Measure,Georgia,South Atlantic,2020-10-01,2021-09-30,18.068376068376068
07_2022,GA,H_COMP_3,13,24,63,Responsiveness of Hospital Staff,Composite Measure,Georgia,South Atlantic,2020-10-01,2021-09-30,18.068376068376068
07_2022,GA,H_COMP_5,22,18,60,Communication about Medicines,Composite Measure,Georgia,South Atlantic,2020-10-01,2021-09-30,18.068376068376068
07_2022,GA,H_COMP_6,16,0,84,Discharge Information,Composite Measure,Georgia,South Atlantic,2020-10-01,2021-09-30,18.068376068376068
07_2022,GA,H_COMP_7,7,42,51,Care Transition,Composite Measure,Georgia,South Atlantic,2020-10-01,2021-09-30,18.068376068376068
07_2022,GA,H_HSP_RATING,10,20,70,Overall Hospital Rating,Global Item,Georgia,South Atlantic,2020-10-01,2021-09-30,18.068376068376068
07_2022,GA,H_QUIET_HSP,9,25,66,Quietness of Hospital Environment,Individual Item,Georgia,South Atlantic,2020-10-01,2021-09-30,18.068376068376068
07_2022,GA,H_RECMND,7,24,69,Willingness to Recommend the Hospital,Global Item,Georgia,South Atlantic,2020-10-01,2021-09-30,18.068376068376068
07_2022,HI,H_CLEAN_HSP,6,20,74,Cleanliness of Hospital Environment,Individual Item,Hawaii,Pacific,2020-10-01,2021-09-30,24.333333333333332
07_2022,HI,H_COMP_1,7,15,78,Communication with Nurses,Composite Measure,Hawaii,Pacific,2020-10-01,2021-09-30,24.333333333333332
07_2022,HI,H_COMP_2,8,14,78,Communication with Doctors,Composite Measure,Hawaii,Pacific,2020-10-01,2021-09-30,24.333333333333332
07_2022,HI,H_COMP_3,12,23,65,Responsiveness of Hospital Staff,Composite Measure,Hawaii,Pacific,2020-10-01,2021-09-30,24.333333333333332
07_2022,HI,H_COMP_5,18,19,63,Communication about Medicines,Composite Measure,Hawaii,Pacific,2020-10-01,2021-09-30,24.333333333333332
07_2022,HI,H_COMP_6,18,0,82,Discharge Information,Composite Measure,Hawaii,Pacific,2020-10-01,2021-09-30,24.333333333333332
07_2022,HI,H_COMP_7,8,41,51,Care Transition,Composite Measure,Hawaii,Pacific,2020-10-01,2021-09-30,24.333333333333332
07_2022,HI,H_HSP_RATING,11,20,69,Overall Hospital Rating,Global Item,Hawaii,Pacific,2020-10-01,2021-09-30,24.333333333333332
07_2022,HI,H_QUIET_HSP,14,33,53,Quietness of Hospital Environment,Individual Item,Hawaii,Pacific,2020-10-01,2021-09-30,24.333333333333332
07_2022,HI,H_RECMND,7,25,68,Willingness to Recommend the Hospital,Global Item,Hawaii,Pacific,2020-10-01,2021-09-30,24.333333333333332
07_2022,IA,H_CLEAN_HSP,6,16,78,Cleanliness of Hospital Environment,Individual Item,Iowa,West North Central,2020-10-01,2021-09-30,31.428571428571427
07_2022,IA,H_COMP_1,3,14,83,Communication with Nurses,Composite Measure,Iowa,West North Central,2020-10-01,2021-09-30,31.428571428571427
07_2022,IA,H_COMP_2,3,14,83,Communication with Doctors,Composite Measure,Iowa,West North Central,2020-10-01,2021-09-30,31.428571428571427
07_2022,IA,H_COMP_3,6,22,72,Responsiveness of Hospital Staff,Composite Measure,Iowa,West North Central,2020-10-01,2021-09-30,31.428571428571427
07_2022,IA,H_COMP_5,14,20,66,Communication about Medicines,Composite Measure,Iowa,West North Central,2020-10-01,2021-09-30,31.428571428571427
07_2022,IA,H_COMP_6,11,0,89,Discharge Information,Composite Measure,Iowa,West North Central,2020-10-01,2021-09-30,31.428571428571427
07_2022,IA,H_COMP_7,4,40,56,Care Transition,Composite Measure,Iowa,West North Central,2020-10-01,2021-09-30,31.428571428571427
07_2022,IA,H_HSP_RATING,5,16,79,Overall Hospital Rating,Global Item,Iowa,West North Central,2020-10-01,2021-09-30,31.428571428571427
07_2022,IA,H_QUIET_HSP,5,26,69,Quietness of Hospital Environment,Individual Item,Iowa,West North Central,2020-10-01,2021-09-30,31.428571428571427
07_2022,IA,H_RECMND,3,21,76,Willingness to Recommend the Hospital,Global Item,Iowa,West North Central,2020-10-01,2021-09-30,31.428571428571427
07_2022,ID,H_CLEAN_HSP,6,16,78,Cleanliness of Hospital Environment,Individual Item,Idaho,Mountain,2020-10-01,2021-09-30,27.37837837837838
07_2022,ID,H_COMP_1,3,14,83,Communication with Nurses,Composite Measure,Idaho,Mountain,2020-10-01,2021-09-30,27.37837837837838
07_2022,ID,H_COMP_2,4,12,84,Communication with Doctors,Composite Measure,Idaho,Mountain,2020-10-01,2021-09-30,27.37837837837838
07_2022,ID,H_COMP_3,5,22,73,Responsiveness of Hospital Staff,Composite Measure,Idaho,Mountain,2020-10-01,2021-09-30,27.37837837837838
07_2022,ID,H_COMP_5,16,17,67,Communication about Medicines,Composite Measure,Idaho,Mountain,2020-10-01,2021-09-30,27.37837837837838
07_2022,ID,H_COMP_6,11,0,89,Discharge Information,Composite Measure,Idaho,Mountain,2020-10-01,2021-09-30,27.37837837837838
07_2022,ID,H_COMP_7,5,40,55,Care Transition,Composite Measure,Idaho,Mountain,2020-10-01,2021-09-30,27.37837837837838
07_2022,ID,H_HSP_RATING,5,20,75,Overall Hospital Rating,Global Item,Idaho,Mountain,2020-10-01,2021-09-30,27.37837837837838
07_2022,ID,H_QUIET_HSP,7,28,65,Quietness of Hospital Environment,Individual Item,Idaho,Mountain,2020-10-01,2021-09-30,27.37837837837838
07_2022,ID,H_RECMND,3,23,74,Willingness to Recommend the Hospital,Global Item,Idaho,Mountain,2020-10-01,2021-09-30,27.37837837837838
07_2022,IL,H_CLEAN_HSP,9,18,73,Cleanliness of Hospital Environment,Individual Item,Illinois,East North Central,2020-10-01,2021-09-30,23.431137724550897
07_2022,IL,H_COMP_1,5,16,79,Communication with Nurses,Composite Measure,Illinois,East North Central,2020-10-01,2021-09-30,23.431137724550897
07_2022,IL,H_COMP_2,5,16,79,Communication with Doctors,Composite Measure,Illinois,East North Central,2020-10-01,2021-09-30,23.431137724550897
07_2022,IL,H_COMP_3,11,24,65,Responsiveness of Hospital Staff,Composite Measure,Illinois,East North Central,2020-10-01,2021-09-30,23.431137724550897
07_2022,IL,H_COMP_5,20,18,62,Communication about Medicines,Composite Measure,Illinois,East North Central,2020-10-01,2021-09-30,23.431137724550897
07_2022,IL,H_COMP_6,14,0,86,Discharge Information,Composite Measure,Illinois,East North Central,2020-10-01,2021-09-30,23.431137724550897
07_2022,IL,H_COMP_7,6,43,51,Care Transition,Composite Measure,Illinois,East North Central,2020-10-01,2021-09-30,23.431137724550897
07_2022,IL,H_HSP_RATING,9,20,71,Overall Hospital Rating,Global Item,Illinois,East North Central,2020-10-01,2021-09-30,23.431137724550897
07_2022,IL,H_QUIET_HSP,10,27,63,Quietness of Hospital Environment,Individual Item,Illinois,East North Central,2020-10-01,2021-09-30,23.431137724550897
07_2022,IL,H_RECMND,6,25,69,Willingness to Recommend the Hospital,Global Item,Illinois,East North Central,2020-10-01,2021-09-30,23.431137724550897
07_2022,IN,H_CLEAN_HSP,8,19,73,Cleanliness of Hospital Environment,Individual Item,Indiana,East North Central,2020-10-01,2021-09-30,25.490384615384617
07_2022,IN,H_COMP_1,4,16,80,Communication with Nurses,Composite Measure,Indiana,East North Central,2020-10-01,2021-09-30,25.490384615384617
07_2022,IN,H_COMP_2,5,16,79,Communication with Doctors,Composite Measure,Indiana,East North Central,2020-10-01,2021-09-30,25.490384615384617
07_2022,IN,H_COMP_3,8,26,66,Responsiveness of Hospital Staff,Composite Measure,Indiana,East North Central,2020-10-01,2021-09-30,25.490384615384617
07_2022,IN,H_COMP_5,20,19,61,Communication about Medicines,Composite Measure,Indiana,East North Central,2020-10-01,2021-09-30,25.490384615384617
07_2022,IN,H_COMP_6,12,0,88,Discharge Information,Composite Measure,Indiana,East North Central,2020-10-01,2021-09-30,25.490384615384617
07_2022,IN,H_COMP_7,5,42,53,Care Transition,Composite Measure,Indiana,East North Central,2020-10-01,2021-09-30,25.490384615384617
07_2022,IN,H_HSP_RATING,7,20,73,Overall Hospital Rating,Global Item,Indiana,East North Central,2020-10-01,2021-09-30,25.490384615384617
07_2022,IN,H_QUIET_HSP,9,28,63,Quietness of Hospital Environment,Individual Item,Indiana,East North Central,2020-10-01,2021-09-30,25.490384615384617
07_2022,IN,H_RECMND,4,25,71,Willingness to Recommend the Hospital,Global Item,Indiana,East North Central,2020-10-01,2021-09-30,25.490384615384617
07_2022,KS,H_CLEAN_HSP,7,15,78,Cleanliness of Hospital Environment,Individual Item,Kansas,West North Central,2020-10-01,2021-09-30,30.076923076923077
07_2022,KS,H_COMP_1,3,15,82,Communication with Nurses,Composite Measure,Kansas,West North Central,2020-10-01,2021-09-30,30.076923076923077
07_2022,KS,H_COMP_2,4,12,84,Communication with Doctors,Composite Measure,Kansas,West North Central,2020-10-01,2021-09-30,30.076923076923077
07_2022,KS,H_COMP_3,6,22,72,Responsiveness of Hospital Staff,Composite Measure,Kansas,West North Central,2020-10-01,2021-09-30,30.076923076923077
07_2022,KS,H_COMP_5,16,19,65,Communication about Medicines,Composite Measure,Kansas,West North Central,2020-10-01,2021-09-30,30.076923076923077
07_2022,KS,H_COMP_6,13,0,87,Discharge Information,Composite Measure,Kansas,West North Central,2020-10-01,2021-09-30,30.076923076923077
07_2022,KS,H_COMP_7,4,40,56,Care Transition,Composite Measure,Kansas,West North Central,2020-10-01,2021-09-30,30.076923076923077
07_2022,KS,H_HSP_RATING,5,18,77,Overall Hospital Rating,Global Item,Kansas,West North Central,2020-10-01,2021-09-30,30.076923076923077
07_2022,KS,H_QUIET_HSP,7,25,68,Quietness of Hospital Environment,Individual Item,Kansas,West North Central,2020-10-01,2021-09-30,30.076923076923077
07_2022,KS,H_RECMND,3,21,76,Willingness to Recommend the Hospital,Global Item,Kansas,West North Central,2020-10-01,2021-09-30,30.076923076923077
07_2022,KY,H_CLEAN_HSP,10,17,73,Cleanliness of Hospital Environment,Individual Item,Kentucky,East South Central,2020-10-01,2021-09-30,20.943181818181817
07_2022,KY,H_COMP_1,5,14,81,Communication with Nurses,Composite Measure,Kentucky,East South Central,2020-10-01,2021-09-30,20.943181818181817
07_2022,KY,H_COMP_2,5,13,82,Communication with Doctors,Composite Measure,Kentucky,East South Central,2020-10-01,2021-09-30,20.943181818181817
07_2022,KY,H_COMP_3,10,24,66,Responsiveness of Hospital Staff,Composite Measure,Kentucky,East South Central,2020-10-01,2021-09-30,20.943181818181817
07_2022,KY,H_COMP_5,19,18,63,Communication about Medicines,Composite Measure,Kentucky,East South Central,2020-10-01,2021-09-30,20.943181818181817
07_2022,KY,H_COMP_6,14,0,86,Discharge Information,Composite Measure,Kentucky,East South Central,2020-10-01,2021-09-30,20.943181818181817
07_2022,KY,H_COMP_7,6,42,52,Care Transition,Composite Measure,Kentucky,East South Central,2020-10-01,2021-09-30,20.943181818181817
07_2022,KY,H_HSP_RATING,8,21,71,Overall Hospital Rating,Global Item,Kentucky,East South Central,2020-10-01,2021-09-30,20.943181818181817
07_2022,KY,H_QUIET_HSP,9,27,64,Quietness of Hospital Environment,Individual Item,Kentucky,East South Central,2020-10-01,2021-09-30,20.943181818181817
07_2022,KY,H_RECMND,6,25,69,Willingness to Recommend the Hospital,Global Item,Kentucky,East South Central,2020-10-01,2021-09-30,20.943181818181817
07_2022,LA,H_CLEAN_HSP,9,15,76,Cleanliness of Hospital Environment,Individual Item,Louisiana,West South Central,2020-10-01,2021-09-30,20.683673469387756
07_2022,LA,H_COMP_1,4,12,84,Communication with Nurses,Composite Measure,Louisiana,West South Central,2020-10-01,2021-09-30,20.683673469387756
07_2022,LA,H_COMP_2,4,11,85,Communication with Doctors,Composite Measure,Louisiana,West South Central,2020-10-01,2021-09-30,20.683673469387756
07_2022,LA,H_COMP_3,10,19,71,Responsiveness of Hospital Staff,Composite Measure,Louisiana,West South Central,2020-10-01,2021-09-30,20.683673469387756
07_2022,LA,H_COMP_5,17,15,68,Communication about Medicines,Composite Measure,Louisiana,West South Central,2020-10-01,2021-09-30,20.683673469387756
07_2022,LA,H_COMP_6,13,0,87,Discharge Information,Composite Measure,Louisiana,West South Central,2020-10-01,2021-09-30,20.683673469387756
07_2022,LA,H_COMP_7,5,37,58,Care Transition,Composite Measure,Louisiana,West South Central,2020-10-01,2021-09-30,20.683673469387756
07_2022,LA,H_HSP_RATING,8,17,75,Overall Hospital Rating,Global Item,Louisiana,West South Central,2020-10-01,2021-09-30,20.683673469387756
07_2022,LA,H_QUIET_HSP,6,20,74,Quietness of Hospital Environment,Individual Item,Louisiana,West South Central,2020-10-01,2021-09-30,20.683673469387756
07_2022,LA,H_RECMND,5,20,75,Willingness to Recommend the Hospital,Global Item,Louisiana,West South Central,2020-10-01,2021-09-30,20.683673469387756
07_2022,MA,H_CLEAN_HSP,10,20,70,Cleanliness of Hospital Environment,Individual Item,Massachusetts,New England,2020-10-01,2021-09-30,24.19298245614035
07_2022,MA,H_COMP_1,4,16,80,Communication with Nurses,Composite Measure,Massachusetts,New England,2020-10-01,2021-09-30,24.19298245614035
07_2022,MA,H_COMP_2,5,16,79,Communication with Doctors,Composite Measure,Massachusetts,New England,2020-10-01,2021-09-30,24.19298245614035
07_2022,MA,H_COMP_3,11,26,63,Responsiveness of Hospital Staff,Composite Measure,Massachusetts,New England,2020-10-01,2021-09-30,24.19298245614035
07_2022,MA,H_COMP_5,20,18,62,Communication about Medicines,Composite Measure,Massachusetts,New England,2020-10-01,2021-09-30,24.19298245614035
07_2022,MA,H_COMP_6,12,0,88,Discharge Information,Composite Measure,Massachusetts,New England,2020-10-01,2021-09-30,24.19298245614035
07_2022,MA,H_COMP_7,6,43,51,Care Transition,Composite Measure,Massachusetts,New England,2020-10-01,2021-09-30,24.19298245614035
07_2022,MA,H_HSP_RATING,8,22,70,Overall Hospital Rating,Global Item,Massachusetts,New England,2020-10-01,2021-09-30,24.19298245614035
07_2022,MA,H_QUIET_HSP,15,34,51,Quietness of Hospital Environment,Individual Item,Massachusetts,New England,2020-10-01,2021-09-30,24.19298245614035
07_2022,MA,H_RECMND,5,24,71,Willingness to Recommend the Hospital,Global Item,Massachusetts,New England,2020-10-01,2021-09-30,24.19298245614035
07_2022,MD,H_CLEAN_HSP,13,20,67,Cleanliness of Hospital Environment,Individual Item,Maryland,South Atlantic,2020-10-01,2021-09-30,19.22222222222222
07_2022,MD,H_COMP_1,7,18,75,Communication with Nurses,Composite Measure,Maryland,South Atlantic,2020-10-01,2021-09-30,19.22222222222222
07_2022,MD,H_COMP_2,7,17,76,Communication with Doctors,Composite Measure,Maryland,South Atlantic,2020-10-01,2021-09-30,19.22222222222222
07_2022,MD,H_COMP_3,16,27,57,Responsiveness of Hospital Staff,Composite Measure,Maryland,South Atlantic,2020-10-01,2021-09-30,19.22222222222222
07_2022,MD,H_COMP_5,24,19,57,Communication about Medicines,Composite Measure,Maryland,South Atlantic,2020-10-01,2021-09-30,19.22222222222222
07_2022,MD,H_COMP_6,14,0,86,Discharge Information,Composite Measure,Maryland,South Atlantic,2020-10-01,2021-09-30,19.22222222222222
07_2022,MD,H_COMP_7,8,44,48,Care Transition,Composite Measure,Maryland,South Atlantic,2020-10-01,2021-09-30,19.22222222222222
07_2022,MD,H_HSP_RATING,11,24,65,Overall Hospital Rating,Global Item,Maryland,South Atlantic,2020-10-01,2021-09-30,19.22222222222222
07_2022,MD,H_QUIET_HSP,13,30,57,Quietness of Hospital Environment,Individual Item,Maryland,South Atlantic,2020-10-01,2021-09-30,19.22222222222222
07_2022,MD,H_RECMND,8,27,65,Willingness to Recommend the Hospital,Global Item,Maryland,South Atlantic,2020-10-01,2021-09-30,19.22222222222222
07_2022,ME,H_CLEAN_HSP,7,17,76,Cleanliness of Hospital Environment,Individual Item,Maine,New England,2020-10-01,2021-09-30,25.484848484848484
07_2022,ME,H_COMP_1,3,13,84,Communication with Nurses,Composite Measure,Maine,New England,2020-10-01,2021-09-30,25.484848484848484
07_2022,ME,H_COMP_2,4,13,83,Communication with Doctors,Composite Measure,Maine,New England,2020-10-01,2021-09-30,25.484848484848484
07_2022,ME,H_COMP_3,7,23,70,Responsiveness of Hospital Staff,Composite Measure,Maine,New England,2020-10-01,2021-09-30,25.484848484848484
07_2022,ME,H_COMP_5,16,17,67,Communication about Medicines,Composite Measure,Maine,New England,2020-10-01,2021-09-30,25.484848484848484
07_2022,ME,H_COMP_6,11,0,89,Discharge Information,Composite Measure,Maine,New England,2020-10-01,2021-09-30,25.484848484848484
07_2022,ME,H_COMP_7,4,40,56,Care Transition,Composite Measure,Maine,New England,2020-10-01,2021-09-30,25.484848484848484
07_2022,ME,H_HSP_RATING,6,19,75,Overall Hospital Rating,Global Item,Maine,New England,2020-10-01,2021-09-30,25.484848484848484
07_2022,ME,H_QUIET_HSP,10,32,58,Quietness of Hospital Environment,Individual Item,Maine,New England,2020-10-01,2021-09-30,25.484848484848484
07_2022,ME,H_RECMND,4,21,75,Willingness to Recommend the Hospital,Global Item,Maine,New England,2020-10-01,2021-09-30,25.484848484848484
07_2022,MI,H_CLEAN_HSP,10,18,72,Cleanliness of Hospital Environment,Individual Item,Michigan,East North Central,2020-10-01,2021-09-30,27.4
07_2022,MI,H_COMP_1,4,14,82,Communication with Nurses,Composite Measure,Michigan,East North Central,2020-10-01,2021-09-30,27.4
07_2022,MI,H_COMP_2,5,15,80,Communication with Doctors,Composite Measure,Michigan,East North Central,2020-10-01,2021-09-30,27.4
07_2022,MI,H_COMP_3,8,22,70,Responsiveness of Hospital Staff,Composite Measure,Michigan,East North Central,2020-10-01,2021-09-30,27.4
07_2022,MI,H_COMP_5,18,18,64,Communication about Medicines,Composite Measure,Michigan,East North Central,2020-10-01,2021-09-30,27.4
07_2022,MI,H_COMP_6,12,0,88,Discharge Information,Composite Measure,Michigan,East North Central,2020-10-01,2021-09-30,27.4
07_2022,MI,H_COMP_7,5,42,53,Care Transition,Composite Measure,Michigan,East North Central,2020-10-01,2021-09-30,27.4
07_2022,MI,H_HSP_RATING,8,19,73,Overall Hospital Rating,Global Item,Michigan,East North Central,2020-10-01,2021-09-30,27.4
07_2022,MI,H_QUIET_HSP,10,29,61,Quietness of Hospital Environment,Individual Item,Michigan,East North Central,2020-10-01,2021-09-30,27.4
07_2022,MI,H_RECMND,5,25,70,Willingness to Recommend the Hospital,Global Item,Michigan,East North Central,2020-10-01,2021-09-30,27.4
07_2022,MN,H_CLEAN_HSP,7,16,77,Cleanliness of Hospital Environment,Individual Item,Minnesota,West North Central,2020-10-01,2021-09-30,32.72641509433962
07_2022,MN,H_COMP_1,2,14,84,Communication with Nurses,Composite Measure,Minnesota,West North Central,2020-10-01,2021-09-30,32.72641509433962
07_2022,MN,H_COMP_2,3,12,85,Communication with Doctors,Composite Measure,Minnesota,West North Central,2020-10-01,2021-09-30,32.72641509433962
07_2022,MN,H_COMP_3,5,20,75,Responsiveness of Hospital Staff,Composite Measure,Minnesota,West North Central,2020-10-01,2021-09-30,32.72641509433962
07_2022,MN,H_COMP_5,14,18,68,Communication about Medicines,Composite Measure,Minnesota,West North Central,2020-10-01,2021-09-30,32.72641509433962
07_2022,MN,H_COMP_6,11,0,89,Discharge Information,Composite Measure,Minnesota,West North Central,2020-10-01,2021-09-30,32.72641509433962
07_2022,MN,H_COMP_7,4,40,56,Care Transition,Composite Measure,Minnesota,West North Central,2020-10-01,2021-09-30,32.72641509433962
07_2022,MN,H_HSP_RATING,5,16,79,Overall Hospital Rating,Global Item,Minnesota,West North Central,2020-10-01,2021-09-30,32.72641509433962
07_2022,MN,H_QUIET_HSP,6,24,70,Quietness of Hospital Environment,Individual Item,Minnesota,West North Central,2020-10-01,2021-09-30,32.72641509433962
07_2022,MN,H_RECMND,3,20,77,Willingness to Recommend the Hospital,Global Item,Minnesota,West North Central,2020-10-01,2021-09-30,32.72641509433962
07_2022,MO,H_CLEAN_HSP,9,20,71,Cleanliness of Hospital Environment,Individual Item,Missouri,West North Central,2020-10-01,2021-09-30,25.31
07_2022,MO,H_COMP_1,4,16,80,Communication with Nurses,Composite Measure,Missouri,West North Central,2020-10-01,2021-09-30,25.31
07_2022,MO,H_COMP_2,5,15,80,Communication with Doctors,Composite Measure,Missouri,West North Central,2020-10-01,2021-09-30,25.31
07_2022,MO,H_COMP_3,9,26,65,Responsiveness of Hospital Staff,Composite Measure,Missouri,West North Central,2020-10-01,2021-09-30,25.31
07_2022,MO,H_COMP_5,20,19,61,Communication about Medicines,Composite Measure,Missouri,West North Central,2020-10-01,2021-09-30,25.31
07_2022,MO,H_COMP_6,13,0,87,Discharge Information,Composite Measure,Missouri,West North Central,2020-10-01,2021-09-30,25.31
07_2022,MO,H_COMP_7,5,44,51,Care Transition,Composite Measure,Missouri,West North Central,2020-10-01,2021-09-30,25.31
07_2022,MO,H_HSP_RATING,8,21,71,Overall Hospital Rating,Global Item,Missouri,West North Central,2020-10-01,2021-09-30,25.31
07_2022,MO,H_QUIET_HSP,9,29,62,Quietness of Hospital Environment,Individual Item,Missouri,West North Central,2020-10-01,2021-09-30,25.31
07_2022,MO,H_RECMND,5,26,69,Willingness to Recommend the Hospital,Global Item,Missouri,West North Central,2020-10-01,2021-09-30,25.31
07_2022,MS,H_CLEAN_HSP,10,16,74,Cleanliness of Hospital Environment,Individual Item,Mississippi,East South Central,2020-10-01,2021-09-30,19.64
07_2022,MS,H_COMP_1,5,12,83,Communication with Nurses,Composite Measure,Mississippi,East South Central,2020-10-01,2021-09-30,19.64
07_2022,MS,H_COMP_2,5,10,85,Communication with Doctors,Composite Measure,Mississippi,East South Central,2020-10-01,2021-09-30,19.64
07_2022,MS,H_COMP_3,11,18,71,Responsiveness of Hospital Staff,Composite Measure,Mississippi,East South Central,2020-10-01,2021-09-30,19.64
07_2022,MS,H_COMP_5,18,16,66,Communication about Medicines,Composite Measure,Mississippi,East South Central,2020-10-01,2021-09-30,19.64
07_2022,MS,H_COMP_6,16,0,84,Discharge Information,Composite Measure,Mississippi,East South Central,2020-10-01,2021-09-30,19.64
07_2022,MS,H_COMP_7,6,41,53,Care Transition,Composite Measure,Mississippi,East South Central,2020-10-01,2021-09-30,19.64
07_2022,MS,H_HSP_RATING,9,18,73,Overall Hospital Rating,Global Item,Mississippi,East South Central,2020-10-01,2021-09-30,19.64
07_2022,MS,H_QUIET_HSP,6,21,73,Quietness of Hospital Environment,Individual Item,Mississippi,East South Central,2020-10-01,2021-09-30,19.64
07_2022,MS,H_RECMND,6,23,71,Willingness to Recommend the Hospital,Global Item,Mississippi,East South Central,2020-10-01,2021-09-30,19.64
07_2022,MT,H_CLEAN_HSP,10,19,71,Cleanliness of Hospital Environment,Individual Item,Montana,Mountain,2020-10-01,2021-09-30,28.35483870967742
07_2022,MT,H_COMP_1,3,16,81,Communication with Nurses,Composite Measure,Montana,Mountain,2020-10-01,2021-09-30,28.35483870967742
07_2022,MT,H_COMP_2,4,13,83,Communication with Doctors,Composite Measure,Montana,Mountain,2020-10-01,2021-09-30,28.35483870967742
07_2022,MT,H_COMP_3,6,21,73,Responsiveness of Hospital Staff,Composite Measure,Montana,Mountain,2020-10-01,2021-09-30,28.35483870967742
07_2022,MT,H_COMP_5,15,18,67,Communication about Medicines,Composite Measure,Montana,Mountain,2020-10-01,2021-09-30,28.35483870967742
07_2022,MT,H_COMP_6,17,0,83,Discharge Information,Composite Measure,Montana,Mountain,2020-10-01,2021-09-30,28.35483870967742
07_2022,MT,H_COMP_7,5,42,53,Care Transition,Composite Measure,Montana,Mountain,2020-10-01,2021-09-30,28.35483870967742
07_2022,MT,H_HSP_RATING,9,20,71,Overall Hospital Rating,Global Item,Montana,Mountain,2020-10-01,2021-09-30,28.35483870967742
07_2022,MT,H_QUIET_HSP,6,30,64,Quietness of Hospital Environment,Individual Item,Montana,Mountain,2020-10-01,2021-09-30,28.35483870967742
07_2022,MT,H_RECMND,5,24,71,Willingness to Recommend the Hospital,Global Item,Montana,Mountain,2020-10-01,2021-09-30,28.35483870967742
07_2022,NC,H_CLEAN_HSP,11,18,71,Cleanliness of Hospital Environment,Individual Item,North Carolina,South Atlantic,2020-10-01,2021-09-30,20.432692307692307
07_2022,NC,H_COMP_1,5,15,80,Communication with Nurses,Composite Measure,North Carolina,South Atlantic,2020-10-01,2021-09-30,20.432692307692307
07_2022,NC,H_COMP_2,5,14,81,Communication with Doctors,Composite Measure,North Carolina,South Atlantic,2020-10-01,2021-09-30,20.432692307692307
07_2022,NC,H_COMP_3,11,25,64,Responsiveness of Hospital Staff,Composite Measure,North Carolina,South Atlantic,2020-10-01,2021-09-30,20.432692307692307
07_2022,NC,H_COMP_5,19,19,62,Communication about Medicines,Composite Measure,North Carolina,South Atlantic,2020-10-01,2021-09-30,20.432692307692307
07_2022,NC,H_COMP_6,13,0,87,Discharge Information,Composite Measure,North Carolina,South Atlantic,2020-10-01,2021-09-30,20.432692307692307
07_2022,NC,H_COMP_7,6,43,51,Care Transition,Composite Measure,North Carolina,South Atlantic,2020-10-01,2021-09-30,20.432692307692307
07_2022,NC,H_HSP_RATING,9,20,71,Overall Hospital Rating,Global Item,North Carolina,South Atlantic,2020-10-01,2021-09-30,20.432692307692307
07_2022,NC,H_QUIET_HSP,9,29,62,Quietness of Hospital Environment,Individual Item,North Carolina,South Atlantic,2020-10-01,2021-09-30,20.432692307692307
07_2022,NC,H_RECMND,6,25,69,Willingness to Recommend the Hospital,Global Item,North Carolina,South Atlantic,2020-10-01,2021-09-30,20.432692307692307
07_2022,ND,H_CLEAN_HSP,9,17,74,Cleanliness of Hospital Environment,Individual Item,North Dakota,West North Central,2020-10-01,2021-09-30,32.84375
07_2022,ND,H_COMP_1,2,13,85,Communication with Nurses,Composite Measure,North Dakota,West North Central,2020-10-01,2021-09-30,32.84375
07_2022,ND,H_COMP_2,4,10,86,Communication with Doctors,Composite Measure,North Dakota,West North Central,2020-10-01,2021-09-30,32.84375
07_2022,ND,H_COMP_3,5,17,78,Responsiveness of Hospital Staff,Composite Measure,North Dakota,West North Central,2020-10-01,2021-09-30,32.84375
07_2022,ND,H_COMP_5,14,18,68,Communication about Medicines,Composite Measure,North Dakota,West North Central,2020-10-01,2021-09-30,32.84375
07_2022,ND,H_COMP_6,16,0,84,Discharge Information,Composite Measure,North Dakota,West North Central,2020-10-01,2021-09-30,32.84375
07_2022,ND,H_COMP_7,3,38,59,Care Transition,Composite Measure,North Dakota,West North Central,2020-10-01,2021-09-30,32.84375
07_2022,ND,H_HSP_RATING,6,15,79,Overall Hospital Rating,Global Item,North Dakota,West North Central,2020-10-01,2021-09-30,32.84375
07_2022,ND,H_QUIET_HSP,5,23,72,Quietness of Hospital Environment,Individual Item,North Dakota,West North Central,2020-10-01,2021-09-30,32.84375
07_2022,ND,H_RECMND,4,20,76,Willingness to Recommend the Hospital,Global Item,North Dakota,West North Central,2020-10-01,2021-09-30,32.84375
07_2022,NE,H_CLEAN_HSP,6,14,80,Cleanliness of Hospital Environment,Individual Item,Nebraska,West North Central,2020-10-01,2021-09-30,34.521126760563384
07_2022,NE,H_COMP_1,3,13,84,Communication with Nurses,Composite Measure,Nebraska,West North Central,2020-10-01,2021-09-30,34.521126760563384
07_2022,NE,H_COMP_2,3,12,85,Communication with Doctors,Composite Measure,Nebraska,West North Central,2020-10-01,2021-09-30,34.521126760563384
07_2022,NE,H_COMP_3,5,20,75,Responsiveness of Hospital Staff,Composite Measure,Nebraska,West North Central,2020-10-01,2021-09-30,34.521126760563384
07_2022,NE,H_COMP_5,14,19,67,Communication about Medicines,Composite Measure,Nebraska,West North Central,2020-10-01,2021-09-30,34.521126760563384
07_2022,NE,H_COMP_6,12,0,88,Discharge Information,Composite Measure,Nebraska,West North Central,2020-10-01,2021-09-30,34.521126760563384
07_2022,NE,H_COMP_7,3,39,58,Care Transition,Composite Measure,Nebraska,West North Central,2020-10-01,2021-09-30,34.521126760563384
07_2022,NE,H_HSP_RATING,5,15,80,Overall Hospital Rating,Global Item,Nebraska,West North Central,2020-10-01,2021-09-30,34.521126760563384
07_2022,NE,H_QUIET_HSP,6,23,71,Quietness of Hospital Environment,Individual Item,Nebraska,West North Central,2020-10-01,2021-09-30,34.521126760563384
07_2022,NE,H_RECMND,3,20,77,Willingness to Recommend the Hospital,Global Item,Nebraska,West North Central,2020-10-01,2021-09-30,34.521126760563384
07_2022,NH,H_CLEAN_HSP,8,18,74,Cleanliness of Hospital Environment,Individual Item,New Hampshire,New England,2020-10-01,2021-09-30,25.652173913043477
07_2022,NH,H_COMP_1,4,15,81,Communication with Nurses,Composite Measure,New Hampshire,New England,2020-10-01,2021-09-30,25.652173913043477
07_2022,NH,H_COMP_2,5,16,79,Communication with Doctors,Composite Measure,New Hampshire,New England,2020-10-01,2021-09-30,25.652173913043477
07_2022,NH,H_COMP_3,9,26,65,Responsiveness of Hospital Staff,Composite Measure,New Hampshire,New England,2020-10-01,2021-09-30,25.652173913043477
07_2022,NH,H_COMP_5,18,19,63,Communication about Medicines,Composite Measure,New Hampshire,New England,2020-10-01,2021-09-30,25.652173913043477
07_2022,NH,H_COMP_6,12,0,88,Discharge Information,Composite Measure,New Hampshire,New England,2020-10-01,2021-09-30,25.652173913043477
07_2022,NH,H_COMP_7,6,43,51,Care Transition,Composite Measure,New Hampshire,New England,2020-10-01,2021-09-30,25.652173913043477
07_2022,NH,H_HSP_RATING,9,20,71,Overall Hospital Rating,Global Item,New Hampshire,New England,2020-10-01,2021-09-30,25.652173913043477
07_2022,NH,H_QUIET_HSP,12,33,55,Quietness of Hospital Environment,Individual Item,New Hampshire,New England,2020-10-01,2021-09-30,25.652173913043477
07_2022,NH,H_RECMND,5,23,72,Willingness to Recommend the Hospital,Global Item,New Hampshire,New England,2020-10-01,2021-09-30,25.652173913043477
07_2022,NJ,H_CLEAN_HSP,12,21,67,Cleanliness of Hospital Environment,Individual Item,New Jersey,Mid-Atlantic,2020-10-01,2021-09-30,19.921875
07_2022,NJ,H_COMP_1,6,18,76,Communication with Nurses,Composite Measure,New Jersey,Mid-Atlantic,2020-10-01,2021-09-30,19.921875
07_2022,NJ,H_COMP_2,7,18,75,Communication with Doctors,Composite Measure,New Jersey,Mid-Atlantic,2020-10-01,2021-09-30,19.921875
07_2022,NJ,H_COMP_3,15,27,58,Responsiveness of Hospital Staff,Composite Measure,New Jersey,Mid-Atlantic,2020-10-01,2021-09-30,19.921875
07_2022,NJ,H_COMP_5,25,18,57,Communication about Medicines,Composite Measure,New Jersey,Mid-Atlantic,2020-10-01,2021-09-30,19.921875
07_2022,NJ,H_COMP_6,17,0,83,Discharge Information,Composite Measure,New Jersey,Mid-Atlantic,2020-10-01,2021-09-30,19.921875
07_2022,NJ,H_COMP_7,8,46,46,Care Transition,Composite Measure,New Jersey,Mid-Atlantic,2020-10-01,2021-09-30,19.921875
07_2022,NJ,H_HSP_RATING,11,24,65,Overall Hospital Rating,Global Item,New Jersey,Mid-Atlantic,2020-10-01,2021-09-30,19.921875
07_2022,NJ,H_QUIET_HSP,15,31,54,Quietness of Hospital Environment,Individual Item,New Jersey,Mid-Atlantic,2020-10-01,2021-09-30,19.921875
07_2022,NJ,H_RECMND,8,27,65,Willingness to Recommend the Hospital,Global Item,New Jersey,Mid-Atlantic,2020-10-01,2021-09-30,19.921875
07_2022,NM,H_CLEAN_HSP,11,17,72,Cleanliness of Hospital Environment,Individual Item,New Mexico,Mountain,2020-10-01,2021-09-30,17.13888888888889
07_2022,NM,H_COMP_1,5,17,78,Communication with Nurses,Composite Measure,New Mexico,Mountain,2020-10-01,2021-09-30,17.13888888888889
07_2022,NM,H_COMP_2,6,16,78,Communication with Doctors,Composite Measure,New Mexico,Mountain,2020-10-01,2021-09-30,17.13888888888889
07_2022,NM,H_COMP_3,10,23,67,Responsiveness of Hospital Staff,Composite Measure,New Mexico,Mountain,2020-10-01,2021-09-30,17.13888888888889
07_2022,NM,H_COMP_5,21,18,61,Communication about Medicines,Composite Measure,New Mexico,Mountain,2020-10-01,2021-09-30,17.13888888888889
07_2022,NM,H_COMP_6,17,0,83,Discharge Information,Composite Measure,New Mexico,Mountain,2020-10-01,2021-09-30,17.13888888888889
07_2022,NM,H_COMP_7,8,44,48,Care Transition,Composite Measure,New Mexico,Mountain,2020-10-01,2021-09-30,17.13888888888889
07_2022,NM,H_HSP_RATING,10,21,69,Overall Hospital Rating,Global Item,New Mexico,Mountain,2020-10-01,2021-09-30,17.13888888888889
07_2022,NM,H_QUIET_HSP,10,28,62,Quietness of Hospital Environment,Individual Item,New Mexico,Mountain,2020-10-01,2021-09-30,17.13888888888889
07_2022,NM,H_RECMND,7,27,66,Willingness to Recommend the Hospital,Global Item,New Mexico,Mountain,2020-10-01,2021-09-30,17.13888888888889
07_2022,NV,H_CLEAN_HSP,12,21,67,Cleanliness of Hospital Environment,Individual Item,Nevada,Mountain,2020-10-01,2021-09-30,20.866666666666667
07_2022,NV,H_COMP_1,7,19,74,Communication with Nurses,Composite Measure,Nevada,Mountain,2020-10-01,2021-09-30,20.866666666666667
07_2022,NV,H_COMP_2,8,18,74,Communication with Doctors,Composite Measure,Nevada,Mountain,2020-10-01,2021-09-30,20.866666666666667
07_2022,NV,H_COMP_3,14,24,62,Responsiveness of Hospital Staff,Composite Measure,Nevada,Mountain,2020-10-01,2021-09-30,20.866666666666667
07_2022,NV,H_COMP_5,23,18,59,Communication about Medicines,Composite Measure,Nevada,Mountain,2020-10-01,2021-09-30,20.866666666666667
07_2022,NV,H_COMP_6,18,0,82,Discharge Information,Composite Measure,Nevada,Mountain,2020-10-01,2021-09-30,20.866666666666667
07_2022,NV,H_COMP_7,9,44,47,Care Transition,Composite Measure,Nevada,Mountain,2020-10-01,2021-09-30,20.866666666666667
07_2022,NV,H_HSP_RATING,11,22,67,Overall Hospital Rating,Global Item,Nevada,Mountain,2020-10-01,2021-09-30,20.866666666666667
07_2022,NV,H_QUIET_HSP,13,30,57,Quietness of Hospital Environment,Individual Item,Nevada,Mountain,2020-10-01,2021-09-30,20.866666666666667
07_2022,NV,H_RECMND,10,25,65,Willingness to Recommend the Hospital,Global Item,Nevada,Mountain,2020-10-01,2021-09-30,20.866666666666667
07_2022,NY,H_CLEAN_HSP,11,20,69,Cleanliness of Hospital Environment,Individual Item,New York,Mid-Atlantic,2020-10-01,2021-09-30,21.933774834437084
07_2022,NY,H_COMP_1,6,17,77,Communication with Nurses,Composite Measure,New York,Mid-Atlantic,2020-10-01,2021-09-30,21.933774834437084
07_2022,NY,H_COMP_2,6,18,76,Communication with Doctors,Composite Measure,New York,Mid-Atlantic,2020-10-01,2021-09-30,21.933774834437084
07_2022,NY,H_COMP_3,14,26,60,Responsiveness of Hospital Staff,Composite Measure,New York,Mid-Atlantic,2020-10-01,2021-09-30,21.933774834437084
07_2022,NY,H_COMP_5,23,18,59,Communication about Medicines,Composite Measure,New York,Mid-Atlantic,2020-10-01,2021-09-30,21.933774834437084
07_2022,NY,H_COMP_6,15,0,85,Discharge Information,Composite Measure,New York,Mid-Atlantic,2020-10-01,2021-09-30,21.933774834437084
07_2022,NY,H_COMP_7,7,46,47,Care Transition,Composite Measure,New York,Mid-Atlantic,2020-10-01,2021-09-30,21.933774834437084
07_2022,NY,H_HSP_RATING,11,24,65,Overall Hospital Rating,Global Item,New York,Mid-Atlantic,2020-10-01,2021-09-30,21.933774834437084
07_2022,NY,H_QUIET_HSP,15,31,54,Quietness of Hospital Environment,Individual Item,New York,Mid-Atlantic,2020-10-01,2021-09-30,21.933774834437084
07_2022,NY,H_RECMND,8,27,65,Willingness to Recommend the Hospital,Global Item,New York,Mid-Atlantic,2020-10-01,2021-09-30,21.933774834437084
07_2022,OH,H_CLEAN_HSP,9,18,73,Cleanliness of Hospital Environment,Individual Item,Ohio,East North Central,2020-10-01,2021-09-30,24.893333333333334
07_2022,OH,H_COMP_1,4,15,81,Communication with Nurses,Composite Measure,Ohio,East North Central,2020-10-01,2021-09-30,24.893333333333334
07_2022,OH,H_COMP_2,5,16,79,Communication with Doctors,Composite Measure,Ohio,East North Central,2020-10-01,2021-09-30,24.893333333333334
07_2022,OH,H_COMP_3,9,25,66,Responsiveness of Hospital Staff,Composite Measure,Ohio,East North Central,2020-10-01,2021-09-30,24.893333333333334
07_2022,OH,H_COMP_5,19,18,63,Communication about Medicines,Composite Measure,Ohio,East North Central,2020-10-01,2021-09-30,24.893333333333334
07_2022,OH,H_COMP_6,12,0,88,Discharge Information,Composite Measure,Ohio,East North Central,2020-10-01,2021-09-30,24.893333333333334
07_2022,OH,H_COMP_7,5,42,53,Care Transition,Composite Measure,Ohio,East North Central,2020-10-01,2021-09-30,24.893333333333334
07_2022,OH,H_HSP_RATING,7,19,74,Overall Hospital Rating,Global Item,Ohio,East North Central,2020-10-01,2021-09-30,24.893333333333334
07_2022,OH,H_QUIET_HSP,9,31,60,Quietness of Hospital Environment,Individual Item,Ohio,East North Central,2020-10-01,2021-09-30,24.893333333333334
07_2022,OH,H_RECMND,5,24,71,Willingness to Recommend the Hospital,Global Item,Ohio,East North Central,2020-10-01,2021-09-30,24.893333333333334
07_2022,OK,H_CLEAN_HSP,9,17,74,Cleanliness of Hospital Environment,Individual Item,Oklahoma,West South Central,2020-10-01,2021-09-30,21.74757281553398
07_2022,OK,H_COMP_1,5,14,81,Communication with Nurses,Composite Measure,Oklahoma,West South Central,2020-10-01,2021-09-30,21.74757281553398
07_2022,OK,H_COMP_2,5,13,82,Communication with Doctors,Composite Measure,Oklahoma,West South Central,2020-10-01,2021-09-30,21.74757281553398
07_2022,OK,H_COMP_3,9,21,70,Responsiveness of Hospital Staff,Composite Measure,Oklahoma,West South Central,2020-10-01,2021-09-30,21.74757281553398
07_2022,OK,H_COMP_5,18,18,64,Communication about Medicines,Composite Measure,Oklahoma,West South Central,2020-10-01,2021-09-30,21.74757281553398
07_2022,OK,H_COMP_6,14,0,86,Discharge Information,Composite Measure,Oklahoma,West South Central,2020-10-01,2021-09-30,21.74757281553398
07_2022,OK,H_COMP_7,6,40,54,Care Transition,Composite Measure,Oklahoma,West South Central,2020-10-01,2021-09-30,21.74757281553398
07_2022,OK,H_HSP_RATING,8,18,74,Overall Hospital Rating,Global Item,Oklahoma,West South Central,2020-10-01,2021-09-30,21.74757281553398
07_2022,OK,H_QUIET_HSP,7,25,68,Quietness of Hospital Environment,Individual Item,Oklahoma,West South Central,2020-10-01,2021-09-30,21.74757281553398
07_2022,OK,H_RECMND,6,21,73,Willingness to Recommend the Hospital,Global Item,Oklahoma,West South Central,2020-10-01,2021-09-30,21.74757281553398
07_2022,OR,H_CLEAN_HSP,7,18,75,Cleanliness of Hospital Environment,Individual Item,Oregon,Pacific,2020-10-01,2021-09-30,23.107142857142858
07_2022,OR,H_COMP_1,4,15,81,Communication with Nurses,Composite Measure,Oregon,Pacific,2020-10-01,2021-09-30,23.107142857142858
07_2022,OR,H_COMP_2,4,15,81,Communication with Doctors,Composite Measure,Oregon,Pacific,2020-10-01,2021-09-30,23.107142857142858
07_2022,OR,H_COMP_3,7,24,69,Responsiveness of Hospital Staff,Composite Measure,Oregon,Pacific,2020-10-01,2021-09-30,23.107142857142858
07_2022,OR,H_COMP_5,16,19,65,Communication about Medicines,Composite Measure,Oregon,Pacific,2020-10-01,2021-09-30,23.107142857142858
07_2022,OR,H_COMP_6,12,0,88,Discharge Information,Composite Measure,Oregon,Pacific,2020-10-01,2021-09-30,23.107142857142858
07_2022,OR,H_COMP_7,5,42,53,Care Transition,Composite Measure,Oregon,Pacific,2020-10-01,2021-09-30,23.107142857142858
07_2022,OR,H_HSP_RATING,6,20,74,Overall Hospital Rating,Global Item,Oregon,Pacific,2020-10-01,2021-09-30,23.107142857142858
07_2022,OR,H_QUIET_HSP,10,33,57,Quietness of Hospital Environment,Individual Item,Oregon,Pacific,2020-10-01,2021-09-30,23.107142857142858
07_2022,OR,H_RECMND,4,22,74,Willingness to Recommend the Hospital,Global Item,Oregon,Pacific,2020-10-01,2021-09-30,23.107142857142858
07_2022,PA,H_CLEAN_HSP,10,18,72,Cleanliness of Hospital Environment,Individual Item,Pennsylvania,Mid-Atlantic,2020-10-01,2021-09-30,29.90066225165563
07_2022,PA,H_COMP_1,4,15,81,Communication with Nurses,Composite Measure,Pennsylvania,Mid-Atlantic,2020-10-01,2021-09-30,29.90066225165563
07_2022,PA,H_COMP_2,5,15,80,Communication with Doctors,Composite Measure,Pennsylvania,Mid-Atlantic,2020-10-01,2021-09-30,29.90066225165563
07_2022,PA,H_COMP_3,10,23,67,Responsiveness of Hospital Staff,Composite Measure,Pennsylvania,Mid-Atlantic,2020-10-01,2021-09-30,29.90066225165563
07_2022,PA,H_COMP_5,20,18,62,Communication about Medicines,Composite Measure,Pennsylvania,Mid-Atlantic,2020-10-01,2021-09-30,29.90066225165563
07_2022,PA,H_COMP_6,12,0,88,Discharge Information,Composite Measure,Pennsylvania,Mid-Atlantic,2020-10-01,2021-09-30,29.90066225165563
07_2022,PA,H_COMP_7,6,42,52,Care Transition,Composite Measure,Pennsylvania,Mid-Atlantic,2020-10-01,2021-09-30,29.90066225165563
07_2022,PA,H_HSP_RATING,8,20,72,Overall Hospital Rating,Global Item,Pennsylvania,Mid-Atlantic,2020-10-01,2021-09-30,29.90066225165563
07_2022,PA,H_QUIET_HSP,11,32,57,Quietness of Hospital Environment,Individual Item,Pennsylvania,Mid-Atlantic,2020-10-01,2021-09-30,29.90066225165563
07_2022,PA,H_RECMND,6,24,70,Willingness to Recommend the Hospital,Global Item,Pennsylvania,Mid-Atlantic,2020-10-01,2021-09-30,29.90066225165563
07_2022,RI,H_CLEAN_HSP,8,18,74,Cleanliness of Hospital Environment,Individual Item,Rhode Island,New England,2020-10-01,2021-09-30,25.90909090909091
07_2022,RI,H_COMP_1,5,16,79,Communication with Nurses,Composite Measure,Rhode Island,New England,2020-10-01,2021-09-30,25.90909090909091
07_2022,RI,H_COMP_2,6,15,79,Communication with Doctors,Composite Measure,Rhode Island,New England,2020-10-01,2021-09-30,25.90909090909091
07_2022,RI,H_COMP_3,12,24,64,Responsiveness of Hospital Staff,Composite Measure,Rhode Island,New England,2020-10-01,2021-09-30,25.90909090909091
07_2022,RI,H_COMP_5,21,19,60,Communication about Medicines,Composite Measure,Rhode Island,New England,2020-10-01,2021-09-30,25.90909090909091
07_2022,RI,H_COMP_6,13,0,87,Discharge Information,Composite Measure,Rhode Island,New England,2020-10-01,2021-09-30,25.90909090909091
07_2022,RI,H_COMP_7,6,43,51,Care Transition,Composite Measure,Rhode Island,New England,2020-10-01,2021-09-30,25.90909090909091
07_2022,RI,H_HSP_RATING,9,21,70,Overall Hospital Rating,Global Item,Rhode Island,New England,2020-10-01,2021-09-30,25.90909090909091
07_2022,RI,H_QUIET_HSP,13,32,55,Quietness of Hospital Environment,Individual Item,Rhode Island,New England,2020-10-01,2021-09-30,25.90909090909091
07_2022,RI,H_RECMND,7,21,72,Willingness to Recommend the Hospital,Global Item,Rhode Island,New England,2020-10-01,2021-09-30,25.90909090909091
07_2022,SC,H_CLEAN_HSP,13,19,68,Cleanliness of Hospital Environment,Individual Item,South Carolina,South Atlantic,2020-10-01,2021-09-30,20.157894736842106
07_2022,SC,H_COMP_1,5,15,80,Communication with Nurses,Composite Measure,South Carolina,South Atlantic,2020-10-01,2021-09-30,20.157894736842106
07_2022,SC,H_COMP_2,5,13,82,Communication with Doctors,Composite Measure,South Carolina,South Atlantic,2020-10-01,2021-09-30,20.157894736842106
07_2022,SC,H_COMP_3,12,23,65,Responsiveness of Hospital Staff,Composite Measure,South Carolina,South Atlantic,2020-10-01,2021-09-30,20.157894736842106
07_2022,SC,H_COMP_5,21,18,61,Communication about Medicines,Composite Measure,South Carolina,South Atlantic,2020-10-01,2021-09-30,20.157894736842106
07_2022,SC,H_COMP_6,14,0,86,Discharge Information,Composite Measure,South Carolina,South Atlantic,2020-10-01,2021-09-30,20.157894736842106
07_2022,SC,H_COMP_7,7,41,52,Care Transition,Composite Measure,South Carolina,South Atlantic,2020-10-01,2021-09-30,20.157894736842106
07_2022,SC,H_HSP_RATING,9,21,70,Overall Hospital Rating,Global Item,South Carolina,South Atlantic,2020-10-01,2021-09-30,20.157894736842106
07_2022,SC,H_QUIET_HSP,9,26,65,Quietness of Hospital Environment,Individual Item,South Carolina,South Atlantic,2020-10-01,2021-09-30,20.157894736842106
07_2022,SC,H_RECMND,6,25,69,Willingness to Recommend the Hospital,Global Item,South Carolina,South Atlantic,2020-10-01,2021-09-30,20.157894736842106
07_2022,SD,H_CLEAN_HSP,7,16,77,Cleanliness of Hospital Environment,Individual Item,South Dakota,West North Central,2020-10-01,2021-09-30,34.38636363636363
07_2022,SD,H_COMP_1,2,13,85,Communication with Nurses,Composite Measure,South Dakota,West North Central,2020-10-01,2021-09-30,34.38636363636363
07_2022,SD,H_COMP_2,3,10,87,Communication with Doctors,Composite Measure,South Dakota,West North Central,2020-10-01,2021-09-30,34.38636363636363
07_2022,SD,H_COMP_3,5,17,78,Responsiveness of Hospital Staff,Composite Measure,South Dakota,West North Central,2020-10-01,2021-09-30,34.38636363636363
07_2022,SD,H_COMP_5,13,20,67,Communication about Medicines,Composite Measure,South Dakota,West North Central,2020-10-01,2021-09-30,34.38636363636363
07_2022,SD,H_COMP_6,12,0,88,Discharge Information,Composite Measure,South Dakota,West North Central,2020-10-01,2021-09-30,34.38636363636363
07_2022,SD,H_COMP_7,3,39,58,Care Transition,Composite Measure,South Dakota,West North Central,2020-10-01,2021-09-30,34.38636363636363
07_2022,SD,H_HSP_RATING,4,16,80,Overall Hospital Rating,Global Item,South Dakota,West North Central,2020-10-01,2021-09-30,34.38636363636363
07_2022,SD,H_QUIET_HSP,4,24,72,Quietness of Hospital Environment,Individual Item,South Dakota,West North Central,2020-10-01,2021-09-30,34.38636363636363
07_2022,SD,H_RECMND,2,19,79,Willingness to Recommend the Hospital,Global Item,South Dakota,West North Central,2020-10-01,2021-09-30,34.38636363636363
07_2022,TN,H_CLEAN_HSP,11,18,71,Cleanliness of Hospital Environment,Individual Item,Tennessee,East South Central,2020-10-01,2021-09-30,21.06896551724138
07_2022,TN,H_COMP_1,5,16,79,Communication with Nurses,Composite Measure,Tennessee,East South Central,2020-10-01,2021-09-30,21.06896551724138
07_2022,TN,H_COMP_2,5,14,81,Communication with Doctors,Composite Measure,Tennessee,East South Central,2020-10-01,2021-09-30,21.06896551724138
07_2022,TN,H_COMP_3,11,23,66,Responsiveness of Hospital Staff,Composite Measure,Tennessee,East South Central,2020-10-01,2021-09-30,21.06896551724138
07_2022,TN,H_COMP_5,20,19,61,Communication about Medicines,Composite Measure,Tennessee,East South Central,2020-10-01,2021-09-30,21.06896551724138
07_2022,TN,H_COMP_6,15,0,85,Discharge Information,Composite Measure,Tennessee,East South Central,2020-10-01,2021-09-30,21.06896551724138
07_2022,TN,H_COMP_7,7,43,50,Care Transition,Composite Measure,Tennessee,East South Central,2020-10-01,2021-09-30,21.06896551724138
07_2022,TN,H_HSP_RATING,10,20,70,Overall Hospital Rating,Global Item,Tennessee,East South Central,2020-10-01,2021-09-30,21.06896551724138
07_2022,TN,H_QUIET_HSP,8,27,65,Quietness of Hospital Environment,Individual Item,Tennessee,East South Central,2020-10-01,2021-09-30,21.06896551724138
07_2022,TN,H_RECMND,7,24,69,Willingness to Recommend the Hospital,Global Item,Tennessee,East South Central,2020-10-01,2021-09-30,21.06896551724138
07_2022,TX,H_CLEAN_HSP,9,17,74,Cleanliness of Hospital Environment,Individual Item,Texas,West South Central,2020-10-01,2021-09-30,19.4937106918239
07_2022,TX,H_COMP_1,5,16,79,Communication with Nurses,Composite Measure,Texas,West South Central,2020-10-01,2021-09-30,19.4937106918239
07_2022,TX,H_COMP_2,5,14,81,Communication with Doctors,Composite Measure,Texas,West South Central,2020-10-01,2021-09-30,19.4937106918239
07_2022,TX,H_COMP_3,11,22,67,Responsiveness of Hospital Staff,Composite Measure,Texas,West South Central,2020-10-01,2021-09-30,19.4937106918239
07_2022,TX,H_COMP_5,20,17,63,Communication about Medicines,Composite Measure,Texas,West South Central,2020-10-01,2021-09-30,19.4937106918239
07_2022,TX,H_COMP_6,15,0,85,Discharge Information,Composite Measure,Texas,West South Central,2020-10-01,2021-09-30,19.4937106918239
07_2022,TX,H_COMP_7,7,40,53,Care Transition,Composite Measure,Texas,West South Central,2020-10-01,2021-09-30,19.4937106918239
07_2022,TX,H_HSP_RATING,8,19,73,Overall Hospital Rating,Global Item,Texas,West South Central,2020-10-01,2021-09-30,19.4937106918239
07_2022,TX,H_QUIET_HSP,8,24,68,Quietness of Hospital Environment,Individual Item,Texas,West South Central,2020-10-01,2021-09-30,19.4937106918239
07_2022,TX,H_RECMND,6,21,73,Willingness to Recommend the Hospital,Global Item,Texas,West South Central,2020-10-01,2021-09-30,19.4937106918239
07_2022,UT,H_CLEAN_HSP,7,16,77,Cleanliness of Hospital Environment,Individual Item,Utah,Mountain,2020-10-01,2021-09-30,22.238095238095237
07_2022,UT,H_COMP_1,3,15,82,Communication with Nurses,Composite Measure,Utah,Mountain,2020-10-01,2021-09-30,22.238095238095237
07_2022,UT,H_COMP_2,3,13,84,Communication with Doctors,Composite Measure,Utah,Mountain,2020-10-01,2021-09-30,22.238095238095237
07_2022,UT,H_COMP_3,7,23,70,Responsiveness of Hospital Staff,Composite Measure,Utah,Mountain,2020-10-01,2021-09-30,22.238095238095237
07_2022,UT,H_COMP_5,17,19,64,Communication about Medicines,Composite Measure,Utah,Mountain,2020-10-01,2021-09-30,22.238095238095237
07_2022,UT,H_COMP_6,11,0,89,Discharge Information,Composite Measure,Utah,Mountain,2020-10-01,2021-09-30,22.238095238095237
07_2022,UT,H_COMP_7,5,39,56,Care Transition,Composite Measure,Utah,Mountain,2020-10-01,2021-09-30,22.238095238095237
07_2022,UT,H_HSP_RATING,5,17,78,Overall Hospital Rating,Global Item,Utah,Mountain,2020-10-01,2021-09-30,22.238095238095237
07_2022,UT,H_QUIET_HSP,7,28,65,Quietness of Hospital Environment,Individual Item,Utah,Mountain,2020-10-01,2021-09-30,22.238095238095237
07_2022,UT,H_RECMND,4,20,76,Willingness to Recommend the Hospital,Global Item,Utah,Mountain,2020-10-01,2021-09-30,22.238095238095237
07_2022,VA,H_CLEAN_HSP,10,19,71,Cleanliness of Hospital Environment,Individual Item,Virginia,South Atlantic,2020-10-01,2021-09-30,21.325
07_2022,VA,H_COMP_1,5,16,79,Communication with Nurses,Composite Measure,Virginia,South Atlantic,2020-10-01,2021-09-30,21.325
07_2022,VA,H_COMP_2,5,16,79,Communication with Doctors,Composite Measure,Virginia,South Atlantic,2020-10-01,2021-09-30,21.325
07_2022,VA,H_COMP_3,12,26,62,Responsiveness of Hospital Staff,Composite Measure,Virginia,South Atlantic,2020-10-01,2021-09-30,21.325
07_2022,VA,H_COMP_5,20,19,61,Communication about Medicines,Composite Measure,Virginia,South Atlantic,2020-10-01,2021-09-30,21.325
07_2022,VA,H_COMP_6,14,0,86,Discharge Information,Composite Measure,Virginia,South Atlantic,2020-10-01,2021-09-30,21.325
07_2022,VA,H_COMP_7,6,44,50,Care Transition,Composite Measure,Virginia,South Atlantic,2020-10-01,2021-09-30,21.325
07_2022,VA,H_HSP_RATING,9,21,70,Overall Hospital Rating,Global Item,Virginia,South Atlantic,2020-10-01,2021-09-30,21.325
07_2022,VA,H_QUIET_HSP,10,29,61,Quietness of Hospital Environment,Individual Item,Virginia,South Atlantic,2020-10-01,2021-09-30,21.325
07_2022,VA,H_RECMND,6,25,69,Willingness to Recommend the Hospital,Global Item,Virginia,South Atlantic,2020-10-01,2021-09-30,21.325
07_2022,VT,H_CLEAN_HSP,7,16,77,Cleanliness of Hospital Environment,Individual Item,Vermont,New England,2020-10-01,2021-09-30,27.571428571428573
07_2022,VT,H_COMP_1,3,14,83,Communication with Nurses,Composite Measure,Vermont,New England,2020-10-01,2021-09-30,27.571428571428573
07_2022,VT,H_COMP_2,3,14,83,Communication with Doctors,Composite Measure,Vermont,New England,2020-10-01,2021-09-30,27.571428571428573
07_2022,VT,H_COMP_3,6,22,72,Responsiveness of Hospital Staff,Composite Measure,Vermont,New England,2020-10-01,2021-09-30,27.571428571428573
07_2022,VT,H_COMP_5,15,18,67,Communication about Medicines,Composite Measure,Vermont,New England,2020-10-01,2021-09-30,27.571428571428573
07_2022,VT,H_COMP_6,10,0,90,Discharge Information,Composite Measure,Vermont,New England,2020-10-01,2021-09-30,27.571428571428573
07_2022,VT,H_COMP_7,4,41,55,Care Transition,Composite Measure,Vermont,New England,2020-10-01,2021-09-30,27.571428571428573
07_2022,VT,H_HSP_RATING,6,17,77,Overall Hospital Rating,Global Item,Vermont,New England,2020-10-01,2021-09-30,27.571428571428573
07_2022,VT,H_QUIET_HSP,10,33,57,Quietness of Hospital Environment,Individual Item,Vermont,New England,2020-10-01,2021-09-30,27.571428571428573
07_2022,VT,H_RECMND,4,20,76,Willingness to Recommend the Hospital,Global Item,Vermont,New England,2020-10-01,2021-09-30,27.571428571428573
07_2022,WA,H_CLEAN_HSP,8,17,75,Cleanliness of Hospital Environment,Individual Item,Washington,Pacific,2020-10-01,2021-09-30,21.736842105263158
07_2022,WA,H_COMP_1,4,16,80,Communication with Nurses,Composite Measure,Washington,Pacific,2020-10-01,2021-09-30,21.736842105263158
07_2022,WA,H_COMP_2,4,15,81,Communication with Doctors,Composite Measure,Washington,Pacific,2020-10-01,2021-09-30,21.736842105263158
07_2022,WA,H_COMP_3,8,25,67,Responsiveness of Hospital Staff,Composite Measure,Washington,Pacific,2020-10-01,2021-09-30,21.736842105263158
07_2022,WA,H_COMP_5,18,18,64,Communication about Medicines,Composite Measure,Washington,Pacific,2020-10-01,2021-09-30,21.736842105263158
07_2022,WA,H_COMP_6,12,0,88,Discharge Information,Composite Measure,Washington,Pacific,2020-10-01,2021-09-30,21.736842105263158
07_2022,WA,H_COMP_7,6,42,52,Care Transition,Composite Measure,Washington,Pacific,2020-10-01,2021-09-30,21.736842105263158
07_2022,WA,H_HSP_RATING,7,21,72,Overall Hospital Rating,Global Item,Washington,Pacific,2020-10-01,2021-09-30,21.736842105263158
07_2022,WA,H_QUIET_HSP,11,33,56,Quietness of Hospital Environment,Individual Item,Washington,Pacific,2020-10-01,2021-09-30,21.736842105263158
07_2022,WA,H_RECMND,5,22,73,Willingness to Recommend the Hospital,Global Item,Washington,Pacific,2020-10-01,2021-09-30,21.736842105263158
07_2022,WI,H_CLEAN_HSP,7,16,77,Cleanliness of Hospital Environment,Individual Item,Wisconsin,East North Central,2020-10-01,2021-09-30,32.62096774193548
07_2022,WI,H_COMP_1,3,14,83,Communication with Nurses,Composite Measure,Wisconsin,East North Central,2020-10-01,2021-09-30,32.62096774193548
07_2022,WI,H_COMP_2,4,14,82,Communication with Doctors,Composite Measure,Wisconsin,East North Central,2020-10-01,2021-09-30,32.62096774193548
07_2022,WI,H_COMP_3,7,22,71,Responsiveness of Hospital Staff,Composite Measure,Wisconsin,East North Central,2020-10-01,2021-09-30,32.62096774193548
07_2022,WI,H_COMP_5,15,19,66,Communication about Medicines,Composite Measure,Wisconsin,East North Central,2020-10-01,2021-09-30,32.62096774193548
07_2022,WI,H_COMP_6,10,0,90,Discharge Information,Composite Measure,Wisconsin,East North Central,2020-10-01,2021-09-30,32.62096774193548
07_2022,WI,H_COMP_7,4,40,56,Care Transition,Composite Measure,Wisconsin,East North Central,2020-10-01,2021-09-30,32.62096774193548
07_2022,WI,H_HSP_RATING,6,18,76,Overall Hospital Rating,Global Item,Wisconsin,East North Central,2020-10-01,2021-09-30,32.62096774193548
07_2022,WI,H_QUIET_HSP,7,26,67,Quietness of Hospital Environment,Individual Item,Wisconsin,East North Central,2020-10-01,2021-09-30,32.62096774193548
07_2022,WI,H_RECMND,4,22,74,Willingness to Recommend the Hospital,Global Item,Wisconsin,East North Central,2020-10-01,2021-09-30,32.62096774193548
07_2022,WV,H_CLEAN_HSP,8,17,75,Cleanliness of Hospital Environment,Individual Item,West Virginia,South Atlantic,2020-10-01,2021-09-30,24.113636363636363
07_2022,WV,H_COMP_1,5,14,81,Communication with Nurses,Composite Measure,West Virginia,South Atlantic,2020-10-01,2021-09-30,24.113636363636363
07_2022,WV,H_COMP_2,6,14,80,Communication with Doctors,Composite Measure,West Virginia,South Atlantic,2020-10-01,2021-09-30,24.113636363636363
07_2022,WV,H_COMP_3,9,20,71,Responsiveness of Hospital Staff,Composite Measure,West Virginia,South Atlantic,2020-10-01,2021-09-30,24.113636363636363
07_2022,WV,H_COMP_5,19,16,65,Communication about Medicines,Composite Measure,West Virginia,South Atlantic,2020-10-01,2021-09-30,24.113636363636363
07_2022,WV,H_COMP_6,13,0,87,Discharge Information,Composite Measure,West Virginia,South Atlantic,2020-10-01,2021-09-30,24.113636363636363
07_2022,WV,H_COMP_7,6,42,52,Care Transition,Composite Measure,West Virginia,South Atlantic,2020-10-01,2021-09-30,24.113636363636363
07_2022,WV,H_HSP_RATING,8,21,71,Overall Hospital Rating,Global Item,West Virginia,South Atlantic,2020-10-01,2021-09-30,24.113636363636363
07_2022,WV,H_QUIET_HSP,10,29,61,Quietness of Hospital Environment,Individual Item,West Virginia,South Atlantic,2020-10-01,2021-09-30,24.113636363636363
07_2022,WV,H_RECMND,6,24,70,Willingness to Recommend the Hospital,Global Item,West Virginia,South Atlantic,2020-10-01,2021-09-30,24.113636363636363
07_2022,WY,H_CLEAN_HSP,8,17,75,Cleanliness of Hospital Environment,Individual Item,Wyoming,Mountain,2020-10-01,2021-09-30,26.208333333333332
07_2022,WY,H_COMP_1,4,15,81,Communication with Nurses,Composite Measure,Wyoming,Mountain,2020-10-01,2021-09-30,26.208333333333332
07_2022,WY,H_COMP_2,5,14,81,Communication with Doctors,Composite Measure,Wyoming,Mountain,2020-10-01,2021-09-30,26.208333333333332
07_2022,WY,H_COMP_3,6,20,74,Responsiveness of Hospital Staff,Composite Measure,Wyoming,Mountain,2020-10-01,2021-09-30,26.208333333333332
07_2022,WY,H_COMP_5,16,18,66,Communication about Medicines,Composite Measure,Wyoming,Mountain,2020-10-01,2021-09-30,26.208333333333332
07_2022,WY,H_COMP_6,12,0,88,Discharge Information,Composite Measure,Wyoming,Mountain,2020-10-01,2021-09-30,26.208333333333332
07_2022,WY,H_COMP_7,5,41,54,Care Transition,Composite Measure,Wyoming,Mountain,2020-10-01,2021-09-30,26.208333333333332
07_2022,WY,H_HSP_RATING,7,22,71,Overall Hospital Rating,Global Item,Wyoming,Mountain,2020-10-01,2021-09-30,26.208333333333332
07_2022,WY,H_QUIET_HSP,8,26,66,Quietness of Hospital Environment,Individual Item,Wyoming,Mountain,2020-10-01,2021-09-30,26.208333333333332
07_2022,WY,H_RECMND,4,27,69,Willingness to Recommend the Hospital,Global Item,Wyoming,Mountain,2020-10-01,2021-09-30,26.208333333333332
07_2023,AK,H_CLEAN_HSP,7,17,76,Cleanliness of Hospital Environment,Individual Item,Alaska,Pacific,2021-10-01,2022-09-30,18.76923076923077
07_2023,AK,H_COMP_1,3,17,80,Communication with Nurses,Composite Measure,Alaska,Pacific,2021-10-01,2022-09-30,18.76923076923077
07_2023,AK,H_COMP_2,4,15,81,Communication with Doctors,Composite Measure,Alaska,Pacific,2021-10-01,2022-09-30,18.76923076923077
07_2023,AK,H_COMP_3,9,25,66,Responsiveness of Hospital Staff,Composite Measure,Alaska,Pacific,2021-10-01,2022-09-30,18.76923076923077
07_2023,AK,H_COMP_5,16,21,63,Communication about Medicines,Composite Measure,Alaska,Pacific,2021-10-01,2022-09-30,18.76923076923077
07_2023,AK,H_COMP_6,14,0,86,Discharge Information,Composite Measure,Alaska,Pacific,2021-10-01,2022-09-30,18.76923076923077
07_2023,AK,H_COMP_7,5,46,49,Care Transition,Composite Measure,Alaska,Pacific,2021-10-01,2022-09-30,18.76923076923077
07_2023,AK,H_HSP_RATING,7,22,71,Overall Hospital Rating,Global Item,Alaska,Pacific,2021-10-01,2022-09-30,18.76923076923077
07_2023,AK,H_QUIET_HSP,11,30,59,Quietness of Hospital Environment,Individual Item,Alaska,Pacific,2021-10-01,2022-09-30,18.76923076923077
07_2023,AK,H_RECMND,3,24,73,Willingness to Recommend the Hospital,Global Item,Alaska,Pacific,2021-10-01,2022-09-30,18.76923076923077
07_2023,AL,H_CLEAN_HSP,11,18,71,Cleanliness of Hospital Environment,Individual Item,Alabama,East South Central,2021-10-01,2022-09-30,22.105882352941176
07_2023,AL,H_COMP_1,6,14,80,Communication with Nurses,Composite Measure,Alabama,East South Central,2021-10-01,2022-09-30,22.105882352941176
07_2023,AL,H_COMP_2,5,13,82,Communication with Doctors,Composite Measure,Alabama,East South Central,2021-10-01,2022-09-30,22.105882352941176
07_2023,AL,H_COMP_3,12,20,68,Responsiveness of Hospital Staff,Composite Measure,Alabama,East South Central,2021-10-01,2022-09-30,22.105882352941176
07_2023,AL,H_COMP_5,20,17,63,Communication about Medicines,Composite Measure,Alabama,East South Central,2021-10-01,2022-09-30,22.105882352941176
07_2023,AL,H_COMP_6,15,0,85,Discharge Information,Composite Measure,Alabama,East South Central,2021-10-01,2022-09-30,22.105882352941176
07_2023,AL,H_COMP_7,6,42,52,Care Transition,Composite Measure,Alabama,East South Central,2021-10-01,2022-09-30,22.105882352941176
07_2023,AL,H_HSP_RATING,9,20,71,Overall Hospital Rating,Global Item,Alabama,East South Central,2021-10-01,2022-09-30,22.105882352941176
07_2023,AL,H_QUIET_HSP,8,23,69,Quietness of Hospital Environment,Individual Item,Alabama,East South Central,2021-10-01,2022-09-30,22.105882352941176
07_2023,AL,H_RECMND,7,25,68,Willingness to Recommend the Hospital,Global Item,Alabama,East South Central,2021-10-01,2022-09-30,22.105882352941176
07_2023,AR,H_CLEAN_HSP,10,17,73,Cleanliness of Hospital Environment,Individual Item,Arkansas,West South Central,2021-10-01,2022-09-30,20.215384615384615
07_2023,AR,H_COMP_1,4,15,81,Communication with Nurses,Composite Measure,Arkansas,West South Central,2021-10-01,2022-09-30,20.215384615384615
07_2023,AR,H_COMP_2,5,12,83,Communication with Doctors,Composite Measure,Arkansas,West South Central,2021-10-01,2022-09-30,20.215384615384615
07_2023,AR,H_COMP_3,9,22,69,Responsiveness of Hospital Staff,Composite Measure,Arkansas,West South Central,2021-10-01,2022-09-30,20.215384615384615
07_2023,AR,H_COMP_5,19,18,63,Communication about Medicines,Composite Measure,Arkansas,West South Central,2021-10-01,2022-09-30,20.215384615384615
07_2023,AR,H_COMP_6,16,0,84,Discharge Information,Composite Measure,Arkansas,West South Central,2021-10-01,2022-09-30,20.215384615384615
07_2023,AR,H_COMP_7,6,41,53,Care Transition,Composite Measure,Arkansas,West South Central,2021-10-01,2022-09-30,20.215384615384615
07_2023,AR,H_HSP_RATING,8,20,72,Overall Hospital Rating,Global Item,Arkansas,West South Central,2021-10-01,2022-09-30,20.215384615384615
07_2023,AR,H_QUIET_HSP,8,25,67,Quietness of Hospital Environment,Individual Item,Arkansas,West South Central,2021-10-01,2022-09-30,20.215384615384615
07_2023,AR,H_RECMND,5,25,70,Willingness to Recommend the Hospital,Global Item,Arkansas,West South Central,2021-10-01,2022-09-30,20.215384615384615
07_2023,AZ,H_CLEAN_HSP,13,20,67,Cleanliness of Hospital Environment,Individual Item,Arizona,Mountain,2021-10-01,2022-09-30,22.027027027027028
07_2023,AZ,H_COMP_1,7,18,75,Communication with Nurses,Composite Measure,Arizona,Mountain,2021-10-01,2022-09-30,22.027027027027028
07_2023,AZ,H_COMP_2,7,18,75,Communication with Doctors,Composite Measure,Arizona,Mountain,2021-10-01,2022-09-30,22.027027027027028
07_2023,AZ,H_COMP_3,14,25,61,Responsiveness of Hospital Staff,Composite Measure,Arizona,Mountain,2021-10-01,2022-09-30,22.027027027027028
07_2023,AZ,H_COMP_5,23,19,58,Communication about Medicines,Composite Measure,Arizona,Mountain,2021-10-01,2022-09-30,22.027027027027028
07_2023,AZ,H_COMP_6,16,0,84,Discharge Information,Composite Measure,Arizona,Mountain,2021-10-01,2022-09-30,22.027027027027028
07_2023,AZ,H_COMP_7,8,45,47,Care Transition,Composite Measure,Arizona,Mountain,2021-10-01,2022-09-30,22.027027027027028
07_2023,AZ,H_HSP_RATING,11,23,66,Overall Hospital Rating,Global Item,Arizona,Mountain,2021-10-01,2022-09-30,22.027027027027028
07_2023,AZ,H_QUIET_HSP,13,31,56,Quietness of Hospital Environment,Individual Item,Arizona,Mountain,2021-10-01,2022-09-30,22.027027027027028
07_2023,AZ,H_RECMND,8,27,65,Willingness to Recommend the Hospital,Global Item,Arizona,Mountain,2021-10-01,2022-09-30,22.027027027027028
07_2023,CA,H_CLEAN_HSP,11,19,70,Cleanliness of Hospital Environment,Individual Item,California,Pacific,2021-10-01,2022-09-30,19.313099041533548
07_2023,CA,H_COMP_1,7,19,74,Communication with Nurses,Composite Measure,California,Pacific,2021-10-01,2022-09-30,19.313099041533548
07_2023,CA,H_COMP_2,8,17,75,Communication with Doctors,Composite Measure,California,Pacific,2021-10-01,2022-09-30,19.313099041533548
07_2023,CA,H_COMP_3,14,27,59,Responsiveness of Hospital Staff,Composite Measure,California,Pacific,2021-10-01,2022-09-30,19.313099041533548
07_2023,CA,H_COMP_5,23,19,58,Communication about Medicines,Composite Measure,California,Pacific,2021-10-01,2022-09-30,19.313099041533548
07_2023,CA,H_COMP_6,16,0,84,Discharge Information,Composite Measure,California,Pacific,2021-10-01,2022-09-30,19.313099041533548
07_2023,CA,H_COMP_7,8,45,47,Care Transition,Composite Measure,California,Pacific,2021-10-01,2022-09-30,19.313099041533548
07_2023,CA,H_HSP_RATING,11,23,66,Overall Hospital Rating,Global Item,California,Pacific,2021-10-01,2022-09-30,19.313099041533548
07_2023,CA,H_QUIET_HSP,17,33,50,Quietness of Hospital Environment,Individual Item,California,Pacific,2021-10-01,2022-09-30,19.313099041533548
07_2023,CA,H_RECMND,8,26,66,Willingness to Recommend the Hospital,Global Item,California,Pacific,2021-10-01,2022-09-30,19.313099041533548
07_2023,CO,H_CLEAN_HSP,9,17,74,Cleanliness of Hospital Environment,Individual Item,Colorado,Mountain,2021-10-01,2022-09-30,23.042857142857144
07_2023,CO,H_COMP_1,4,16,80,Communication with Nurses,Composite Measure,Colorado,Mountain,2021-10-01,2022-09-30,23.042857142857144
07_2023,CO,H_COMP_2,5,15,80,Communication with Doctors,Composite Measure,Colorado,Mountain,2021-10-01,2022-09-30,23.042857142857144
07_2023,CO,H_COMP_3,8,24,68,Responsiveness of Hospital Staff,Composite Measure,Colorado,Mountain,2021-10-01,2022-09-30,23.042857142857144
07_2023,CO,H_COMP_5,18,19,63,Communication about Medicines,Composite Measure,Colorado,Mountain,2021-10-01,2022-09-30,23.042857142857144
07_2023,CO,H_COMP_6,13,0,87,Discharge Information,Composite Measure,Colorado,Mountain,2021-10-01,2022-09-30,23.042857142857144
07_2023,CO,H_COMP_7,5,40,55,Care Transition,Composite Measure,Colorado,Mountain,2021-10-01,2022-09-30,23.042857142857144
07_2023,CO,H_HSP_RATING,7,19,74,Overall Hospital Rating,Global Item,Colorado,Mountain,2021-10-01,2022-09-30,23.042857142857144
07_2023,CO,H_QUIET_HSP,7,27,66,Quietness of Hospital Environment,Individual Item,Colorado,Mountain,2021-10-01,2022-09-30,23.042857142857144
07_2023,CO,H_RECMND,4,22,74,Willingness to Recommend the Hospital,Global Item,Colorado,Mountain,2021-10-01,2022-09-30,23.042857142857144
07_2023,CT,H_CLEAN_HSP,11,20,69,Cleanliness of Hospital Environment,Individual Item,Connecticut,New England,2021-10-01,2022-09-30,22.384615384615383
07_2023,CT,H_COMP_1,6,17,77,Communication with Nurses,Composite Measure,Connecticut,New England,2021-10-01,2022-09-30,22.384615384615383
07_2023,CT,H_COMP_2,6,17,77,Communication with Doctors,Composite Measure,Connecticut,New England,2021-10-01,2022-09-30,22.384615384615383
07_2023,CT,H_COMP_3,15,27,58,Responsiveness of Hospital Staff,Composite Measure,Connecticut,New England,2021-10-01,2022-09-30,22.384615384615383
07_2023,CT,H_COMP_5,22,19,59,Communication about Medicines,Composite Measure,Connecticut,New England,2021-10-01,2022-09-30,22.384615384615383
07_2023,CT,H_COMP_6,13,0,87,Discharge Information,Composite Measure,Connecticut,New England,2021-10-01,2022-09-30,22.384615384615383
07_2023,CT,H_COMP_7,7,45,48,Care Transition,Composite Measure,Connecticut,New England,2021-10-01,2022-09-30,22.384615384615383
07_2023,CT,H_HSP_RATING,11,23,66,Overall Hospital Rating,Global Item,Connecticut,New England,2021-10-01,2022-09-30,22.384615384615383
07_2023,CT,H_QUIET_HSP,15,34,51,Quietness of Hospital Environment,Individual Item,Connecticut,New England,2021-10-01,2022-09-30,22.384615384615383
07_2023,CT,H_RECMND,7,26,67,Willingness to Recommend the Hospital,Global Item,Connecticut,New England,2021-10-01,2022-09-30,22.384615384615383
07_2023,DC,H_CLEAN_HSP,15,22,63,Cleanliness of Hospital Environment,Individual Item,District of Columbia,South Atlantic,2021-10-01,2022-09-30,14.428571428571429
07_2023,DC,H_COMP_1,10,20,70,Communication with Nurses,Composite Measure,District of Columbia,South Atlantic,2021-10-01,2022-09-30,14.428571428571429
07_2023,DC,H_COMP_2,7,15,78,Communication with Doctors,Composite Measure,District of Columbia,South Atlantic,2021-10-01,2022-09-30,14.428571428571429
07_2023,DC,H_COMP_3,23,29,48,Responsiveness of Hospital Staff,Composite Measure,District of Columbia,South Atlantic,2021-10-01,2022-09-30,14.428571428571429
07_2023,DC,H_COMP_5,29,18,53,Communication about Medicines,Composite Measure,District of Columbia,South Atlantic,2021-10-01,2022-09-30,14.428571428571429
07_2023,DC,H_COMP_6,18,0,82,Discharge Information,Composite Measure,District of Columbia,South Atlantic,2021-10-01,2022-09-30,14.428571428571429
07_2023,DC,H_COMP_7,9,46,45,Care Transition,Composite Measure,District of Columbia,South Atlantic,2021-10-01,2022-09-30,14.428571428571429
07_2023,DC,H_HSP_RATING,16,25,59,Overall Hospital Rating,Global Item,District of Columbia,South Atlantic,2021-10-01,2022-09-30,14.428571428571429
07_2023,DC,H_QUIET_HSP,16,30,54,Quietness of Hospital Environment,Individual Item,District of Columbia,South Atlantic,2021-10-01,2022-09-30,14.428571428571429
07_2023,DC,H_RECMND,12,29,59,Willingness to Recommend the Hospital,Global Item,District of Columbia,South Atlantic,2021-10-01,2022-09-30,14.428571428571429
07_2023,DE,H_CLEAN_HSP,13,22,65,Cleanliness of Hospital Environment,Individual Item,Delaware,South Atlantic,2021-10-01,2022-09-30,20.428571428571427
07_2023,DE,H_COMP_1,6,18,76,Communication with Nurses,Composite Measure,Delaware,South Atlantic,2021-10-01,2022-09-30,20.428571428571427
07_2023,DE,H_COMP_2,7,18,75,Communication with Doctors,Composite Measure,Delaware,South Atlantic,2021-10-01,2022-09-30,20.428571428571427
07_2023,DE,H_COMP_3,13,28,59,Responsiveness of Hospital Staff,Composite Measure,Delaware,South Atlantic,2021-10-01,2022-09-30,20.428571428571427
07_2023,DE,H_COMP_5,24,20,56,Communication about Medicines,Composite Measure,Delaware,South Atlantic,2021-10-01,2022-09-30,20.428571428571427
07_2023,DE,H_COMP_6,15,0,85,Discharge Information,Composite Measure,Delaware,South Atlantic,2021-10-01,2022-09-30,20.428571428571427
07_2023,DE,H_COMP_7,8,45,47,Care Transition,Composite Measure,Delaware,South Atlantic,2021-10-01,2022-09-30,20.428571428571427
07_2023,DE,H_HSP_RATING,12,24,64,Overall Hospital Rating,Global Item,Delaware,South Atlantic,2021-10-01,2022-09-30,20.428571428571427
07_2023,DE,H_QUIET_HSP,14,33,53,Quietness of Hospital Environment,Individual Item,Delaware,South Atlantic,2021-10-01,2022-09-30,20.428571428571427
07_2023,DE,H_RECMND,8,29,63,Willingness to Recommend the Hospital,Global Item,Delaware,South Atlantic,2021-10-01,2022-09-30,20.428571428571427
07_2023,FL,H_CLEAN_HSP,12,20,68,Cleanliness of Hospital Environment,Individual Item,Florida,South Atlantic,2021-10-01,2022-09-30,20.230337078651687
07_2023,FL,H_COMP_1,7,19,74,Communication with Nurses,Composite Measure,Florida,South Atlantic,2021-10-01,2022-09-30,20.230337078651687
07_2023,FL,H_COMP_2,8,18,74,Communication with Doctors,Composite Measure,Florida,South Atlantic,2021-10-01,2022-09-30,20.230337078651687
07_2023,FL,H_COMP_3,15,27,58,Responsiveness of Hospital Staff,Composite Measure,Florida,South Atlantic,2021-10-01,2022-09-30,20.230337078651687
07_2023,FL,H_COMP_5,26,18,56,Communication about Medicines,Composite Measure,Florida,South Atlantic,2021-10-01,2022-09-30,20.230337078651687
07_2023,FL,H_COMP_6,18,0,82,Discharge Information,Composite Measure,Florida,South Atlantic,2021-10-01,2022-09-30,20.230337078651687
07_2023,FL,H_COMP_7,9,44,47,Care Transition,Composite Measure,Florida,South Atlantic,2021-10-01,2022-09-30,20.230337078651687
07_2023,FL,H_HSP_RATING,13,22,65,Overall Hospital Rating,Global Item,Florida,South Atlantic,2021-10-01,2022-09-30,20.230337078651687
07_2023,FL,H_QUIET_HSP,13,30,57,Quietness of Hospital Environment,Individual Item,Florida,South Atlantic,2021-10-01,2022-09-30,20.230337078651687
07_2023,FL,H_RECMND,10,25,65,Willingness to Recommend the Hospital,Global Item,Florida,South Atlantic,2021-10-01,2022-09-30,20.230337078651687
07_2023,GA,H_CLEAN_HSP,11,19,70,Cleanliness of Hospital Environment,Individual Item,Georgia,South Atlantic,2021-10-01,2022-09-30,17.682926829268293
07_2023,GA,H_COMP_1,6,16,78,Communication with Nurses,Composite Measure,Georgia,South Atlantic,2021-10-01,2022-09-30,17.682926829268293
07_2023,GA,H_COMP_2,6,15,79,Communication with Doctors,Composite Measure,Georgia,South Atlantic,2021-10-01,2022-09-30,17.682926829268293
07_2023,GA,H_COMP_3,13,24,63,Responsiveness of Hospital Staff,Composite Measure,Georgia,South Atlantic,2021-10-01,2022-09-30,17.682926829268293
07_2023,GA,H_COMP_5,22,18,60,Communication about Medicines,Composite Measure,Georgia,South Atlantic,2021-10-01,2022-09-30,17.682926829268293
07_2023,GA,H_COMP_6,16,0,84,Discharge Information,Composite Measure,Georgia,South Atlantic,2021-10-01,2022-09-30,17.682926829268293
07_2023,GA,H_COMP_7,7,42,51,Care Transition,Composite Measure,Georgia,South Atlantic,2021-10-01,2022-09-30,17.682926829268293
07_2023,GA,H_HSP_RATING,10,20,70,Overall Hospital Rating,Global Item,Georgia,South Atlantic,2021-10-01,2022-09-30,17.682926829268293
07_2023,GA,H_QUIET_HSP,9,25,66,Quietness of Hospital Environment,Individual Item,Georgia,South Atlantic,2021-10-01,2022-09-30,17.682926829268293
07_2023,GA,H_RECMND,7,26,67,Willingness to Recommend the Hospital,Global Item,Georgia,South Atlantic,2021-10-01,2022-09-30,17.682926829268293
07_2023,HI,H_CLEAN_HSP,7,19,74,Cleanliness of Hospital Environment,Individual Item,Hawaii,Pacific,2021-10-01,2022-09-30,22.466666666666665
07_2023,HI,H_COMP_1,5,16,79,Communication with Nurses,Composite Measure,Hawaii,Pacific,2021-10-01,2022-09-30,22.466666666666665
07_2023,HI,H_COMP_2,5,16,79,Communication with Doctors,Composite Measure,Hawaii,Pacific,2021-10-01,2022-09-30,22.466666666666665
07_2023,HI,H_COMP_3,10,26,64,Responsiveness of Hospital Staff,Composite Measure,Hawaii,Pacific,2021-10-01,2022-09-30,22.466666666666665
07_2023,HI,H_COMP_5,20,20,60,Communication about Medicines,Composite Measure,Hawaii,Pacific,2021-10-01,2022-09-30,22.466666666666665
07_2023,HI,H_COMP_6,16,0,84,Discharge Information,Composite Measure,Hawaii,Pacific,2021-10-01,2022-09-30,22.466666666666665
07_2023,HI,H_COMP_7,6,46,48,Care Transition,Composite Measure,Hawaii,Pacific,2021-10-01,2022-09-30,22.466666666666665
07_2023,HI,H_HSP_RATING,9,25,66,Overall Hospital Rating,Global Item,Hawaii,Pacific,2021-10-01,2022-09-30,22.466666666666665
07_2023,HI,H_QUIET_HSP,11,31,58,Quietness of Hospital Environment,Individual Item,Hawaii,Pacific,2021-10-01,2022-09-30,22.466666666666665
07_2023,HI,H_RECMND,7,27,66,Willingness to Recommend the Hospital,Global Item,Hawaii,Pacific,2021-10-01,2022-09-30,22.466666666666665
07_2023,IA,H_CLEAN_HSP,6,16,78,Cleanliness of Hospital Environment,Individual Item,Iowa,West North Central,2021-10-01,2022-09-30,30.06930693069307
07_2023,IA,H_COMP_1,3,14,83,Communication with Nurses,Composite Measure,Iowa,West North Central,2021-10-01,2022-09-30,30.06930693069307
07_2023,IA,H_COMP_2,4,14,82,Communication with Doctors,Composite Measure,Iowa,West North Central,2021-10-01,2022-09-30,30.06930693069307
07_2023,IA,H_COMP_3,6,23,71,Responsiveness of Hospital Staff,Composite Measure,Iowa,West North Central,2021-10-01,2022-09-30,30.06930693069307
07_2023,IA,H_COMP_5,16,20,64,Communication about Medicines,Composite Measure,Iowa,West North Central,2021-10-01,2022-09-30,30.06930693069307
07_2023,IA,H_COMP_6,12,0,88,Discharge Information,Composite Measure,Iowa,West North Central,2021-10-01,2022-09-30,30.06930693069307
07_2023,IA,H_COMP_7,4,41,55,Care Transition,Composite Measure,Iowa,West North Central,2021-10-01,2022-09-30,30.06930693069307
07_2023,IA,H_HSP_RATING,5,18,77,Overall Hospital Rating,Global Item,Iowa,West North Central,2021-10-01,2022-09-30,30.06930693069307
07_2023,IA,H_QUIET_HSP,6,26,68,Quietness of Hospital Environment,Individual Item,Iowa,West North Central,2021-10-01,2022-09-30,30.06930693069307
07_2023,IA,H_RECMND,3,22,75,Willingness to Recommend the Hospital,Global Item,Iowa,West North Central,2021-10-01,2022-09-30,30.06930693069307
07_2023,ID,H_CLEAN_HSP,7,16,77,Cleanliness of Hospital Environment,Individual Item,Idaho,Mountain,2021-10-01,2022-09-30,24.7027027027027
07_2023,ID,H_COMP_1,3,15,82,Communication with Nurses,Composite Measure,Idaho,Mountain,2021-10-01,2022-09-30,24.7027027027027
07_2023,ID,H_COMP_2,3,14,83,Communication with Doctors,Composite Measure,Idaho,Mountain,2021-10-01,2022-09-30,24.7027027027027
07_2023,ID,H_COMP_3,6,23,71,Responsiveness of Hospital Staff,Composite Measure,Idaho,Mountain,2021-10-01,2022-09-30,24.7027027027027
07_2023,ID,H_COMP_5,16,19,65,Communication about Medicines,Composite Measure,Idaho,Mountain,2021-10-01,2022-09-30,24.7027027027027
07_2023,ID,H_COMP_6,12,0,88,Discharge Information,Composite Measure,Idaho,Mountain,2021-10-01,2022-09-30,24.7027027027027
07_2023,ID,H_COMP_7,4,41,55,Care Transition,Composite Measure,Idaho,Mountain,2021-10-01,2022-09-30,24.7027027027027
07_2023,ID,H_HSP_RATING,6,18,76,Overall Hospital Rating,Global Item,Idaho,Mountain,2021-10-01,2022-09-30,24.7027027027027
07_2023,ID,H_QUIET_HSP,7,27,66,Quietness of Hospital Environment,Individual Item,Idaho,Mountain,2021-10-01,2022-09-30,24.7027027027027
07_2023,ID,H_RECMND,4,22,74,Willingness to Recommend the Hospital,Global Item,Idaho,Mountain,2021-10-01,2022-09-30,24.7027027027027
07_2023,IL,H_CLEAN_HSP,10,18,72,Cleanliness of Hospital Environment,Individual Item,Illinois,East North Central,2021-10-01,2022-09-30,22.89156626506024
07_2023,IL,H_COMP_1,6,16,78,Communication with Nurses,Composite Measure,Illinois,East North Central,2021-10-01,2022-09-30,22.89156626506024
07_2023,IL,H_COMP_2,6,16,78,Communication with Doctors,Composite Measure,Illinois,East North Central,2021-10-01,2022-09-30,22.89156626506024
07_2023,IL,H_COMP_3,12,25,63,Responsiveness of Hospital Staff,Composite Measure,Illinois,East North Central,2021-10-01,2022-09-30,22.89156626506024
07_2023,IL,H_COMP_5,21,19,60,Communication about Medicines,Composite Measure,Illinois,East North Central,2021-10-01,2022-09-30,22.89156626506024
07_2023,IL,H_COMP_6,15,0,85,Discharge Information,Composite Measure,Illinois,East North Central,2021-10-01,2022-09-30,22.89156626506024
07_2023,IL,H_COMP_7,7,43,50,Care Transition,Composite Measure,Illinois,East North Central,2021-10-01,2022-09-30,22.89156626506024
07_2023,IL,H_HSP_RATING,10,21,69,Overall Hospital Rating,Global Item,Illinois,East North Central,2021-10-01,2022-09-30,22.89156626506024
07_2023,IL,H_QUIET_HSP,10,29,61,Quietness of Hospital Environment,Individual Item,Illinois,East North Central,2021-10-01,2022-09-30,22.89156626506024
07_2023,IL,H_RECMND,7,27,66,Willingness to Recommend the Hospital,Global Item,Illinois,East North Central,2021-10-01,2022-09-30,22.89156626506024
07_2023,IN,H_CLEAN_HSP,8,19,73,Cleanliness of Hospital Environment,Individual Item,Indiana,East North Central,2021-10-01,2022-09-30,24.541284403669724
07_2023,IN,H_COMP_1,4,17,79,Communication with Nurses,Composite Measure,Indiana,East North Central,2021-10-01,2022-09-30,24.541284403669724
07_2023,IN,H_COMP_2,5,16,79,Communication with Doctors,Composite Measure,Indiana,East North Central,2021-10-01,2022-09-30,24.541284403669724
07_2023,IN,H_COMP_3,9,25,66,Responsiveness of Hospital Staff,Composite Measure,Indiana,East North Central,2021-10-01,2022-09-30,24.541284403669724
07_2023,IN,H_COMP_5,21,19,60,Communication about Medicines,Composite Measure,Indiana,East North Central,2021-10-01,2022-09-30,24.541284403669724
07_2023,IN,H_COMP_6,13,0,87,Discharge Information,Composite Measure,Indiana,East North Central,2021-10-01,2022-09-30,24.541284403669724
07_2023,IN,H_COMP_7,5,43,52,Care Transition,Composite Measure,Indiana,East North Central,2021-10-01,2022-09-30,24.541284403669724
07_2023,IN,H_HSP_RATING,8,19,73,Overall Hospital Rating,Global Item,Indiana,East North Central,2021-10-01,2022-09-30,24.541284403669724
07_2023,IN,H_QUIET_HSP,9,30,61,Quietness of Hospital Environment,Individual Item,Indiana,East North Central,2021-10-01,2022-09-30,24.541284403669724
07_2023,IN,H_RECMND,5,24,71,Willingness to Recommend the Hospital,Global Item,Indiana,East North Central,2021-10-01,2022-09-30,24.541284403669724
07_2023,KS,H_CLEAN_HSP,7,16,77,Cleanliness of Hospital Environment,Individual Item,Kansas,West North Central,2021-10-01,2022-09-30,30.825242718446603
07_2023,KS,H_COMP_1,3,15,82,Communication with Nurses,Composite Measure,Kansas,West North Central,2021-10-01,2022-09-30,30.825242718446603
07_2023,KS,H_COMP_2,4,12,84,Communication with Doctors,Composite Measure,Kansas,West North Central,2021-10-01,2022-09-30,30.825242718446603
07_2023,KS,H_COMP_3,6,22,72,Responsiveness of Hospital Staff,Composite Measure,Kansas,West North Central,2021-10-01,2022-09-30,30.825242718446603
07_2023,KS,H_COMP_5,16,18,66,Communication about Medicines,Composite Measure,Kansas,West North Central,2021-10-01,2022-09-30,30.825242718446603
07_2023,KS,H_COMP_6,14,0,86,Discharge Information,Composite Measure,Kansas,West North Central,2021-10-01,2022-09-30,30.825242718446603
07_2023,KS,H_COMP_7,4,39,57,Care Transition,Composite Measure,Kansas,West North Central,2021-10-01,2022-09-30,30.825242718446603
07_2023,KS,H_HSP_RATING,6,17,77,Overall Hospital Rating,Global Item,Kansas,West North Central,2021-10-01,2022-09-30,30.825242718446603
07_2023,KS,H_QUIET_HSP,6,26,68,Quietness of Hospital Environment,Individual Item,Kansas,West North Central,2021-10-01,2022-09-30,30.825242718446603
07_2023,KS,H_RECMND,3,22,75,Willingness to Recommend the Hospital,Global Item,Kansas,West North Central,2021-10-01,2022-09-30,30.825242718446603
07_2023,KY,H_CLEAN_HSP,10,17,73,Cleanliness of Hospital Environment,Individual Item,Kentucky,East South Central,2021-10-01,2022-09-30,19.476744186046513
07_2023,KY,H_COMP_1,5,16,79,Communication with Nurses,Composite Measure,Kentucky,East South Central,2021-10-01,2022-09-30,19.476744186046513
07_2023,KY,H_COMP_2,6,14,80,Communication with Doctors,Composite Measure,Kentucky,East South Central,2021-10-01,2022-09-30,19.476744186046513
07_2023,KY,H_COMP_3,11,24,65,Responsiveness of Hospital Staff,Composite Measure,Kentucky,East South Central,2021-10-01,2022-09-30,19.476744186046513
07_2023,KY,H_COMP_5,20,17,63,Communication about Medicines,Composite Measure,Kentucky,East South Central,2021-10-01,2022-09-30,19.476744186046513
07_2023,KY,H_COMP_6,15,0,85,Discharge Information,Composite Measure,Kentucky,East South Central,2021-10-01,2022-09-30,19.476744186046513
07_2023,KY,H_COMP_7,6,42,52,Care Transition,Composite Measure,Kentucky,East South Central,2021-10-01,2022-09-30,19.476744186046513
07_2023,KY,H_HSP_RATING,10,21,69,Overall Hospital Rating,Global Item,Kentucky,East South Central,2021-10-01,2022-09-30,19.476744186046513
07_2023,KY,H_QUIET_HSP,9,29,62,Quietness of Hospital Environment,Individual Item,Kentucky,East South Central,2021-10-01,2022-09-30,19.476744186046513
07_2023,KY,H_RECMND,7,26,67,Willingness to Recommend the Hospital,Global Item,Kentucky,East South Central,2021-10-01,2022-09-30,19.476744186046513
07_2023,LA,H_CLEAN_HSP,9,15,76,Cleanliness of Hospital Environment,Individual Item,Louisiana,West South Central,2021-10-01,2022-09-30,19.91578947368421
07_2023,LA,H_COMP_1,5,12,83,Communication with Nurses,Composite Measure,Louisiana,West South Central,2021-10-01,2022-09-30,19.91578947368421
07_2023,LA,H_COMP_2,4,11,85,Communication with Doctors,Composite Measure,Louisiana,West South Central,2021-10-01,2022-09-30,19.91578947368421
07_2023,LA,H_COMP_3,10,20,70,Responsiveness of Hospital Staff,Composite Measure,Louisiana,West South Central,2021-10-01,2022-09-30,19.91578947368421
07_2023,LA,H_COMP_5,18,15,67,Communication about Medicines,Composite Measure,Louisiana,West South Central,2021-10-01,2022-09-30,19.91578947368421
07_2023,LA,H_COMP_6,14,0,86,Discharge Information,Composite Measure,Louisiana,West South Central,2021-10-01,2022-09-30,19.91578947368421
07_2023,LA,H_COMP_7,6,37,57,Care Transition,Composite Measure,Louisiana,West South Central,2021-10-01,2022-09-30,19.91578947368421
07_2023,LA,H_HSP_RATING,8,17,75,Overall Hospital Rating,Global Item,Louisiana,West South Central,2021-10-01,2022-09-30,19.91578947368421
07_2023,LA,H_QUIET_HSP,6,21,73,Quietness of Hospital Environment,Individual Item,Louisiana,West South Central,2021-10-01,2022-09-30,19.91578947368421
07_2023,LA,H_RECMND,5,22,73,Willingness to Recommend the Hospital,Global Item,Louisiana,West South Central,2021-10-01,2022-09-30,19.91578947368421
07_2023,MA,H_CLEAN_HSP,11,21,68,Cleanliness of Hospital Environment,Individual Item,Massachusetts,New England,2021-10-01,2022-09-30,22.24561403508772
07_2023,MA,H_COMP_1,5,17,78,Communication with Nurses,Composite Measure,Massachusetts,New England,2021-10-01,2022-09-30,22.24561403508772
07_2023,MA,H_COMP_2,6,16,78,Communication with Doctors,Composite Measure,Massachusetts,New England,2021-10-01,2022-09-30,22.24561403508772
07_2023,MA,H_COMP_3,13,28,59,Responsiveness of Hospital Staff,Composite Measure,Massachusetts,New England,2021-10-01,2022-09-30,22.24561403508772
07_2023,MA,H_COMP_5,22,19,59,Communication about Medicines,Composite Measure,Massachusetts,New England,2021-10-01,2022-09-30,22.24561403508772
07_2023,MA,H_COMP_6,12,0,88,Discharge Information,Composite Measure,Massachusetts,New England,2021-10-01,2022-09-30,22.24561403508772
07_2023,MA,H_COMP_7,7,43,50,Care Transition,Composite Measure,Massachusetts,New England,2021-10-01,2022-09-30,22.24561403508772
07_2023,MA,H_HSP_RATING,10,23,67,Overall Hospital Rating,Global Item,Massachusetts,New England,2021-10-01,2022-09-30,22.24561403508772
07_2023,MA,H_QUIET_HSP,17,33,50,Quietness of Hospital Environment,Individual Item,Massachusetts,New England,2021-10-01,2022-09-30,22.24561403508772
07_2023,MA,H_RECMND,7,24,69,Willingness to Recommend the Hospital,Global Item,Massachusetts,New England,2021-10-01,2022-09-30,22.24561403508772
07_2023,MD,H_CLEAN_HSP,12,22,66,Cleanliness of Hospital Environment,Individual Item,Maryland,South Atlantic,2021-10-01,2022-09-30,18.288888888888888
07_2023,MD,H_COMP_1,7,19,74,Communication with Nurses,Composite Measure,Maryland,South Atlantic,2021-10-01,2022-09-30,18.288888888888888
07_2023,MD,H_COMP_2,7,17,76,Communication with Doctors,Composite Measure,Maryland,South Atlantic,2021-10-01,2022-09-30,18.288888888888888
07_2023,MD,H_COMP_3,16,28,56,Responsiveness of Hospital Staff,Composite Measure,Maryland,South Atlantic,2021-10-01,2022-09-30,18.288888888888888
07_2023,MD,H_COMP_5,25,19,56,Communication about Medicines,Composite Measure,Maryland,South Atlantic,2021-10-01,2022-09-30,18.288888888888888
07_2023,MD,H_COMP_6,16,0,84,Discharge Information,Composite Measure,Maryland,South Atlantic,2021-10-01,2022-09-30,18.288888888888888
07_2023,MD,H_COMP_7,8,45,47,Care Transition,Composite Measure,Maryland,South Atlantic,2021-10-01,2022-09-30,18.288888888888888
07_2023,MD,H_HSP_RATING,12,24,64,Overall Hospital Rating,Global Item,Maryland,South Atlantic,2021-10-01,2022-09-30,18.288888888888888
07_2023,MD,H_QUIET_HSP,13,31,56,Quietness of Hospital Environment,Individual Item,Maryland,South Atlantic,2021-10-01,2022-09-30,18.288888888888888
07_2023,MD,H_RECMND,9,28,63,Willingness to Recommend the Hospital,Global Item,Maryland,South Atlantic,2021-10-01,2022-09-30,18.288888888888888
07_2023,ME,H_CLEAN_HSP,10,20,70,Cleanliness of Hospital Environment,Individual Item,Maine,New England,2021-10-01,2022-09-30,24.451612903225808
07_2023,ME,H_COMP_1,4,14,82,Communication with Nurses,Composite Measure,Maine,New England,2021-10-01,2022-09-30,24.451612903225808
07_2023,ME,H_COMP_2,4,15,81,Communication with Doctors,Composite Measure,Maine,New England,2021-10-01,2022-09-30,24.451612903225808
07_2023,ME,H_COMP_3,8,24,68,Responsiveness of Hospital Staff,Composite Measure,Maine,New England,2021-10-01,2022-09-30,24.451612903225808
07_2023,ME,H_COMP_5,17,19,64,Communication about Medicines,Composite Measure,Maine,New England,2021-10-01,2022-09-30,24.451612903225808
07_2023,ME,H_COMP_6,13,0,87,Discharge Information,Composite Measure,Maine,New England,2021-10-01,2022-09-30,24.451612903225808
07_2023,ME,H_COMP_7,5,43,52,Care Transition,Composite Measure,Maine,New England,2021-10-01,2022-09-30,24.451612903225808
07_2023,ME,H_HSP_RATING,8,20,72,Overall Hospital Rating,Global Item,Maine,New England,2021-10-01,2022-09-30,24.451612903225808
07_2023,ME,H_QUIET_HSP,10,33,57,Quietness of Hospital Environment,Individual Item,Maine,New England,2021-10-01,2022-09-30,24.451612903225808
07_2023,ME,H_RECMND,5,24,71,Willingness to Recommend the Hospital,Global Item,Maine,New England,2021-10-01,2022-09-30,24.451612903225808
07_2023,MI,H_CLEAN_HSP,11,20,69,Cleanliness of Hospital Environment,Individual Item,Michigan,East North Central,2021-10-01,2022-09-30,26.683760683760685
07_2023,MI,H_COMP_1,5,15,80,Communication with Nurses,Composite Measure,Michigan,East North Central,2021-10-01,2022-09-30,26.683760683760685
07_2023,MI,H_COMP_2,5,17,78,Communication with Doctors,Composite Measure,Michigan,East North Central,2021-10-01,2022-09-30,26.683760683760685
07_2023,MI,H_COMP_3,10,22,68,Responsiveness of Hospital Staff,Composite Measure,Michigan,East North Central,2021-10-01,2022-09-30,26.683760683760685
07_2023,MI,H_COMP_5,20,19,61,Communication about Medicines,Composite Measure,Michigan,East North Central,2021-10-01,2022-09-30,26.683760683760685
07_2023,MI,H_COMP_6,13,0,87,Discharge Information,Composite Measure,Michigan,East North Central,2021-10-01,2022-09-30,26.683760683760685
07_2023,MI,H_COMP_7,6,43,51,Care Transition,Composite Measure,Michigan,East North Central,2021-10-01,2022-09-30,26.683760683760685
07_2023,MI,H_HSP_RATING,9,22,69,Overall Hospital Rating,Global Item,Michigan,East North Central,2021-10-01,2022-09-30,26.683760683760685
07_2023,MI,H_QUIET_HSP,11,30,59,Quietness of Hospital Environment,Individual Item,Michigan,East North Central,2021-10-01,2022-09-30,26.683760683760685
07_2023,MI,H_RECMND,6,26,68,Willingness to Recommend the Hospital,Global Item,Michigan,East North Central,2021-10-01,2022-09-30,26.683760683760685
07_2023,MN,H_CLEAN_HSP,7,18,75,Cleanliness of Hospital Environment,Individual Item,Minnesota,West North Central,2021-10-01,2022-09-30,31.546296296296298
07_2023,MN,H_COMP_1,3,14,83,Communication with Nurses,Composite Measure,Minnesota,West North Central,2021-10-01,2022-09-30,31.546296296296298
07_2023,MN,H_COMP_2,3,13,84,Communication with Doctors,Composite Measure,Minnesota,West North Central,2021-10-01,2022-09-30,31.546296296296298
07_2023,MN,H_COMP_3,5,22,73,Responsiveness of Hospital Staff,Composite Measure,Minnesota,West North Central,2021-10-01,2022-09-30,31.546296296296298
07_2023,MN,H_COMP_5,15,20,65,Communication about Medicines,Composite Measure,Minnesota,West North Central,2021-10-01,2022-09-30,31.546296296296298
07_2023,MN,H_COMP_6,12,0,88,Discharge Information,Composite Measure,Minnesota,West North Central,2021-10-01,2022-09-30,31.546296296296298
07_2023,MN,H_COMP_7,4,40,56,Care Transition,Composite Measure,Minnesota,West North Central,2021-10-01,2022-09-30,31.546296296296298
07_2023,MN,H_HSP_RATING,5,19,76,Overall Hospital Rating,Global Item,Minnesota,West North Central,2021-10-01,2022-09-30,31.546296296296298
07_2023,MN,H_QUIET_HSP,6,26,68,Quietness of Hospital Environment,Individual Item,Minnesota,West North Central,2021-10-01,2022-09-30,31.546296296296298
07_2023,MN,H_RECMND,3,22,75,Willingness to Recommend the Hospital,Global Item,Minnesota,West North Central,2021-10-01,2022-09-30,31.546296296296298
07_2023,MO,H_CLEAN_HSP,10,19,71,Cleanliness of Hospital Environment,Individual Item,Missouri,West North Central,2021-10-01,2022-09-30,25.22
07_2023,MO,H_COMP_1,5,16,79,Communication with Nurses,Composite Measure,Missouri,West North Central,2021-10-01,2022-09-30,25.22
07_2023,MO,H_COMP_2,5,16,79,Communication with Doctors,Composite Measure,Missouri,West North Central,2021-10-01,2022-09-30,25.22
07_2023,MO,H_COMP_3,10,26,64,Responsiveness of Hospital Staff,Composite Measure,Missouri,West North Central,2021-10-01,2022-09-30,25.22
07_2023,MO,H_COMP_5,20,19,61,Communication about Medicines,Composite Measure,Missouri,West North Central,2021-10-01,2022-09-30,25.22
07_2023,MO,H_COMP_6,14,0,86,Discharge Information,Composite Measure,Missouri,West North Central,2021-10-01,2022-09-30,25.22
07_2023,MO,H_COMP_7,6,43,51,Care Transition,Composite Measure,Missouri,West North Central,2021-10-01,2022-09-30,25.22
07_2023,MO,H_HSP_RATING,9,21,70,Overall Hospital Rating,Global Item,Missouri,West North Central,2021-10-01,2022-09-30,25.22
07_2023,MO,H_QUIET_HSP,9,29,62,Quietness of Hospital Environment,Individual Item,Missouri,West North Central,2021-10-01,2022-09-30,25.22
07_2023,MO,H_RECMND,6,26,68,Willingness to Recommend the Hospital,Global Item,Missouri,West North Central,2021-10-01,2022-09-30,25.22
07_2023,MS,H_CLEAN_HSP,10,17,73,Cleanliness of Hospital Environment,Individual Item,Mississippi,East South Central,2021-10-01,2022-09-30,19.071428571428573
07_2023,MS,H_COMP_1,5,13,82,Communication with Nurses,Composite Measure,Mississippi,East South Central,2021-10-01,2022-09-30,19.071428571428573
07_2023,MS,H_COMP_2,4,11,85,Communication with Doctors,Composite Measure,Mississippi,East South Central,2021-10-01,2022-09-30,19.071428571428573
07_2023,MS,H_COMP_3,11,18,71,Responsiveness of Hospital Staff,Composite Measure,Mississippi,East South Central,2021-10-01,2022-09-30,19.071428571428573
07_2023,MS,H_COMP_5,17,18,65,Communication about Medicines,Composite Measure,Mississippi,East South Central,2021-10-01,2022-09-30,19.071428571428573
07_2023,MS,H_COMP_6,16,0,84,Discharge Information,Composite Measure,Mississippi,East South Central,2021-10-01,2022-09-30,19.071428571428573
07_2023,MS,H_COMP_7,5,43,52,Care Transition,Composite Measure,Mississippi,East South Central,2021-10-01,2022-09-30,19.071428571428573
07_2023,MS,H_HSP_RATING,9,19,72,Overall Hospital Rating,Global Item,Mississippi,East South Central,2021-10-01,2022-09-30,19.071428571428573
07_2023,MS,H_QUIET_HSP,7,21,72,Quietness of Hospital Environment,Individual Item,Mississippi,East South Central,2021-10-01,2022-09-30,19.071428571428573
07_2023,MS,H_RECMND,7,23,70,Willingness to Recommend the Hospital,Global Item,Mississippi,East South Central,2021-10-01,2022-09-30,19.071428571428573
07_2023,MT,H_CLEAN_HSP,12,18,70,Cleanliness of Hospital Environment,Individual Item,Montana,Mountain,2021-10-01,2022-09-30,26.655172413793103
07_2023,MT,H_COMP_1,3,15,82,Communication with Nurses,Composite Measure,Montana,Mountain,2021-10-01,2022-09-30,26.655172413793103
07_2023,MT,H_COMP_2,4,12,84,Communication with Doctors,Composite Measure,Montana,Mountain,2021-10-01,2022-09-30,26.655172413793103
07_2023,MT,H_COMP_3,6,20,74,Responsiveness of Hospital Staff,Composite Measure,Montana,Mountain,2021-10-01,2022-09-30,26.655172413793103
07_2023,MT,H_COMP_5,17,17,66,Communication about Medicines,Composite Measure,Montana,Mountain,2021-10-01,2022-09-30,26.655172413793103
07_2023,MT,H_COMP_6,15,0,85,Discharge Information,Composite Measure,Montana,Mountain,2021-10-01,2022-09-30,26.655172413793103
07_2023,MT,H_COMP_7,5,42,53,Care Transition,Composite Measure,Montana,Mountain,2021-10-01,2022-09-30,26.655172413793103
07_2023,MT,H_HSP_RATING,8,22,70,Overall Hospital Rating,Global Item,Montana,Mountain,2021-10-01,2022-09-30,26.655172413793103
07_2023,MT,H_QUIET_HSP,7,28,65,Quietness of Hospital Environment,Individual Item,Montana,Mountain,2021-10-01,2022-09-30,26.655172413793103
07_2023,MT,H_RECMND,5,25,70,Willingness to Recommend the Hospital,Global Item,Montana,Mountain,2021-10-01,2022-09-30,26.655172413793103
07_2023,NC,H_CLEAN_HSP,12,20,68,Cleanliness of Hospital Environment,Individual Item,North Carolina,South Atlantic,2021-10-01,2022-09-30,20.25
07_2023,NC,H_COMP_1,5,17,78,Communication with Nurses,Composite Measure,North Carolina,South Atlantic,2021-10-01,2022-09-30,20.25
07_2023,NC,H_COMP_2,5,15,80,Communication with Doctors,Composite Measure,North Carolina,South Atlantic,2021-10-01,2022-09-30,20.25
07_2023,NC,H_COMP_3,12,25,63,Responsiveness of Hospital Staff,Composite Measure,North Carolina,South Atlantic,2021-10-01,2022-09-30,20.25
07_2023,NC,H_COMP_5,21,18,61,Communication about Medicines,Composite Measure,North Carolina,South Atlantic,2021-10-01,2022-09-30,20.25
07_2023,NC,H_COMP_6,14,0,86,Discharge Information,Composite Measure,North Carolina,South Atlantic,2021-10-01,2022-09-30,20.25
07_2023,NC,H_COMP_7,6,44,50,Care Transition,Composite Measure,North Carolina,South Atlantic,2021-10-01,2022-09-30,20.25
07_2023,NC,H_HSP_RATING,10,22,68,Overall Hospital Rating,Global Item,North Carolina,South Atlantic,2021-10-01,2022-09-30,20.25
07_2023,NC,H_QUIET_HSP,10,29,61,Quietness of Hospital Environment,Individual Item,North Carolina,South Atlantic,2021-10-01,2022-09-30,20.25
07_2023,NC,H_RECMND,7,27,66,Willingness to Recommend the Hospital,Global Item,North Carolina,South Atlantic,2021-10-01,2022-09-30,20.25
07_2023,ND,H_CLEAN_HSP,8,18,74,Cleanliness of Hospital Environment,Individual Item,North Dakota,West North Central,2021-10-01,2022-09-30,30.655172413793103
07_2023,ND,H_COMP_1,3,15,82,Communication with Nurses,Composite Measure,North Dakota,West North Central,2021-10-01,2022-09-30,30.655172413793103
07_2023,ND,H_COMP_2,4,12,84,Communication with Doctors,Composite Measure,North Dakota,West North Central,2021-10-01,2022-09-30,30.655172413793103
07_2023,ND,H_COMP_3,7,21,72,Responsiveness of Hospital Staff,Composite Measure,North Dakota,West North Central,2021-10-01,2022-09-30,30.655172413793103
07_2023,ND,H_COMP_5,17,19,64,Communication about Medicines,Composite Measure,North Dakota,West North Central,2021-10-01,2022-09-30,30.655172413793103
07_2023,ND,H_COMP_6,18,0,82,Discharge Information,Composite Measure,North Dakota,West North Central,2021-10-01,2022-09-30,30.655172413793103
07_2023,ND,H_COMP_7,4,43,53,Care Transition,Composite Measure,North Dakota,West North Central,2021-10-01,2022-09-30,30.655172413793103
07_2023,ND,H_HSP_RATING,8,19,73,Overall Hospital Rating,Global Item,North Dakota,West North Central,2021-10-01,2022-09-30,30.655172413793103
07_2023,ND,H_QUIET_HSP,6,25,69,Quietness of Hospital Environment,Individual Item,North Dakota,West North Central,2021-10-01,2022-09-30,30.655172413793103
07_2023,ND,H_RECMND,3,24,73,Willingness to Recommend the Hospital,Global Item,North Dakota,West North Central,2021-10-01,2022-09-30,30.655172413793103
07_2023,NE,H_CLEAN_HSP,6,15,79,Cleanliness of Hospital Environment,Individual Item,Nebraska,West North Central,2021-10-01,2022-09-30,32.76712328767123
07_2023,NE,H_COMP_1,3,14,83,Communication with Nurses,Composite Measure,Nebraska,West North Central,2021-10-01,2022-09-30,32.76712328767123
07_2023,NE,H_COMP_2,3,13,84,Communication with Doctors,Composite Measure,Nebraska,West North Central,2021-10-01,2022-09-30,32.76712328767123
07_2023,NE,H_COMP_3,5,22,73,Responsiveness of Hospital Staff,Composite Measure,Nebraska,West North Central,2021-10-01,2022-09-30,32.76712328767123
07_2023,NE,H_COMP_5,16,20,64,Communication about Medicines,Composite Measure,Nebraska,West North Central,2021-10-01,2022-09-30,32.76712328767123
07_2023,NE,H_COMP_6,12,0,88,Discharge Information,Composite Measure,Nebraska,West North Central,2021-10-01,2022-09-30,32.76712328767123
07_2023,NE,H_COMP_7,3,42,55,Care Transition,Composite Measure,Nebraska,West North Central,2021-10-01,2022-09-30,32.76712328767123
07_2023,NE,H_HSP_RATING,5,16,79,Overall Hospital Rating,Global Item,Nebraska,West North Central,2021-10-01,2022-09-30,32.76712328767123
07_2023,NE,H_QUIET_HSP,5,26,69,Quietness of Hospital Environment,Individual Item,Nebraska,West North Central,2021-10-01,2022-09-30,32.76712328767123
07_2023,NE,H_RECMND,3,21,76,Willingness to Recommend the Hospital,Global Item,Nebraska,West North Central,2021-10-01,2022-09-30,32.76712328767123
07_2023,NH,H_CLEAN_HSP,9,20,71,Cleanliness of Hospital Environment,Individual Item,New Hampshire,New England,2021-10-01,2022-09-30,24.153846153846153
07_2023,NH,H_COMP_1,4,16,80,Communication with Nurses,Composite Measure,New Hampshire,New England,2021-10-01,2022-09-30,24.153846153846153
07_2023,NH,H_COMP_2,5,17,78,Communication with Doctors,Composite Measure,New Hampshire,New England,2021-10-01,2022-09-30,24.153846153846153
07_2023,NH,H_COMP_3,9,27,64,Responsiveness of Hospital Staff,Composite Measure,New Hampshire,New England,2021-10-01,2022-09-30,24.153846153846153
07_2023,NH,H_COMP_5,21,19,60,Communication about Medicines,Composite Measure,New Hampshire,New England,2021-10-01,2022-09-30,24.153846153846153
07_2023,NH,H_COMP_6,12,0,88,Discharge Information,Composite Measure,New Hampshire,New England,2021-10-01,2022-09-30,24.153846153846153
07_2023,NH,H_COMP_7,6,43,51,Care Transition,Composite Measure,New Hampshire,New England,2021-10-01,2022-09-30,24.153846153846153
07_2023,NH,H_HSP_RATING,9,22,69,Overall Hospital Rating,Global Item,New Hampshire,New England,2021-10-01,2022-09-30,24.153846153846153
07_2023,NH,H_QUIET_HSP,12,34,54,Quietness of Hospital Environment,Individual Item,New Hampshire,New England,2021-10-01,2022-09-30,24.153846153846153
07_2023,NH,H_RECMND,6,24,70,Willingness to Recommend the Hospital,Global Item,New Hampshire,New England,2021-10-01,2022-09-30,24.153846153846153
07_2023,NJ,H_CLEAN_HSP,12,21,67,Cleanliness of Hospital Environment,Individual Item,New Jersey,Mid-Atlantic,2021-10-01,2022-09-30,18.476190476190474
07_2023,NJ,H_COMP_1,7,19,74,Communication with Nurses,Composite Measure,New Jersey,Mid-Atlantic,2021-10-01,2022-09-30,18.476190476190474
07_2023,NJ,H_COMP_2,7,19,74,Communication with Doctors,Composite Measure,New Jersey,Mid-Atlantic,2021-10-01,2022-09-30,18.476190476190474
07_2023,NJ,H_COMP_3,17,28,55,Responsiveness of Hospital Staff,Composite Measure,New Jersey,Mid-Atlantic,2021-10-01,2022-09-30,18.476190476190474
07_2023,NJ,H_COMP_5,26,19,55,Communication about Medicines,Composite Measure,New Jersey,Mid-Atlantic,2021-10-01,2022-09-30,18.476190476190474
07_2023,NJ,H_COMP_6,17,0,83,Discharge Information,Composite Measure,New Jersey,Mid-Atlantic,2021-10-01,2022-09-30,18.476190476190474
07_2023,NJ,H_COMP_7,8,47,45,Care Transition,Composite Measure,New Jersey,Mid-Atlantic,2021-10-01,2022-09-30,18.476190476190474
07_2023,NJ,H_HSP_RATING,13,24,63,Overall Hospital Rating,Global Item,New Jersey,Mid-Atlantic,2021-10-01,2022-09-30,18.476190476190474
07_2023,NJ,H_QUIET_HSP,16,32,52,Quietness of Hospital Environment,Individual Item,New Jersey,Mid-Atlantic,2021-10-01,2022-09-30,18.476190476190474
07_2023,NJ,H_RECMND,9,29,62,Willingness to Recommend the Hospital,Global Item,New Jersey,Mid-Atlantic,2021-10-01,2022-09-30,18.476190476190474
07_2023,NM,H_CLEAN_HSP,12,18,70,Cleanliness of Hospital Environment,Individual Item,New Mexico,Mountain,2021-10-01,2022-09-30,16.45945945945946
07_2023,NM,H_COMP_1,6,19,75,Communication with Nurses,Composite Measure,New Mexico,Mountain,2021-10-01,2022-09-30,16.45945945945946
07_2023,NM,H_COMP_2,7,16,77,Communication with Doctors,Composite Measure,New Mexico,Mountain,2021-10-01,2022-09-30,16.45945945945946
07_2023,NM,H_COMP_3,12,23,65,Responsiveness of Hospital Staff,Composite Measure,New Mexico,Mountain,2021-10-01,2022-09-30,16.45945945945946
07_2023,NM,H_COMP_5,22,19,59,Communication about Medicines,Composite Measure,New Mexico,Mountain,2021-10-01,2022-09-30,16.45945945945946
07_2023,NM,H_COMP_6,18,0,82,Discharge Information,Composite Measure,New Mexico,Mountain,2021-10-01,2022-09-30,16.45945945945946
07_2023,NM,H_COMP_7,9,46,45,Care Transition,Composite Measure,New Mexico,Mountain,2021-10-01,2022-09-30,16.45945945945946
07_2023,NM,H_HSP_RATING,11,24,65,Overall Hospital Rating,Global Item,New Mexico,Mountain,2021-10-01,2022-09-30,16.45945945945946
07_2023,NM,H_QUIET_HSP,10,28,62,Quietness of Hospital Environment,Individual Item,New Mexico,Mountain,2021-10-01,2022-09-30,16.45945945945946
07_2023,NM,H_RECMND,8,29,63,Willingness to Recommend the Hospital,Global Item,New Mexico,Mountain,2021-10-01,2022-09-30,16.45945945945946
07_2023,NV,H_CLEAN_HSP,12,19,69,Cleanliness of Hospital Environment,Individual Item,Nevada,Mountain,2021-10-01,2022-09-30,21.103448275862068
07_2023,NV,H_COMP_1,7,19,74,Communication with Nurses,Composite Measure,Nevada,Mountain,2021-10-01,2022-09-30,21.103448275862068
07_2023,NV,H_COMP_2,9,18,73,Communication with Doctors,Composite Measure,Nevada,Mountain,2021-10-01,2022-09-30,21.103448275862068
07_2023,NV,H_COMP_3,11,25,64,Responsiveness of Hospital Staff,Composite Measure,Nevada,Mountain,2021-10-01,2022-09-30,21.103448275862068
07_2023,NV,H_COMP_5,22,17,61,Communication about Medicines,Composite Measure,Nevada,Mountain,2021-10-01,2022-09-30,21.103448275862068
07_2023,NV,H_COMP_6,17,0,83,Discharge Information,Composite Measure,Nevada,Mountain,2021-10-01,2022-09-30,21.103448275862068
07_2023,NV,H_COMP_7,9,44,47,Care Transition,Composite Measure,Nevada,Mountain,2021-10-01,2022-09-30,21.103448275862068
07_2023,NV,H_HSP_RATING,11,23,66,Overall Hospital Rating,Global Item,Nevada,Mountain,2021-10-01,2022-09-30,21.103448275862068
07_2023,NV,H_QUIET_HSP,15,28,57,Quietness of Hospital Environment,Individual Item,Nevada,Mountain,2021-10-01,2022-09-30,21.103448275862068
07_2023,NV,H_RECMND,9,26,65,Willingness to Recommend the Hospital,Global Item,Nevada,Mountain,2021-10-01,2022-09-30,21.103448275862068
07_2023,NY,H_CLEAN_HSP,12,21,67,Cleanliness of Hospital Environment,Individual Item,New York,Mid-Atlantic,2021-10-01,2022-09-30,20.44078947368421
07_2023,NY,H_COMP_1,7,19,74,Communication with Nurses,Composite Measure,New York,Mid-Atlantic,2021-10-01,2022-09-30,20.44078947368421
07_2023,NY,H_COMP_2,7,18,75,Communication with Doctors,Composite Measure,New York,Mid-Atlantic,2021-10-01,2022-09-30,20.44078947368421
07_2023,NY,H_COMP_3,15,27,58,Responsiveness of Hospital Staff,Composite Measure,New York,Mid-Atlantic,2021-10-01,2022-09-30,20.44078947368421
07_2023,NY,H_COMP_5,25,19,56,Communication about Medicines,Composite Measure,New York,Mid-Atlantic,2021-10-01,2022-09-30,20.44078947368421
07_2023,NY,H_COMP_6,16,0,84,Discharge Information,Composite Measure,New York,Mid-Atlantic,2021-10-01,2022-09-30,20.44078947368421
07_2023,NY,H_COMP_7,8,46,46,Care Transition,Composite Measure,New York,Mid-Atlantic,2021-10-01,2022-09-30,20.44078947368421
07_2023,NY,H_HSP_RATING,13,25,62,Overall Hospital Rating,Global Item,New York,Mid-Atlantic,2021-10-01,2022-09-30,20.44078947368421
07_2023,NY,H_QUIET_HSP,16,32,52,Quietness of Hospital Environment,Individual Item,New York,Mid-Atlantic,2021-10-01,2022-09-30,20.44078947368421
07_2023,NY,H_RECMND,9,29,62,Willingness to Recommend the Hospital,Global Item,New York,Mid-Atlantic,2021-10-01,2022-09-30,20.44078947368421
07_2023,OH,H_CLEAN_HSP,10,19,71,Cleanliness of Hospital Environment,Individual Item,Ohio,East North Central,2021-10-01,2022-09-30,23.887417218543046
07_2023,OH,H_COMP_1,4,16,80,Communication with Nurses,Composite Measure,Ohio,East North Central,2021-10-01,2022-09-30,23.887417218543046
07_2023,OH,H_COMP_2,5,17,78,Communication with Doctors,Composite Measure,Ohio,East North Central,2021-10-01,2022-09-30,23.887417218543046
07_2023,OH,H_COMP_3,10,26,64,Responsiveness of Hospital Staff,Composite Measure,Ohio,East North Central,2021-10-01,2022-09-30,23.887417218543046
07_2023,OH,H_COMP_5,20,19,61,Communication about Medicines,Composite Measure,Ohio,East North Central,2021-10-01,2022-09-30,23.887417218543046
07_2023,OH,H_COMP_6,12,0,88,Discharge Information,Composite Measure,Ohio,East North Central,2021-10-01,2022-09-30,23.887417218543046
07_2023,OH,H_COMP_7,6,43,51,Care Transition,Composite Measure,Ohio,East North Central,2021-10-01,2022-09-30,23.887417218543046
07_2023,OH,H_HSP_RATING,8,21,71,Overall Hospital Rating,Global Item,Ohio,East North Central,2021-10-01,2022-09-30,23.887417218543046
07_2023,OH,H_QUIET_HSP,10,31,59,Quietness of Hospital Environment,Individual Item,Ohio,East North Central,2021-10-01,2022-09-30,23.887417218543046
07_2023,OH,H_RECMND,5,26,69,Willingness to Recommend the Hospital,Global Item,Ohio,East North Central,2021-10-01,2022-09-30,23.887417218543046
07_2023,OK,H_CLEAN_HSP,9,17,74,Cleanliness of Hospital Environment,Individual Item,Oklahoma,West South Central,2021-10-01,2022-09-30,21.88888888888889
07_2023,OK,H_COMP_1,5,15,80,Communication with Nurses,Composite Measure,Oklahoma,West South Central,2021-10-01,2022-09-30,21.88888888888889
07_2023,OK,H_COMP_2,5,14,81,Communication with Doctors,Composite Measure,Oklahoma,West South Central,2021-10-01,2022-09-30,21.88888888888889
07_2023,OK,H_COMP_3,8,22,70,Responsiveness of Hospital Staff,Composite Measure,Oklahoma,West South Central,2021-10-01,2022-09-30,21.88888888888889
07_2023,OK,H_COMP_5,19,17,64,Communication about Medicines,Composite Measure,Oklahoma,West South Central,2021-10-01,2022-09-30,21.88888888888889
07_2023,OK,H_COMP_6,15,0,85,Discharge Information,Composite Measure,Oklahoma,West South Central,2021-10-01,2022-09-30,21.88888888888889
07_2023,OK,H_COMP_7,6,41,53,Care Transition,Composite Measure,Oklahoma,West South Central,2021-10-01,2022-09-30,21.88888888888889
07_2023,OK,H_HSP_RATING,8,20,72,Overall Hospital Rating,Global Item,Oklahoma,West South Central,2021-10-01,2022-09-30,21.88888888888889
07_2023,OK,H_QUIET_HSP,7,25,68,Quietness of Hospital Environment,Individual Item,Oklahoma,West South Central,2021-10-01,2022-09-30,21.88888888888889
07_2023,OK,H_RECMND,6,23,71,Willingness to Recommend the Hospital,Global Item,Oklahoma,West South Central,2021-10-01,2022-09-30,21.88888888888889
07_2023,OR,H_CLEAN_HSP,9,19,72,Cleanliness of Hospital Environment,Individual Item,Oregon,Pacific,2021-10-01,2022-09-30,21.89090909090909
07_2023,OR,H_COMP_1,4,17,79,Communication with Nurses,Composite Measure,Oregon,Pacific,2021-10-01,2022-09-30,21.89090909090909
07_2023,OR,H_COMP_2,5,16,79,Communication with Doctors,Composite Measure,Oregon,Pacific,2021-10-01,2022-09-30,21.89090909090909
07_2023,OR,H_COMP_3,7,26,67,Responsiveness of Hospital Staff,Composite Measure,Oregon,Pacific,2021-10-01,2022-09-30,21.89090909090909
07_2023,OR,H_COMP_5,18,19,63,Communication about Medicines,Composite Measure,Oregon,Pacific,2021-10-01,2022-09-30,21.89090909090909
07_2023,OR,H_COMP_6,12,0,88,Discharge Information,Composite Measure,Oregon,Pacific,2021-10-01,2022-09-30,21.89090909090909
07_2023,OR,H_COMP_7,6,44,50,Care Transition,Composite Measure,Oregon,Pacific,2021-10-01,2022-09-30,21.89090909090909
07_2023,OR,H_HSP_RATING,7,22,71,Overall Hospital Rating,Global Item,Oregon,Pacific,2021-10-01,2022-09-30,21.89090909090909
07_2023,OR,H_QUIET_HSP,11,33,56,Quietness of Hospital Environment,Individual Item,Oregon,Pacific,2021-10-01,2022-09-30,21.89090909090909
07_2023,OR,H_RECMND,5,24,71,Willingness to Recommend the Hospital,Global Item,Oregon,Pacific,2021-10-01,2022-09-30,21.89090909090909
07_2023,PA,H_CLEAN_HSP,10,20,70,Cleanliness of Hospital Environment,Individual Item,Pennsylvania,Mid-Atlantic,2021-10-01,2022-09-30,27.306122448979593
07_2023,PA,H_COMP_1,5,16,79,Communication with Nurses,Composite Measure,Pennsylvania,Mid-Atlantic,2021-10-01,2022-09-30,27.306122448979593
07_2023,PA,H_COMP_2,5,17,78,Communication with Doctors,Composite Measure,Pennsylvania,Mid-Atlantic,2021-10-01,2022-09-30,27.306122448979593
07_2023,PA,H_COMP_3,11,25,64,Responsiveness of Hospital Staff,Composite Measure,Pennsylvania,Mid-Atlantic,2021-10-01,2022-09-30,27.306122448979593
07_2023,PA,H_COMP_5,21,19,60,Communication about Medicines,Composite Measure,Pennsylvania,Mid-Atlantic,2021-10-01,2022-09-30,27.306122448979593
07_2023,PA,H_COMP_6,13,0,87,Discharge Information,Composite Measure,Pennsylvania,Mid-Atlantic,2021-10-01,2022-09-30,27.306122448979593
07_2023,PA,H_COMP_7,6,44,50,Care Transition,Composite Measure,Pennsylvania,Mid-Atlantic,2021-10-01,2022-09-30,27.306122448979593
07_2023,PA,H_HSP_RATING,10,21,69,Overall Hospital Rating,Global Item,Pennsylvania,Mid-Atlantic,2021-10-01,2022-09-30,27.306122448979593
07_2023,PA,H_QUIET_HSP,12,32,56,Quietness of Hospital Environment,Individual Item,Pennsylvania,Mid-Atlantic,2021-10-01,2022-09-30,27.306122448979593
07_2023,PA,H_RECMND,6,26,68,Willingness to Recommend the Hospital,Global Item,Pennsylvania,Mid-Atlantic,2021-10-01,2022-09-30,27.306122448979593
07_2023,RI,H_CLEAN_HSP,8,18,74,Cleanliness of Hospital Environment,Individual Item,Rhode Island,New England,2021-10-01,2022-09-30,25.363636363636363
07_2023,RI,H_COMP_1,5,16,79,Communication with Nurses,Composite Measure,Rhode Island,New England,2021-10-01,2022-09-30,25.363636363636363
07_2023,RI,H_COMP_2,5,16,79,Communication with Doctors,Composite Measure,Rhode Island,New England,2021-10-01,2022-09-30,25.363636363636363
07_2023,RI,H_COMP_3,12,26,62,Responsiveness of Hospital Staff,Composite Measure,Rhode Island,New England,2021-10-01,2022-09-30,25.363636363636363
07_2023,RI,H_COMP_5,22,18,60,Communication about Medicines,Composite Measure,Rhode Island,New England,2021-10-01,2022-09-30,25.363636363636363
07_2023,RI,H_COMP_6,13,0,87,Discharge Information,Composite Measure,Rhode Island,New England,2021-10-01,2022-09-30,25.363636363636363
07_2023,RI,H_COMP_7,6,44,50,Care Transition,Composite Measure,Rhode Island,New England,2021-10-01,2022-09-30,25.363636363636363
07_2023,RI,H_HSP_RATING,10,21,69,Overall Hospital Rating,Global Item,Rhode Island,New England,2021-10-01,2022-09-30,25.363636363636363
07_2023,RI,H_QUIET_HSP,13,33,54,Quietness of Hospital Environment,Individual Item,Rhode Island,New England,2021-10-01,2022-09-30,25.363636363636363
07_2023,RI,H_RECMND,7,23,70,Willingness to Recommend the Hospital,Global Item,Rhode Island,New England,2021-10-01,2022-09-30,25.363636363636363
07_2023,SC,H_CLEAN_HSP,13,20,67,Cleanliness of Hospital Environment,Individual Item,South Carolina,South Atlantic,2021-10-01,2022-09-30,18.228070175438596
07_2023,SC,H_COMP_1,6,15,79,Communication with Nurses,Composite Measure,South Carolina,South Atlantic,2021-10-01,2022-09-30,18.228070175438596
07_2023,SC,H_COMP_2,5,14,81,Communication with Doctors,Composite Measure,South Carolina,South Atlantic,2021-10-01,2022-09-30,18.228070175438596
07_2023,SC,H_COMP_3,13,24,63,Responsiveness of Hospital Staff,Composite Measure,South Carolina,South Atlantic,2021-10-01,2022-09-30,18.228070175438596
07_2023,SC,H_COMP_5,21,18,61,Communication about Medicines,Composite Measure,South Carolina,South Atlantic,2021-10-01,2022-09-30,18.228070175438596
07_2023,SC,H_COMP_6,15,0,85,Discharge Information,Composite Measure,South Carolina,South Atlantic,2021-10-01,2022-09-30,18.228070175438596
07_2023,SC,H_COMP_7,7,42,51,Care Transition,Composite Measure,South Carolina,South Atlantic,2021-10-01,2022-09-30,18.228070175438596
07_2023,SC,H_HSP_RATING,10,21,69,Overall Hospital Rating,Global Item,South Carolina,South Atlantic,2021-10-01,2022-09-30,18.228070175438596
07_2023,SC,H_QUIET_HSP,9,27,64,Quietness of Hospital Environment,Individual Item,South Carolina,South Atlantic,2021-10-01,2022-09-30,18.228070175438596
07_2023,SC,H_RECMND,7,26,67,Willingness to Recommend the Hospital,Global Item,South Carolina,South Atlantic,2021-10-01,2022-09-30,18.228070175438596
07_2023,SD,H_CLEAN_HSP,7,16,77,Cleanliness of Hospital Environment,Individual Item,South Dakota,West North Central,2021-10-01,2022-09-30,31.108695652173914
07_2023,SD,H_COMP_1,3,13,84,Communication with Nurses,Composite Measure,South Dakota,West North Central,2021-10-01,2022-09-30,31.108695652173914
07_2023,SD,H_COMP_2,3,12,85,Communication with Doctors,Composite Measure,South Dakota,West North Central,2021-10-01,2022-09-30,31.108695652173914
07_2023,SD,H_COMP_3,5,19,76,Responsiveness of Hospital Staff,Composite Measure,South Dakota,West North Central,2021-10-01,2022-09-30,31.108695652173914
07_2023,SD,H_COMP_5,14,19,67,Communication about Medicines,Composite Measure,South Dakota,West North Central,2021-10-01,2022-09-30,31.108695652173914
07_2023,SD,H_COMP_6,13,0,87,Discharge Information,Composite Measure,South Dakota,West North Central,2021-10-01,2022-09-30,31.108695652173914
07_2023,SD,H_COMP_7,3,41,56,Care Transition,Composite Measure,South Dakota,West North Central,2021-10-01,2022-09-30,31.108695652173914
07_2023,SD,H_HSP_RATING,5,17,78,Overall Hospital Rating,Global Item,South Dakota,West North Central,2021-10-01,2022-09-30,31.108695652173914
07_2023,SD,H_QUIET_HSP,5,25,70,Quietness of Hospital Environment,Individual Item,South Dakota,West North Central,2021-10-01,2022-09-30,31.108695652173914
07_2023,SD,H_RECMND,2,22,76,Willingness to Recommend the Hospital,Global Item,South Dakota,West North Central,2021-10-01,2022-09-30,31.108695652173914
07_2023,TN,H_CLEAN_HSP,12,19,69,Cleanliness of Hospital Environment,Individual Item,Tennessee,East South Central,2021-10-01,2022-09-30,19.919540229885058
07_2023,TN,H_COMP_1,5,16,79,Communication with Nurses,Composite Measure,Tennessee,East South Central,2021-10-01,2022-09-30,19.919540229885058
07_2023,TN,H_COMP_2,6,13,81,Communication with Doctors,Composite Measure,Tennessee,East South Central,2021-10-01,2022-09-30,19.919540229885058
07_2023,TN,H_COMP_3,12,23,65,Responsiveness of Hospital Staff,Composite Measure,Tennessee,East South Central,2021-10-01,2022-09-30,19.919540229885058
07_2023,TN,H_COMP_5,21,18,61,Communication about Medicines,Composite Measure,Tennessee,East South Central,2021-10-01,2022-09-30,19.919540229885058
07_2023,TN,H_COMP_6,16,0,84,Discharge Information,Composite Measure,Tennessee,East South Central,2021-10-01,2022-09-30,19.919540229885058
07_2023,TN,H_COMP_7,6,44,50,Care Transition,Composite Measure,Tennessee,East South Central,2021-10-01,2022-09-30,19.919540229885058
07_2023,TN,H_HSP_RATING,10,21,69,Overall Hospital Rating,Global Item,Tennessee,East South Central,2021-10-01,2022-09-30,19.919540229885058
07_2023,TN,H_QUIET_HSP,8,28,64,Quietness of Hospital Environment,Individual Item,Tennessee,East South Central,2021-10-01,2022-09-30,19.919540229885058
07_2023,TN,H_RECMND,7,26,67,Willingness to Recommend the Hospital,Global Item,Tennessee,East South Central,2021-10-01,2022-09-30,19.919540229885058
07_2023,TX,H_CLEAN_HSP,9,16,75,Cleanliness of Hospital Environment,Individual Item,Texas,West South Central,2021-10-01,2022-09-30,18.814696485623003
07_2023,TX,H_COMP_1,5,15,80,Communication with Nurses,Composite Measure,Texas,West South Central,2021-10-01,2022-09-30,18.814696485623003
07_2023,TX,H_COMP_2,5,15,80,Communication with Doctors,Composite Measure,Texas,West South Central,2021-10-01,2022-09-30,18.814696485623003
07_2023,TX,H_COMP_3,10,22,68,Responsiveness of Hospital Staff,Composite Measure,Texas,West South Central,2021-10-01,2022-09-30,18.814696485623003
07_2023,TX,H_COMP_5,20,17,63,Communication about Medicines,Composite Measure,Texas,West South Central,2021-10-01,2022-09-30,18.814696485623003
07_2023,TX,H_COMP_6,15,0,85,Discharge Information,Composite Measure,Texas,West South Central,2021-10-01,2022-09-30,18.814696485623003
07_2023,TX,H_COMP_7,6,41,53,Care Transition,Composite Measure,Texas,West South Central,2021-10-01,2022-09-30,18.814696485623003
07_2023,TX,H_HSP_RATING,9,18,73,Overall Hospital Rating,Global Item,Texas,West South Central,2021-10-01,2022-09-30,18.814696485623003
07_2023,TX,H_QUIET_HSP,7,24,69,Quietness of Hospital Environment,Individual Item,Texas,West South Central,2021-10-01,2022-09-30,18.814696485623003
07_2023,TX,H_RECMND,6,22,72,Willingness to Recommend the Hospital,Global Item,Texas,West South Central,2021-10-01,2022-09-30,18.814696485623003
07_2023,UT,H_CLEAN_HSP,8,16,76,Cleanliness of Hospital Environment,Individual Item,Utah,Mountain,2021-10-01,2022-09-30,20.636363636363637
07_2023,UT,H_COMP_1,3,16,81,Communication with Nurses,Composite Measure,Utah,Mountain,2021-10-01,2022-09-30,20.636363636363637
07_2023,UT,H_COMP_2,4,13,83,Communication with Doctors,Composite Measure,Utah,Mountain,2021-10-01,2022-09-30,20.636363636363637
07_2023,UT,H_COMP_3,8,23,69,Responsiveness of Hospital Staff,Composite Measure,Utah,Mountain,2021-10-01,2022-09-30,20.636363636363637
07_2023,UT,H_COMP_5,19,18,63,Communication about Medicines,Composite Measure,Utah,Mountain,2021-10-01,2022-09-30,20.636363636363637
07_2023,UT,H_COMP_6,11,0,89,Discharge Information,Composite Measure,Utah,Mountain,2021-10-01,2022-09-30,20.636363636363637
07_2023,UT,H_COMP_7,5,40,55,Care Transition,Composite Measure,Utah,Mountain,2021-10-01,2022-09-30,20.636363636363637
07_2023,UT,H_HSP_RATING,6,18,76,Overall Hospital Rating,Global Item,Utah,Mountain,2021-10-01,2022-09-30,20.636363636363637
07_2023,UT,H_QUIET_HSP,7,28,65,Quietness of Hospital Environment,Individual Item,Utah,Mountain,2021-10-01,2022-09-30,20.636363636363637
07_2023,UT,H_RECMND,4,20,76,Willingness to Recommend the Hospital,Global Item,Utah,Mountain,2021-10-01,2022-09-30,20.636363636363637
07_2023,VA,H_CLEAN_HSP,11,19,70,Cleanliness of Hospital Environment,Individual Item,Virginia,South Atlantic,2021-10-01,2022-09-30,20.367088607594937
07_2023,VA,H_COMP_1,5,17,78,Communication with Nurses,Composite Measure,Virginia,South Atlantic,2021-10-01,2022-09-30,20.367088607594937
07_2023,VA,H_COMP_2,5,16,79,Communication with Doctors,Composite Measure,Virginia,South Atlantic,2021-10-01,2022-09-30,20.367088607594937
07_2023,VA,H_COMP_3,13,26,61,Responsiveness of Hospital Staff,Composite Measure,Virginia,South Atlantic,2021-10-01,2022-09-30,20.367088607594937
07_2023,VA,H_COMP_5,22,18,60,Communication about Medicines,Composite Measure,Virginia,South Atlantic,2021-10-01,2022-09-30,20.367088607594937
07_2023,VA,H_COMP_6,14,0,86,Discharge Information,Composite Measure,Virginia,South Atlantic,2021-10-01,2022-09-30,20.367088607594937
07_2023,VA,H_COMP_7,6,44,50,Care Transition,Composite Measure,Virginia,South Atlantic,2021-10-01,2022-09-30,20.367088607594937
07_2023,VA,H_HSP_RATING,10,21,69,Overall Hospital Rating,Global Item,Virginia,South Atlantic,2021-10-01,2022-09-30,20.367088607594937
07_2023,VA,H_QUIET_HSP,10,30,60,Quietness of Hospital Environment,Individual Item,Virginia,South Atlantic,2021-10-01,2022-09-30,20.367088607594937
07_2023,VA,H_RECMND,7,25,68,Willingness to Recommend the Hospital,Global Item,Virginia,South Atlantic,2021-10-01,2022-09-30,20.367088607594937
07_2023,VT,H_CLEAN_HSP,8,19,73,Cleanliness of Hospital Environment,Individual Item,Vermont,New England,2021-10-01,2022-09-30,24.928571428571427
07_2023,VT,H_COMP_1,4,15,81,Communication with Nurses,Composite Measure,Vermont,New England,2021-10-01,2022-09-30,24.928571428571427
07_2023,VT,H_COMP_2,4,15,81,Communication with Doctors,Composite Measure,Vermont,New England,2021-10-01,2022-09-30,24.928571428571427
07_2023,VT,H_COMP_3,7,25,68,Responsiveness of Hospital Staff,Composite Measure,Vermont,New England,2021-10-01,2022-09-30,24.928571428571427
07_2023,VT,H_COMP_5,18,18,64,Communication about Medicines,Composite Measure,Vermont,New England,2021-10-01,2022-09-30,24.928571428571427
07_2023,VT,H_COMP_6,12,0,88,Discharge Information,Composite Measure,Vermont,New England,2021-10-01,2022-09-30,24.928571428571427
07_2023,VT,H_COMP_7,5,42,53,Care Transition,Composite Measure,Vermont,New England,2021-10-01,2022-09-30,24.928571428571427
07_2023,VT,H_HSP_RATING,8,21,71,Overall Hospital Rating,Global Item,Vermont,New England,2021-10-01,2022-09-30,24.928571428571427
07_2023,VT,H_QUIET_HSP,12,35,53,Quietness of Hospital Environment,Individual Item,Vermont,New England,2021-10-01,2022-09-30,24.928571428571427
07_2023,VT,H_RECMND,6,24,70,Willingness to Recommend the Hospital,Global Item,Vermont,New England,2021-10-01,2022-09-30,24.928571428571427
07_2023,WA,H_CLEAN_HSP,9,19,72,Cleanliness of Hospital Environment,Individual Item,Washington,Pacific,2021-10-01,2022-09-30,20.383561643835616
07_2023,WA,H_COMP_1,4,18,78,Communication with Nurses,Composite Measure,Washington,Pacific,2021-10-01,2022-09-30,20.383561643835616
07_2023,WA,H_COMP_2,5,16,79,Communication with Doctors,Composite Measure,Washington,Pacific,2021-10-01,2022-09-30,20.383561643835616
07_2023,WA,H_COMP_3,10,26,64,Responsiveness of Hospital Staff,Composite Measure,Washington,Pacific,2021-10-01,2022-09-30,20.383561643835616
07_2023,WA,H_COMP_5,19,20,61,Communication about Medicines,Composite Measure,Washington,Pacific,2021-10-01,2022-09-30,20.383561643835616
07_2023,WA,H_COMP_6,13,0,87,Discharge Information,Composite Measure,Washington,Pacific,2021-10-01,2022-09-30,20.383561643835616
07_2023,WA,H_COMP_7,6,44,50,Care Transition,Composite Measure,Washington,Pacific,2021-10-01,2022-09-30,20.383561643835616
07_2023,WA,H_HSP_RATING,9,22,69,Overall Hospital Rating,Global Item,Washington,Pacific,2021-10-01,2022-09-30,20.383561643835616
07_2023,WA,H_QUIET_HSP,12,32,56,Quietness of Hospital Environment,Individual Item,Washington,Pacific,2021-10-01,2022-09-30,20.383561643835616
07_2023,WA,H_RECMND,6,26,68,Willingness to Recommend the Hospital,Global Item,Washington,Pacific,2021-10-01,2022-09-30,20.383561643835616
07_2023,WI,H_CLEAN_HSP,7,17,76,Cleanliness of Hospital Environment,Individual Item,Wisconsin,East North Central,2021-10-01,2022-09-30,30.729508196721312
07_2023,WI,H_COMP_1,3,15,82,Communication with Nurses,Composite Measure,Wisconsin,East North Central,2021-10-01,2022-09-30,30.729508196721312
07_2023,WI,H_COMP_2,4,15,81,Communication with Doctors,Composite Measure,Wisconsin,East North Central,2021-10-01,2022-09-30,30.729508196721312
07_2023,WI,H_COMP_3,7,24,69,Responsiveness of Hospital Staff,Composite Measure,Wisconsin,East North Central,2021-10-01,2022-09-30,30.729508196721312
07_2023,WI,H_COMP_5,16,19,65,Communication about Medicines,Composite Measure,Wisconsin,East North Central,2021-10-01,2022-09-30,30.729508196721312
07_2023,WI,H_COMP_6,11,0,89,Discharge Information,Composite Measure,Wisconsin,East North Central,2021-10-01,2022-09-30,30.729508196721312
07_2023,WI,H_COMP_7,4,41,55,Care Transition,Composite Measure,Wisconsin,East North Central,2021-10-01,2022-09-30,30.729508196721312
07_2023,WI,H_HSP_RATING,7,18,75,Overall Hospital Rating,Global Item,Wisconsin,East North Central,2021-10-01,2022-09-30,30.729508196721312
07_2023,WI,H_QUIET_HSP,7,28,65,Quietness of Hospital Environment,Individual Item,Wisconsin,East North Central,2021-10-01,2022-09-30,30.729508196721312
07_2023,WI,H_RECMND,4,24,72,Willingness to Recommend the Hospital,Global Item,Wisconsin,East North Central,2021-10-01,2022-09-30,30.729508196721312
07_2023,WV,H_CLEAN_HSP,9,17,74,Cleanliness of Hospital Environment,Individual Item,West Virginia,South Atlantic,2021-10-01,2022-09-30,22.674418604651162
07_2023,WV,H_COMP_1,5,16,79,Communication with Nurses,Composite Measure,West Virginia,South Atlantic,2021-10-01,2022-09-30,22.674418604651162
07_2023,WV,H_COMP_2,6,15,79,Communication with Doctors,Composite Measure,West Virginia,South Atlantic,2021-10-01,2022-09-30,22.674418604651162
07_2023,WV,H_COMP_3,10,22,68,Responsiveness of Hospital Staff,Composite Measure,West Virginia,South Atlantic,2021-10-01,2022-09-30,22.674418604651162
07_2023,WV,H_COMP_5,20,18,62,Communication about Medicines,Composite Measure,West Virginia,South Atlantic,2021-10-01,2022-09-30,22.674418604651162
07_2023,WV,H_COMP_6,16,0,84,Discharge Information,Composite Measure,West Virginia,South Atlantic,2021-10-01,2022-09-30,22.674418604651162
07_2023,WV,H_COMP_7,7,42,51,Care Transition,Composite Measure,West Virginia,South Atlantic,2021-10-01,2022-09-30,22.674418604651162
07_2023,WV,H_HSP_RATING,10,20,70,Overall Hospital Rating,Global Item,West Virginia,South Atlantic,2021-10-01,2022-09-30,22.674418604651162
07_2023,WV,H_QUIET_HSP,11,29,60,Quietness of Hospital Environment,Individual Item,West Virginia,South Atlantic,2021-10-01,2022-09-30,22.674418604651162
07_2023,WV,H_RECMND,7,25,68,Willingness to Recommend the Hospital,Global Item,West Virginia,South Atlantic,2021-10-01,2022-09-30,22.674418604651162
07_2023,WY,H_CLEAN_HSP,9,16,75,Cleanliness of Hospital Environment,Individual Item,Wyoming,Mountain,2021-10-01,2022-09-30,25.46153846153846
07_2023,WY,H_COMP_1,3,16,81,Communication with Nurses,Composite Measure,Wyoming,Mountain,2021-10-01,2022-09-30,25.46153846153846
07_2023,WY,H_COMP_2,5,15,80,Communication with Doctors,Composite Measure,Wyoming,Mountain,2021-10-01,2022-09-30,25.46153846153846
07_2023,WY,H_COMP_3,5,21,74,Responsiveness of Hospital Staff,Composite Measure,Wyoming,Mountain,2021-10-01,2022-09-30,25.46153846153846
07_2023,WY,H_COMP_5,16,17,67,Communication about Medicines,Composite Measure,Wyoming,Mountain,2021-10-01,2022-09-30,25.46153846153846
07_2023,WY,H_COMP_6,14,0,86,Discharge Information,Composite Measure,Wyoming,Mountain,2021-10-01,2022-09-30,25.46153846153846
07_2023,WY,H_COMP_7,5,41,54,Care Transition,Composite Measure,Wyoming,Mountain,2021-10-01,2022-09-30,25.46153846153846
07_2023,WY,H_HSP_RATING,7,22,71,Overall Hospital Rating,Global Item,Wyoming,Mountain,2021-10-01,2022-09-30,25.46153846153846
07_2023,WY,H_QUIET_HSP,6,28,66,Quietness of Hospital Environment,Individual Item,Wyoming,Mountain,2021-10-01,2022-09-30,25.46153846153846
07_2023,WY,H_RECMND,4,26,70,Willingness to Recommend the Hospital,Global Item,Wyoming,Mountain,2021-10-01,2022-09-30,25.46153846153846
